,Open_Interest_All,NonComm_Positions_Long_All,NonComm_Positions_Short_All,Comm_Positions_Long_All,Comm_Positions_Short_All,CFTC_Contract_Market_Code,Market_and_Exchange_Names,CC_Close,HP,NetLong_Comm,Q_Comm,NetLong_NonComm,Q_NonComm,PT_Comm,PT_NonComm,Ret,Ret_Lead,HP_Smooth_52w
2015-01-06,197299,82495,20101,81241,147690,073732,COCOA - ICE FUTURES U.S.,2902.0,0.3367933947967298,-66449,,62394,,,,,0.03066850447966929,
2015-01-13,209171,89168,22655,79662,153876,073732,COCOA - ICE FUTURES U.S.,2991.0,0.35480061767644655,-74214,-3.93565096629988,66513,2.087694311679228,0.033249406948762085,0.08251433068331201,0.03066850447966929,-0.0220661985957874,
2015-01-20,207704,89012,20802,78158,151659,073732,COCOA - ICE FUTURES U.S.,2925.0,0.35387378192042523,-73501,0.3408694321870622,68210,0.8112979332699083,0.01619114338800002,0.018294570819749757,-0.0220661985957874,-0.06222222222222218,
2015-01-27,189249,68778,16204,88032,140458,073732,COCOA - ICE FUTURES U.S.,2743.0,0.27702127884427397,-52426,10.146651003350922,52574,-7.528020644763703,0.09223598406932469,0.2922030547645384,-0.06222222222222218,-0.018957345971563955,
2015-02-03,195184,65457,23317,93762,135168,073732,COCOA - ICE FUTURES U.S.,2691.0,0.21213829002377244,-41406,5.823016237866514,42140,-5.513371272767623,0.048136985104617135,0.1175344132290986,-0.018957345971563955,0.06391675956893339,
2015-02-10,184374,59433,20261,89746,130101,073732,COCOA - ICE FUTURES U.S.,2863.0,0.21887576339397094,-40355,0.5384662677268628,39172,-1.5206164439708172,0.04131509640795644,0.11393580445202901,0.06391675956893339,0.04435906391896616,
2015-02-17,185820,61745,14977,87988,136555,073732,COCOA - ICE FUTURES U.S.,2990.0,0.26136583790765255,-48567,-4.453990258930219,46768,4.119886751928146,0.036572059694579655,0.09900680378509423,0.04435906391896616,0.03076923076923066,
2015-02-24,200520,75094,17962,90048,152394,073732,COCOA - ICE FUTURES U.S.,3082.0,0.3109216038300419,-62346,-7.415240555376171,57132,5.577440533849963,0.07382796710140982,0.17552871389270977,0.03076923076923066,0.005840363400389403,
2015-03-03,215131,83535,24667,92751,157323,073732,COCOA - ICE FUTURES U.S.,3100.0,0.3001520004090531,-64572,-1.1101137043686415,58868,0.8657490524635946,0.03051896638594976,0.13997892830077077,0.005840363400389403,-0.03903225806451616,
2015-03-10,212400,83396,22304,89825,155139,073732,COCOA - ICE FUTURES U.S.,2979.0,0.30750470809792846,-65314,-0.3449061269645007,61092,1.0337887147830858,0.02086020803056776,0.023670766319772944,-0.03903225806451616,-0.06411547499160797,
2015-03-17,208504,72711,22300,100541,151487,073732,COCOA - ICE FUTURES U.S.,2788.0,0.2443406361508652,-50946,6.764595103578154,50411,-5.028719397363465,0.057009538622692715,0.11250276283798719,-0.06411547499160797,-0.0017934002869440802,
2015-03-24,209278,65616,28987,106629,145559,073732,COCOA - ICE FUTURES U.S.,2783.0,0.18602050860577796,-38930,5.762958984000307,36629,-6.6099451329470895,0.04764699351277618,0.1456824836421678,-0.0017934002869440802,-0.030183255479698134,
2015-03-31,216001,64335,32494,112594,147485,073732,COCOA - ICE FUTURES U.S.,2699.0,0.1615316595756501,-34891,1.929968749701354,31841,-2.287865900859144,0.03034078107036708,0.049447995951626064,-0.030183255479698134,0.031863653204890596,
2015-04-07,214176,59880,33898,114987,143424,073732,COCOA - ICE FUTURES U.S.,2785.0,0.1327739802779023,-28437,2.9879491298651395,25982,-2.7124874421877676,0.02497571697799242,0.06247734010108981,0.031863653204890596,0.022621184919209947,
2015-04-14,202022,64518,34936,105885,139279,073732,COCOA - ICE FUTURES U.S.,2848.0,0.16529882884042332,-33394,-2.3144516659196173,29582,1.6808606006275213,0.05403321858021569,0.05707161099603837,0.022621184919209947,-0.026334269662921295,
2015-04-21,186384,60740,25916,97520,133847,073732,COCOA - ICE FUTURES U.S.,2773.0,0.1949040690187999,-36327,-1.4518220787834988,34824,2.5947669065745314,0.059632531864959135,0.14768740768094535,-0.026334269662921295,0.05445366029570864,
2015-04-28,193087,63985,26696,96355,138019,073732,COCOA - ICE FUTURES U.S.,2924.0,0.21577837969412753,-41664,-2.863443214009786,37289,1.3225384153146194,0.02277129715753454,0.04438636539076543,0.05445366029570864,0.004103967168262557,
2015-05-05,195453,63716,27993,97999,139086,073732,COCOA - ICE FUTURES U.S.,2936.0,0.21021422029848608,-41087,0.2988290252580443,35723,-0.8110333683779851,0.011434717506379569,0.017075750471600388,0.004103967168262557,0.0156675749318802,
2015-05-12,200173,69152,26919,96667,145383,073732,COCOA - ICE FUTURES U.S.,2982.0,0.2433694853951332,-48716,-3.903240165154794,42233,3.330724010375896,0.031518281346829165,0.06776238407011481,0.0156675749318802,0.05466130114017442,
2015-05-19,214859,83768,30628,95407,155721,073732,COCOA - ICE FUTURES U.S.,3145.0,0.28071432893199727,-60314,-5.7939882002068215,53140,5.448786799418503,0.0461836195087764,0.16018916745340747,0.05466130114017442,0.0015898251192367763,
2015-05-26,221934,88871,29749,94003,161406,073732,COCOA - ICE FUTURES U.S.,3150.0,0.303707408508836,-67403,-3.299373077227391,59122,2.7841514667758855,0.027755482383157993,0.05042994436014163,0.0015898251192367763,-0.01206349206349211,
2015-06-02,224336,90064,29518,94030,163696,073732,COCOA - ICE FUTURES U.S.,3112.0,0.3105431139005777,-69666,-1.0196725152522823,60546,0.6416321969594564,0.008990167852680754,0.011908146711043469,-0.01206349206349211,-0.0016066838046272514,
2015-06-09,210891,90298,25613,88582,161060,073732,COCOA - ICE FUTURES U.S.,3107.0,0.3436751686890384,-72478,-1.2534769274659439,64685,1.8450003566079454,0.03238237155606829,0.03570843146897188,-0.0016066838046272514,0.04087544254908271,
2015-06-16,209843,94536,29314,85134,159775,073732,COCOA - ICE FUTURES U.S.,3234.0,0.35569926087598824,-74641,-1.0256483206964735,65222,0.25463391040869454,0.01932554540666125,0.06410173597093258,0.04087544254908271,0.008658008658008587,
2015-06-23,215213,98167,30783,84887,162609,073732,COCOA - ICE FUTURES U.S.,3262.0,0.3611398939655132,-77722,-1.4682405417383473,67384,1.030294077000424,0.012448686039370334,0.039550213260953856,0.008658008658008587,0.003985285101165026,
2015-06-30,219185,97996,27933,85190,165970,073732,COCOA - ICE FUTURES U.S.,3275.0,0.3685471177315966,-80780,-1.4209178813547507,70063,1.2448132780082988,0.014588310240484154,0.023989708486528122,0.003985285101165026,-0.005496183206106897,0.2696809745138849
2015-07-07,217524,98269,25281,84695,166277,073732,COCOA - ICE FUTURES U.S.,3257.0,0.37504827053566503,-81582,-0.3659009512512261,72988,1.3344891301868285,0.0031955756020591937,0.02367462565762849,-0.005496183206106897,0.036843721215842784,0.27358346695913605
2015-07-14,224273,100670,28356,81339,164622,073732,COCOA - ICE FUTURES U.S.,3377.0,0.37134652856117323,-83283,-0.781982677773487,72314,-0.3098508670307644,0.02037314858859738,0.04244105839133198,0.036843721215842784,-0.01214095350903166,0.2770750048734945
2015-07-21,226233,101672,28119,80456,163291,073732,COCOA - ICE FUTURES U.S.,3336.0,0.36614905871380393,-82835,0.19975654670869877,73553,0.5524516994912451,0.009083188716168814,0.009546116448752225,-0.01214095350903166,-0.03956834532374098,0.2801465239714362
2015-07-28,214402,94117,22223,77821,155348,073732,COCOA - ICE FUTURES U.S.,3204.0,0.36159644033171334,-77527,2.3462536411575674,71894,-0.7333147684024877,0.045366236506568194,0.1156180161595324,-0.03956834532374098,-0.01217228464419473,0.28286152118344543
2015-08-04,210376,91296,22725,75312,149069,073732,COCOA - ICE FUTURES U.S.,3165.0,0.35059607559797695,-73757,1.758379119597765,68571,-1.5498922584677381,0.03916552649288487,0.02914375422071373,-0.01217228464419473,-0.026224328593996815,0.28504650680972066
2015-08-11,181077,72531,23192,78910,133435,073732,COCOA - ICE FUTURES U.S.,3082.0,0.3011149952782518,-54525,9.141727193215957,49339,-9.141727193215957,0.09056959193764864,0.20091305119981615,-0.026224328593996815,0.0009733939000649006,0.2855486470743623
2015-08-18,175480,68450,23717,79044,129397,073732,COCOA - ICE FUTURES U.S.,3085.0,0.28694438112605425,-50353,2.3039922243023687,44733,-2.5436692677700647,0.020015256115639438,0.049974502804691484,0.0009733939000649006,0.009076175040518608,0.28559094204562563
2015-08-25,172690,65393,22665,78607,126404,073732,COCOA - ICE FUTURES U.S.,3113.0,0.2767791997220453,-47797,1.4565762480054707,42728,-1.1425803510371553,0.016730809566315955,0.046662427036725795,0.009076175040518608,0.010279473176999732,0.28533177315375563
2015-09-01,176190,66592,20932,78885,129509,073732,COCOA - ICE FUTURES U.S.,3145.0,0.28732618196265397,-50624,-1.6370374659795006,45660,1.6978400602235217,0.016233672754493892,0.03349938302636991,0.010279473176999732,0.025119236883942797,0.2853887562625813
2015-09-08,184226,71912,21832,77644,134058,073732,COCOA - ICE FUTURES U.S.,3224.0,0.3062217059481289,-56414,-3.2862250979056697,50080,2.5086554287984564,0.02734976523603934,0.06635091312510667,0.025119236883942797,-0.0018610421836228186,0.2859674493094021
2015-09-15,193821,74928,22691,80343,139702,073732,COCOA - ICE FUTURES U.S.,3218.0,0.3062568039582914,-59359,-1.5985800049938663,52237,1.170844506204336,0.037914971937558224,0.03969514131470308,-0.0018610421836228186,0.029210689869484163,0.28651581024585854
2015-09-22,213628,77935,24700,88973,149732,073732,COCOA - ICE FUTURES U.S.,3312.0,0.2844149643305185,-60759,-0.7223159513159049,53235,0.514908085295195,0.07817180201503948,0.04887221707994349,0.029210689869484163,-0.03925120772946855,0.28646052482703377
2015-09-29,219477,76691,21206,91791,153385,073732,COCOA - ICE FUTURES U.S.,3182.0,0.2806398848170879,-61594,-0.39086636583219425,55485,1.05323272230232,0.026393284823963192,0.04839780585717642,-0.03925120772946855,-0.028284098051539863,0.2863112776472916
2015-10-06,213077,66572,17453,95852,151617,073732,COCOA - ICE FUTURES U.S.,3092.0,0.26171290190869967,-55765,2.6558591560846923,49119,-2.9005317185855466,0.02355446540778845,0.1650937221065159,-0.028284098051539863,0.010672703751616996,0.2856963182538268
2015-10-13,213757,62926,20737,98821,147664,073732,COCOA - ICE FUTURES U.S.,3125.0,0.2284977801896546,-48843,3.24859088498524,42189,-3.2523453962652003,0.028082844797857883,0.08283231536043412,0.010672703751616996,0.024639999999999995,0.2843012319595787
2015-10-20,219306,63838,21307,100289,149847,073732,COCOA - ICE FUTURES U.S.,3202.0,0.22597648947133228,-49558,-0.3344919698536188,42531,0.15999476040550717,0.014596059743499536,0.01740560220799812,0.024639999999999995,-0.0015615240474703418,0.2829125476146204
2015-10-27,220893,63502,21178,102757,151445,073732,COCOA - ICE FUTURES U.S.,3197.0,0.22041440878615437,-48688,0.3967059724768132,42324,-0.09438866241689693,0.015995153460633668,0.005491261218705716,-0.0015615240474703418,0.03127932436659364,0.28145910252558637
2015-11-03,224684,72854,24469,97470,154116,073732,COCOA - ICE FUTURES U.S.,3297.0,0.25211408021933024,-56646,-3.602649246467747,48385,2.7438624130235003,0.031631330837169,0.12990762717959783,0.03127932436659364,-0.008795875037913237,0.28079217020044417
2015-11-10,225919,82989,28566,91925,154038,073732,COCOA - ICE FUTURES U.S.,3268.0,0.27493482177240514,-62113,-2.433195065069164,54423,2.687329760908654,0.02286116204469778,0.12757832459324997,-0.008795875037913237,0.026315789473684292,0.2806620069020433
2015-11-17,233700,99828,32089,81968,157116,073732,COCOA - ICE FUTURES U.S.,3354.0,0.32155755241762946,-75148,-5.769767040399435,67739,5.894147902566849,0.05452058690669388,0.15435463207926195,0.026315789473684292,-0.007453786523553996,0.28155104050020824
2015-11-24,241947,106032,37554,84054,159526,073732,COCOA - ICE FUTURES U.S.,3329.0,0.31193608517567895,-75472,-0.1386392811296534,68478,0.3162173727000428,0.018458001477953855,0.08126836878247183,-0.007453786523553996,-0.00030039050765995334,0.2821975308124523
2015-12-01,246943,108179,40439,84864,160659,073732,COCOA - ICE FUTURES U.S.,3328.0,0.30693317891173266,-75795,-0.133500312051813,67740,-0.30502548078711456,0.007913718877661156,0.03385861739493198,-0.00030039050765995334,-0.005709134615384581,0.28271285681452063
2015-12-08,242561,108156,37090,83716,160981,073732,COCOA - ICE FUTURES U.S.,3309.0,0.31853842950845357,-77265,-0.5952790724985119,71066,1.3468695204966328,0.006007429596603146,0.023215785632650813,-0.005709134615384581,0.005741915986702928,0.2834439909511315
2015-12-15,237262,107593,35530,78792,156711,073732,COCOA - ICE FUTURES U.S.,3328.0,0.32840910048806804,-77919,-0.2696228989821117,72063,0.4110306273473477,0.03903984237992722,0.014833395051808584,0.005741915986702928,-0.039362980769230727,0.28434329314187023
2015-12-22,224794,90793,25983,81959,152040,073732,COCOA - ICE FUTURES U.S.,3197.0,0.31175654154470317,-70081,3.3035210020989454,64810,-3.0569581306741074,0.03349586964046855,0.22561999040898814,-0.039362980769230727,0.0043791054113231365,0.28488080781643554
2015-12-29,221804,86942,23737,82290,151778,073732,COCOA - ICE FUTURES U.S.,3211.0,0.3132856035057979,-69488,0.2637970764344244,63205,-0.7139870281235264,0.0025334518174205786,0.05508723425401386,0.0043791054113231365,-0.047337278106508895,0.2854270538873849
2016-01-05,222486,80880,21529,84553,149094,073732,COCOA - ICE FUTURES U.S.,3059.0,0.29009016297654683,-64541,2.230347514021388,59351,-1.7375701069412637,0.021172966055630932,0.08075462117587322,-0.047337278106508895,-0.06505393919581559,0.2845289148139198
2016-01-12,219892,76365,32917,89090,135783,073732,COCOA - ICE FUTURES U.S.,2860.0,0.21234515125607117,-46693,8.022077793658926,43448,-7.147865483670883,0.0793692439732649,0.14552259292472686,-0.06505393919581559,0.025874125874125964,0.281789386613528
2016-01-19,226605,72311,34657,97254,137096,073732,COCOA - ICE FUTURES U.S.,2934.0,0.1758213631649787,-39842,3.1156203954668658,37654,-2.6349298746657452,0.040439513548111795,0.054165731807643405,0.025874125874125964,-0.03578732106339466,0.2783653016374617
2016-01-26,236396,76882,38196,106355,146695,073732,COCOA - ICE FUTURES U.S.,2829.0,0.1706458654122743,-40340,-0.2197656715429933,38686,0.4554180181372874,0.07389843904366726,0.07047393941500547,-0.03578732106339466,-0.02403676210675154,0.2763196206099232
2016-02-02,239603,76448,40366,104388,142417,073732,COCOA - ICE FUTURES U.S.,2761.0,0.15871671055871586,-38029,0.9775969136533613,36082,-1.1015414812433375,0.025303377160106156,0.02229184857979352,-0.02403676210675154,0.02752625860195579,0.2752922825432875
2016-02-09,225354,70205,38751,106459,139412,073732,COCOA - ICE FUTURES U.S.,2837.0,0.14622771284290495,-32953,2.1185043592943327,31454,-1.9315284032336824,0.0206449723635565,0.07212085612540842,0.02752625860195579,-0.015509340853013698,0.2738952046480747
2016-02-16,227359,66657,37137,109931,140548,073732,COCOA - ICE FUTURES U.S.,2793.0,0.1346636816664394,-30617,1.0365913185477071,29520,-0.8582053125305076,0.018396751823506162,0.04973312522881862,-0.015509340853013698,0.02828499820981034,0.2714586247203591
2016-02-23,236692,67297,34299,114570,149621,073732,COCOA - ICE FUTURES U.S.,2872.0,0.14808696533892146,-35051,-1.9502196966031695,32998,1.5297393109575605,0.05190184374183829,0.03423363124532462,0.02828499820981034,0.017757660167130984,0.2683271893647606
2016-03-01,238761,67177,32481,110231,148350,073732,COCOA - ICE FUTURES U.S.,2923.0,0.15965337722659897,-38119,-1.296199280077062,34696,0.7173879979044496,0.02169532950990212,0.01944650705412511,0.017757660167130984,0.010605542251111766,0.265625292765098
2016-03-08,236257,63713,27322,108505,149328,073732,COCOA - ICE FUTURES U.S.,2954.0,0.17279064747287912,-40823,-1.13251326640448,36391,0.7099149358563585,0.010487408516365244,0.09472181029274455,0.010605542251111766,0.015233581584292555,0.26303463775307784
2016-03-15,235299,65164,25568,105781,150567,073732,COCOA - ICE FUTURES U.S.,2999.0,0.19033655051657677,-44786,-1.6774106164050167,39596,1.3565735618415538,0.015459453555323233,0.03532381078340607,0.015233581584292555,0.01200400133377788,0.26199609764472614
2016-03-22,242761,66628,25465,108063,154919,073732,COCOA - ICE FUTURES U.S.,3035.0,0.1930128809817063,-46856,-0.8797317455662794,41163,0.6659611813054879,0.025226061099238733,0.017015408337224328,0.01200400133377788,-0.021416803953871466,0.26213056634426324
2016-03-29,238510,66391,25586,109238,153773,073732,COCOA - ICE FUTURES U.S.,2970.0,0.18672173074504214,-44535,0.9560843792866234,40805,-0.14747014553408497,0.008824725962032006,0.0038922774171803822,-0.021416803953871466,-0.029629629629629672,0.2626149907898285
2016-04-05,234720,70617,31162,105707,146915,073732,COCOA - ICE FUTURES U.S.,2882.0,0.17556237218813905,-41208,1.3949100666638716,39455,-0.5660140036057189,0.04112468431094679,0.09630670374045726,-0.029629629629629672,0.017349063150589927,0.26343784448040997
2016-04-12,225819,71945,34313,98692,139381,073732,COCOA - ICE FUTURES U.S.,2932.0,0.18018412976764578,-40689,0.22111451942740284,37632,-0.7766700749829585,0.06111150781482991,0.042152120310941295,0.017349063150589927,0.03785811732605726,0.2637241002674719
2016-04-19,232194,76771,33802,98390,146442,073732,COCOA - ICE FUTURES U.S.,3043.0,0.2069476386125395,-48052,-3.260575947993747,42969,2.3633972340679925,0.030073683178669455,0.04826675589881797,0.03785811732605726,0.04534998356884645,0.2639557073750438
2016-04-26,239023,82333,29827,97165,155401,073732,COCOA - ICE FUTURES U.S.,3181.0,0.24364182526367756,-58236,-4.385987579351749,52506,4.107341274968346,0.04032213362051899,0.08503031383737518,0.04534998356884645,-0.0009430996541968106,0.2644915428667659
2016-05-03,250904,90394,30626,95842,161628,073732,COCOA - ICE FUTURES U.S.,3178.0,0.26219589962694895,-65786,-3.1586918413709144,59768,3.038201344640474,0.02932380471511244,0.0732110394976037,-0.0009430996541968106,-0.03052234109502827,0.26549119054615944
2016-05-10,245287,88309,27611,98701,164117,073732,COCOA - ICE FUTURES U.S.,3081.0,0.26669167138902594,-65416,0.14746676019513438,60698,0.37065969454452696,0.020348682358133766,0.04399585921325052,-0.03052234109502827,-0.05907172995780585,0.2659396941229651
2016-05-17,242102,83141,28776,100349,159727,073732,COCOA - ICE FUTURES U.S.,2899.0,0.24526026220353406,-59378,2.4616062000839833,54365,-2.5818734788227666,0.023216290622741043,0.056586577553008034,-0.05907172995780585,0.018627112797516387,0.2652578851474177
2016-05-24,237330,71189,33758,108517,150379,073732,COCOA - ICE FUTURES U.S.,2953.0,0.176387308810517,-41862,7.234967079991078,37431,-6.99457253554287,0.06765651072245225,0.161357637664726,0.018627112797516387,0.03589569928885883,0.2628094216916808
2016-05-31,220225,66841,34780,109932,147185,073732,COCOA - ICE FUTURES U.S.,3059.0,0.16915881484845044,-37253,1.9420216576075506,32061,-2.2626722285425354,0.01792569141674802,0.05284340835063619,0.03589569928885883,0.009480222294867557,0.2600904928637553
2016-06-07,206203,65104,29986,101152,142145,073732,COCOA - ICE FUTURES U.S.,3088.0,0.19879924152412914,-40993,-1.6982631399704846,35118,1.3881257804518106,0.056803002092093206,0.06868230097802082,0.009480222294867557,0.018458549222797993,0.25730441734135323
2016-06-14,198008,69947,26356,91517,140230,073732,COCOA - ICE FUTURES U.S.,3145.0,0.24601531251262576,-48713,-3.743883454653909,43591,4.10905757918168,0.04983883286515036,0.08798272120287011,0.018458549222797993,0.015898251192368873,0.25519511064205774
2016-06-21,187149,68036,23835,85045,133659,073732,COCOA - ICE FUTURES U.S.,3195.0,0.25976093914474563,-48614,0.04999797987960083,44201,0.3080683608743081,0.05963768381008121,0.04824155609495923,0.015898251192368873,-0.04538341158059467,0.25324551535704304
2016-06-28,196474,73564,29173,86688,135862,073732,COCOA - ICE FUTURES U.S.,3050.0,0.25028248012459664,-49174,-0.2992268192723445,44391,0.10152338511025974,0.0172815097730847,0.10576520630347391,-0.04538341158059467,0.017704918032786843,0.25097119540306223
2016-07-05,205072,77127,28197,91103,144841,073732,COCOA - ICE FUTURES U.S.,3104.0,0.26204455020675665,-53738,-2.3229536732595664,48930,2.3102293433227805,0.05676770759163191,0.04309559074854734,0.017704918032786843,0.01578608247422686,0.24879804693519864
2016-07-12,213944,78525,28469,94329,150129,073732,COCOA - ICE FUTURES U.S.,3153.0,0.2608159144449015,-55800,-1.0055005071389562,50056,0.5490754466723882,0.03482806862528533,0.01560835187019833,0.01578608247422686,-0.04915953060577227,0.24667245820219336
2016-07-19,217124,76560,25453,93465,149442,073732,COCOA - ICE FUTURES U.S.,2998.0,0.25781120465724655,-55977,-0.08273192985080208,51107,0.4912500467412033,0.006385159752497869,0.048827110270259676,-0.04915953060577227,-0.049032688458972684,0.24458903793187498
2016-07-26,218588,74141,37009,97518,135728,073732,COCOA - ICE FUTURES U.S.,2851.0,0.17480374037001117,-38210,8.182881671303035,37132,-6.436414214918663,0.07617279610368452,0.12573099415204678,-0.049032688458972684,0.015783935461241683,0.24099687062491915
2016-08-02,229453,79447,46449,103045,139005,073732,COCOA - ICE FUTURES U.S.,2896.0,0.1567205484347557,-35960,1.029333723717679,32998,-1.8912291617106156,0.036372650278868005,0.11712842346063418,0.015783935461241683,0.027624309392265234,0.23726849510254955
2016-08-09,210891,68362,45985,98279,123675,073732,COCOA - ICE FUTURES U.S.,2976.0,0.12042239830054388,-25396,4.603992974596104,22377,-4.628834663307954,0.09054128332897808,0.10099958897041461,0.027624309392265234,0.021841397849462263,0.2337936374683628
2016-08-16,198224,70037,39391,92063,126308,073732,COCOA - ICE FUTURES U.S.,3041.0,0.17275910081523932,-34245,-4.196006467796161,30646,3.920982877410605,0.040522780039474106,0.07556566875022847,0.021841397849462263,-0.0006576783952647602,0.23159776669315485
2016-08-23,194897,74262,32017,85331,131442,073732,COCOA - ICE FUTURES U.S.,3039.0,0.23659163558187146,-46111,-5.986157074824441,42245,5.851460973444184,0.05473928948715938,0.10913727076844908,-0.0006576783952647602,-0.04146100691016785,0.23082492892122847
2016-08-30,193120,74829,34871,84783,127835,073732,COCOA - ICE FUTURES U.S.,2913.0,0.22292874896437448,-43052,1.5695469914878115,39958,-1.1734403300204723,0.019542089569086343,0.031185050136736555,-0.04146100691016785,0.012015104703055224,0.2295865167481846
2016-09-06,196846,74322,39375,88171,126059,073732,COCOA - ICE FUTURES U.S.,2948.0,0.19247533604950062,-37888,2.6739850869925434,34947,-2.5947597348798674,0.024104933949493534,0.04407328249645989,0.012015104703055224,-0.04274084124830391,0.22739908655782634
2016-09-13,206611,68361,47708,101827,123824,073732,COCOA - ICE FUTURES U.S.,2822.0,0.10646577384553581,-21997,8.07280818507869,20653,-7.261514076994198,0.07042290971455921,0.12315088438773489,-0.04274084124830391,0.015591778880226892,0.2235569513633503
2016-09-20,216181,67636,50465,111370,130282,073732,COCOA - ICE FUTURES U.S.,2866.0,0.08748224867125233,-18912,1.493144121077774,17171,-1.6852926514077178,0.06621505305149554,0.029483238922617082,0.015591778880226892,0.0006978367062107083,0.21976978375451825
2016-09-27,220380,72853,49673,112751,138012,073732,COCOA - ICE FUTURES U.S.,2868.0,0.1146247390870315,-25261,-2.936890846096558,23180,2.7796152298305588,0.03633311134417757,0.04904265217178395,0.0006978367062107083,-0.018479776847977636,0.216577184798171
2016-10-04,235123,75195,52642,122108,147476,073732,COCOA - ICE FUTURES U.S.,2815.0,0.10789246479502218,-25368,-0.04855250022688084,22553,-0.28450857609583446,0.06981497418244406,0.04154509257883086,-0.018479776847977636,-0.05328596802841923,0.21361909946906185
2016-10-11,253437,82444,57351,131663,157289,073732,COCOA - ICE FUTURES U.S.,2665.0,0.10111388629126765,-25626,-0.10972980099777563,25093,1.0802856377300392,0.06702843378831086,0.08553954004077399,-0.05328596802841923,0.012382739212007499,0.21116940920178517
2016-10-18,254290,85170,54524,128690,161447,073732,COCOA - ICE FUTURES U.S.,2698.0,0.12881749184002517,-32757,-2.813717018430616,30646,2.1910770724085276,0.02457804416534258,0.03975117041533638,0.012382739212007499,0.01371386212008896,0.20930096693964464
2016-10-25,261863,87449,54895,125560,160762,073732,COCOA - ICE FUTURES U.S.,2735.0,0.1344290716901586,-35202,-0.9615006488654685,32554,0.7503244327342797,0.013324159512716451,0.018616871803518238,0.01371386212008896,-0.014259597806215774,0.20764740276472166
2016-11-01,260081,89078,54416,120660,156582,073732,COCOA - ICE FUTURES U.S.,2696.0,0.1381185092336618,-35922,-0.27495293340410826,34662,0.8050010883553613,0.032751170457578575,0.014690509707722971,-0.014259597806215774,-0.07232937685459939,0.20545518024576648
2016-11-08,239219,83089,59512,120798,147116,073732,COCOA - ICE FUTURES U.S.,2501.0,0.11001634485555077,-26318,3.6926957370972886,23577,-4.262133719879576,0.035847324141328935,0.07773437773928654,-0.07232937685459939,-0.049180327868852514,0.20228367107428852
2016-11-15,236765,81417,66020,123385,140614,073732,COCOA - ICE FUTURES U.S.,2378.0,0.07276835680949464,-17229,3.799447368311046,15397,-3.4194608287803225,0.03442816071272997,0.055481324226618826,-0.049180327868852514,0.025651808242220353,0.19749926346643976
2016-11-22,242224,78555,70423,126467,137903,073732,COCOA - ICE FUTURES U.S.,2439.0,0.04721249752295396,-11436,2.4467298798386583,8132,-3.0684433932380206,0.021912471157846957,0.04876558955013492,0.025651808242220353,-0.013940139401394047,0.19240842524234886
2016-11-29,246969,80869,70836,127649,139872,073732,COCOA - ICE FUTURES U.S.,2405.0,0.049492041511282794,-12223,-0.3249058722504789,10033,0.7848107536825417,0.011778514583901825,0.01797567647737385,-0.013940139401394047,-0.024116424116424118,0.1874576341384941
2016-12-06,253550,76535,68696,136475,145787,073732,COCOA - ICE FUTURES U.S.,2347.0,0.03672648392821928,-9312,1.1786904429300844,7839,-0.888370605217659,0.05222452898371017,0.0445772596759645,-0.024116424116424118,-0.027694929697486104,0.1820381736465665
2016-12-13,255302,70317,71732,145663,145200,073732,COCOA - ICE FUTURES U.S.,2282.0,-0.0018135384760009715,463,3.8552553736935518,-1415,-3.649773220272136,0.03360688709117351,0.0651465339425128,-0.027694929697486104,-0.011393514460999121,0.1756877382818729
2016-12-20,250327,65908,68186,144507,144257,073732,COCOA - ICE FUTURES U.S.,2256.0,-0.0009986937086291132,250,-0.08343060375555224,-2278,-0.33803103775136895,0.007268911637184691,0.05932405625904216,-0.011393514460999121,-0.008421985815602828,0.16967321452700113
2016-12-27,253726,64489,66102,146493,146279,073732,COCOA - ICE FUTURES U.S.,2237.0,-0.000843429526339437,214,-0.01438118940425923,-1613,0.2656525264953441,0.013689833727269,0.026824206874899496,-0.008421985815602828,-0.03173893607510059,0.1636322715840754
2017-01-03,277169,63988,65806,160593,160962,073732,COCOA - ICE FUTURES U.S.,2166.0,0.00133131771590618,-369,-0.22977542703546344,-1818,-0.08079581911195542,0.0895119030958934,0.006140499560842566,-0.03173893607510059,0.018928901200369275,0.15807921686752457
2017-01-10,278267,63248,65611,158087,159300,073732,COCOA - ICE FUTURES U.S.,2207.0,0.004359122713077728,-1213,-0.3045073583265084,-2363,-0.19663093636012688,0.013132232889185757,0.007255992984580045,0.018928901200369275,0.012686905301314111,0.15407948554939008
2017-01-17,278653,66086,65256,152077,157598,073732,COCOA - ICE FUTURES U.S.,2235.0,0.019813172655596747,-5521,-1.548153392245577,830,1.1474590950418124,0.02490352789214499,0.02431057848974433,0.012686905301314111,-0.015212527964205802,0.1510793280395943
2017-01-24,272785,66112,69449,146883,148846,073732,COCOA - ICE FUTURES U.S.,2201.0,0.0071961434829627725,-1963,1.2768568793445612,-3337,-1.4954082676303504,0.04715803996226275,0.03112252048893118,-0.015212527964205802,-0.044525215810995,0.1479360641563383
2017-01-31,269059,67278,72903,143253,143072,073732,COCOA - ICE FUTURES U.S.,2103.0,-0.000672714906395995,181,0.7859669703246147,-5625,-0.8387557966897007,0.03284379638522658,0.03295739080189184,-0.044525215810995,-0.04660009510223495,0.14487088289739386
2017-02-07,260157,57497,73929,141191,131233,073732,COCOA - ICE FUTURES U.S.,2005.0,-0.03827688664921566,9958,3.633775491620797,-16432,-4.016591156586474,0.05102707544122397,0.08222878273705356,-0.04660009510223495,-0.03790523690773062,0.14132271752254538
2017-02-14,261781,63036,79664,142832,132801,073732,COCOA - ICE FUTURES U.S.,1929.0,-0.038318288951451784,10031,0.028059979166426427,-16628,-0.0753391221454737,0.011642292468608621,0.07900490539593553,-0.03790523690773062,0.05235873509590472,0.137996141164509
2017-02-21,269538,67381,83606,144746,134722,073732,COCOA - ICE FUTURES U.S.,2030.0,-0.0371895613976508,10024,-0.002673990854951276,-16225,0.1539454735064806,0.013722501323944066,0.054885519945425766,0.05235873509590472,-0.042857142857142816,0.13443313103495955
2017-02-28,281942,71910,95001,155350,140177,073732,COCOA - ICE FUTURES U.S.,1943.0,-0.053816033084818866,15173,1.9103057824870706,-23091,-2.5473217134504225,0.0543402125694099,0.0954041375343746,-0.042857142857142816,0.0036026762738035067,0.13032795006743225
2017-03-07,292026,73221,97734,159309,143514,073732,COCOA - ICE FUTURES U.S.,1950.0,-0.054087649729818575,15795,0.22061275014009976,-24513,-0.5043590525710961,0.024093282214362844,0.0236553478985698,0.0036026762738035067,0.0723076923076924,0.1259649058904573
2017-03-14,284966,73996,93463,151358,139734,073732,COCOA - ICE FUTURES U.S.,2091.0,-0.040790831186878436,11624,-1.4282974803613377,-19467,1.7279283351482402,0.04029997389141577,0.030132748911673904,0.0723076923076924,0.03012912482065988,0.12152014855000627
2017-03-21,281932,68433,80826,151679,146372,073732,COCOA - ICE FUTURES U.S.,2154.0,-0.018823687981499086,5307,-2.2167556831341284,-12393,2.482401409290933,0.023348353134195154,0.12193569566994285,0.03012912482065988,-0.0116063138347261,0.11744636837763692
2017-03-28,281950,64666,72189,156228,154447,073732,COCOA - ICE FUTURES U.S.,2129.0,-0.006316722823195602,1781,-1.2506561865981867,-7523,1.7273668827944326,0.04063410316246882,0.09063607467757846,-0.0116063138347261,-0.008924377642085535,0.1137340904244016
2017-04-04,283269,64143,67457,156479,160300,073732,COCOA - ICE FUTURES U.S.,2110.0,0.013488945136954627,-3821,-1.9868771058698351,-3314,1.4928178755098422,0.01926895406576825,0.03993161094224924,-0.008924377642085535,-0.06540284360189574,0.11061729375034034
2017-04-11,277517,60226,74977,157399,150115,073732,COCOA - ICE FUTURES U.S.,1972.0,-0.026247040721829654,7284,3.920301903844049,-14751,-4.037504986426329,0.03611217700657531,0.08459131823997988,-0.06540284360189574,-0.022312373225152116,0.10664746354861966
2017-04-18,278286,67158,88863,156076,143290,073732,COCOA - ICE FUTURES U.S.,1928.0,-0.04594553804359544,12786,1.9825812472749418,-21705,-2.505792437940739,0.027217519691614945,0.13343075611616384,-0.022312373225152116,-0.0295643153526971,0.10178413322830937
2017-04-25,294148,74420,97803,161750,147119,073732,COCOA - ICE FUTURES U.S.,1871.0,-0.04974026680446578,14631,0.662986998986654,-23383,-0.6029767936583228,0.03076708896004455,0.09407570417423922,-0.0295643153526971,-0.03527525387493324,0.09614216991930663
2017-05-02,307188,76388,107500,166689,144314,073732,COCOA - ICE FUTURES U.S.,1805.0,-0.07283813169785278,22375,2.632688306566762,-31112,-2.6275888328324517,0.02490008134969759,0.06343535195336292,-0.03527525387493324,0.10249307479224368,0.08969920777844506
2017-05-09,302972,73462,104209,162743,139453,073732,COCOA - ICE FUTURES U.S.,1990.0,-0.07687179013242147,23290,0.2978631977811633,-30747,0.11881974556297772,0.029143337436630532,0.034991641854889094,0.10249307479224368,0.022110552763819014,0.08309221813380184
2017-05-16,292663,66758,92434,160248,140152,073732,COCOA - ICE FUTURES U.S.,2034.0,-0.0686660083440681,20096,-1.0542228324729679,-25676,1.673752029890551,0.01063249001331558,0.11607995376652093,0.022110552763819014,-0.006391347099311662,0.07705517446942485
2017-05-23,287345,63523,82927,164132,148405,073732,COCOA - ICE FUTURES U.S.,2021.0,-0.054732116445387946,15727,-1.4928433044149756,-19404,2.1430792413116793,0.03883380207783398,0.08700580402867873,-0.006391347099311662,0.007916872835230127,0.07261057013758053
2017-05-30,288943,63646,83114,165124,150898,073732,COCOA - ICE FUTURES U.S.,2037.0,-0.04923462413001872,14226,-0.5223685813221042,-19468,-0.022272877551375525,0.011027713260469208,0.0021122921777050967,0.007916872835230127,-0.030436917034855182,0.06841069631107152
2017-06-06,271462,58530,79337,153026,136423,073732,COCOA - ICE FUTURES U.S.,1975.0,-0.061161414857328095,16603,0.8226536029597532,-20807,-0.46341319914308354,0.09180546486600402,0.0645041960730269,-0.030436917034855182,0.023797468354430418,0.06341145291912041
2017-06-13,249156,55476,77869,136724,121971,073732,COCOA - ICE FUTURES U.S.,2022.0,-0.05921189937228082,14753,-0.681495015876992,-22393,-0.584243835232924,0.11888130810413808,0.033912032697139,0.023797468354430418,-0.07121661721068251,0.057541698844410676
2017-06-20,242883,52539,77596,137875,118649,073732,COCOA - ICE FUTURES U.S.,1878.0,-0.0791574544122067,19226,1.795260800462361,-25057,-1.069209651784424,0.017436964962342705,0.024666692281092712,-0.07121661721068251,-0.027156549520766737,0.051024037429853904
2017-06-27,261679,56831,95087,146835,115349,073732,COCOA - ICE FUTURES U.S.,1827.0,-0.12032299114564027,31486,5.047697862756966,-38256,-5.434303759423261,0.04676105330607512,0.1433865638041575,-0.027156549520766737,-0.02572523262178439,0.04389700913619549
2017-07-11,274523,58015,100966,149176,115085,073732,COCOA - ICE FUTURES U.S.,1780.0,-0.12418267321863742,34091,0.9954944798780184,-42951,-1.7941829493386936,0.009857678582916132,0.04442669249784566,-0.02572523262178439,0.07359550561797756,0.036469562531861
2017-07-18,278949,58752,105029,150388,112172,073732,COCOA - ICE FUTURES U.S.,1911.0,-0.136999953396499,38216,1.5026063389952755,-46277,-1.211556044484433,0.015710694698354663,0.029307428822635106,0.07359550561797756,0.007849293563579218,0.02881925738106483
2017-07-25,277676,53787,94621,156742,122719,073732,COCOA - ICE FUTURES U.S.,1926.0,-0.1225276941471355,34023,-1.5031421514326992,-40834,1.9512527379556837,0.060477132766289396,0.10358606005067113,0.007849293563579218,0.05036344755970923,0.021505047788672866
2017-08-01,264550,53372,81989,149138,126313,073732,COCOA - ICE FUTURES U.S.,2023.0,-0.08627858627858628,22825,-4.032757602385514,-28617,4.399732061827454,0.04065332854119245,0.09638669927083872,0.05036344755970923,-0.0024715768660404924,0.016484233814661377
2017-08-08,247413,53937,75035,134359,118355,073732,COCOA - ICE FUTURES U.S.,2018.0,-0.06468536414820564,16004,-2.5783405783405784,-21098,2.842184842184842,0.08997127187255158,0.05829947585522439,-0.0024715768660404924,-0.07581764122893953,0.012226427803450584
2017-08-15,229231,53226,81602,127496,105387,073732,COCOA - ICE FUTURES U.S.,1865.0,-0.0964485606222544,22109,2.4675340422694036,-28376,-2.9416400916685865,0.08515434789143046,0.05397988548372742,-0.07581764122893953,0.03109919571045583,0.008055832439550617
2017-08-22,241773,58867,98490,131050,99495,073732,COCOA - ICE FUTURES U.S.,1923.0,-0.130514987198736,31555,4.120734106643517,-39623,-4.906404456639809,0.04097247825804073,0.14317126025534294,0.03109919571045583,0.02808112324492984,0.0022236384392818605
2017-08-29,247682,59879,97288,133518,104195,073732,COCOA - ICE FUTURES U.S.,1977.0,-0.11838970938542163,29323,-0.9231800076931668,-37409,0.915735007631125,0.030154009246444242,0.014086926644906373,0.02808112324492984,-0.0015174506828528056,-0.004602925887012237
2017-09-05,248497,59794,100034,132630,99935,073732,COCOA - ICE FUTURES U.S.,1974.0,-0.13157100488134665,32695,1.3614231151234244,-40240,-1.1429978763091384,0.022135746995463633,0.017712791250594388,-0.0015174506828528056,0.012664640324214771,-0.011420228845583798
2017-09-12,261699,63839,101535,138373,109431,073732,COCOA - ICE FUTURES U.S.,1999.0,-0.11059270383150108,28942,-1.51027980217065,-37696,1.0237548139414159,0.06149618246678827,0.03353610603843409,0.012664640324214771,-0.017008504252126078,-0.017248460381756908
2017-09-19,261183,61716,92237,139125,116385,073732,COCOA - ICE FUTURES U.S.,1965.0,-0.08706539093279425,22740,-2.3698982418732975,-30521,2.7416994333184306,0.03015928926460804,0.07418497853240924,-0.017008504252126078,0.003053435114503733,-0.02097021355057095
2017-09-26,257041,61819,86901,140797,122161,073732,COCOA - ICE FUTURES U.S.,1971.0,-0.07250205220178882,18636,-1.5713120685496376,-25082,2.08244793880153,0.028323914845716808,0.036572081764389454,0.003053435114503733,0.05631659056316596,-0.024046834721206355
2017-10-03,254019,61950,80885,139004,127926,073732,COCOA - ICE FUTURES U.S.,2082.0,-0.04361091099484684,11078,-2.9403869421609783,-18935,2.3914472788387844,0.028314539392350055,0.04303567052893199,0.05631659056316596,-0.01777137367915471,-0.027089827992011706
2017-10-10,247572,65347,78873,134874,127989,073732,COCOA - ICE FUTURES U.S.,2045.0,-0.02781009160971354,6885,-1.6506639267141434,-13526,2.1293682756014314,0.015951274998763615,0.03750520038829566,-0.01777137367915471,0.00929095354523235,-0.02969949253825662
2017-10-17,250176,65971,76728,137274,132891,073732,COCOA - ICE FUTURES U.S.,2064.0,-0.017519666155026863,4383,-1.0106150937908973,-10757,1.1184625078764965,0.02702792737771362,0.019404480760201542,0.00929095354523235,0.009689922480620172,-0.031980907008377676
2017-10-24,258702,67515,68218,141291,147065,073732,COCOA - ICE FUTURES U.S.,2084.0,0.022319116203199048,-5774,-4.0599418009721155,-703,4.018770785367102,0.06308521411033584,0.07407189113922186,0.009689922480620172,0.004798464491362786,-0.03402895269370125
2017-10-31,265717,67341,65956,149302,158780,073732,COCOA - ICE FUTURES U.S.,2094.0,0.03566952810697095,-9478,-1.4317631869873444,1385,0.8071062457963216,0.0640284080212411,0.01827497993203148,0.004798464491362786,0.03295128939828085,-0.03592817468568563
2017-11-07,251036,72345,66493,132959,147737,073732,COCOA - ICE FUTURES U.S.,2163.0,0.05886805079749518,-14778,-1.994603280934227,5852,1.6811118596100363,0.09756462507481403,0.03990982295913222,0.03295128939828085,-0.006472491909385147,-0.037452221963304215
2017-11-14,237019,76424,59589,114349,140892,073732,COCOA - ICE FUTURES U.S.,2149.0,0.11198680274577144,-26543,-4.686578817380774,16835,4.37506971111713,0.09972927546906649,0.08074963422614015,-0.006472491909385147,-0.021870637505816637,-0.03741432854233844
2017-11-21,231020,71537,58271,116382,139722,073732,COCOA - ICE FUTURES U.S.,2102.0,0.10103021383430007,-23340,1.3513684556934253,13266,-1.5057864559381315,0.012506637928341611,0.047801368174534696,-0.021870637505816637,-0.026165556612749774,-0.03687083129186141
2017-11-28,234387,69750,56580,117994,140661,073732,COCOA - ICE FUTURES U.S.,2047.0,0.09670758190513978,-22667,0.2913167691108995,13170,-0.04155484373647303,0.009862558233940964,0.027531069421356764,-0.026165556612749774,-0.057645334636052814,-0.035919002746050144
2017-12-05,238986,70823,63057,122308,137495,073732,COCOA - ICE FUTURES U.S.,1929.0,0.06354765551120149,-15187,3.1913032719391436,7766,-2.3055886205292957,0.02879104552295393,0.056393785479533914,-0.057645334636052814,-0.029548989113530322,-0.03564870247682094
2017-12-12,248515,73355,76855,129166,135504,073732,COCOA - ICE FUTURES U.S.,1872.0,0.025503490734965696,-6338,3.702727356414183,-3500,-4.7140836701731486,0.03343408773189255,0.10871446641368751,-0.029548989113530322,0.02136752136752129,-0.03586452926899889
2017-12-19,256443,74994,81393,129827,133726,073732,COCOA - ICE FUTURES U.S.,1912.0,0.01520415842896862,-3899,0.9814296923726938,-6399,-1.1665291833490936,0.00925430558559379,0.039498168006292085,0.02136752136752129,-0.029288702928870314,-0.03553726586698024
2017-12-26,264746,79788,87855,131958,134553,073732,COCOA - ICE FUTURES U.S.,1856.0,0.009801847808843193,-2595,0.5084950651801765,-8067,-0.6504369392028638,0.011098979029008183,0.06714267819115621,-0.029288702928870314,,-0.0353295631454904
