,Open_Interest_All,NonComm_Positions_Long_All,NonComm_Positions_Short_All,Comm_Positions_Long_All,Comm_Positions_Short_All,CFTC_Contract_Market_Code,Market_and_Exchange_Names,CL_Close,HP,NetLong_Comm,Q_Comm,NetLong_NonComm,Q_NonComm,PT_Comm,PT_NonComm,Ret,Ret_Lead,HP_Smooth_52w,Basis
2015-01-06,1505101,440821,172021,490464,770342,067651,"CRUDE OIL, LIGHT SWEET - NEW YORK MERCANTILE EXCHANGE",47.93000030517578,0.18595296926917196,-279878,,268800,,,,,-0.042562088515301966,,
2015-01-13,1627535,485464,209984,524442,808229,067651,"CRUDE OIL, LIGHT SWEET - NEW YORK MERCANTILE EXCHANGE",45.88999938964844,0.17436614266359862,-283787,-0.2597167897702546,275480,0.4438240357291637,0.053925537510758466,0.118780987219749,-0.042562088515301966,0.010895620105690895,,
2015-01-20,1591022,480508,199239,523019,809270,067651,"CRUDE OIL, LIGHT SWEET - NEW YORK MERCANTILE EXCHANGE",46.38999938964844,0.1799164310738632,-286251,-0.15139459366465235,281269,0.3556912754564418,0.0018494485806007555,0.023098299808605262,0.010895620105690895,-0.0034490159413067545,,-0.01595991885542085
2015-01-27,1668047,496281,222010,568519,855154,067651,"CRUDE OIL, LIGHT SWEET - NEW YORK MERCANTILE EXCHANGE",46.22999954223633,0.17183868320257162,-286635,-0.024135429931201453,274271,-0.4398430694233015,0.06418889730998621,0.05366070297414279,-0.0034490159413067545,0.1475232481582307,,-0.01177420616782643
2015-02-03,1721471,488256,216060,606100,879692,067651,"CRUDE OIL, LIGHT SWEET - NEW YORK MERCANTILE EXCHANGE",53.04999923706055,0.158929194857189,-273592,0.7819324035833523,272196,-0.12439697442578057,0.04180867846912623,0.019841945944717995,0.1475232481582307,-0.057115906180449594,,0.027714326466541626
2015-02-10,1717593,478989,207462,601733,875752,067651,"CRUDE OIL, LIGHT SWEET - NEW YORK MERCANTILE EXCHANGE",50.02000045776367,0.1595366306220391,-274019,-0.02480436789234323,271527,-0.03886211269315603,0.005622392105503609,0.02602516421419737,-0.057115906180449594,0.0701718970294094,,0.024169047784031495
2015-02-17,1689966,478741,179351,580414,877046,067651,"CRUDE OIL, LIGHT SWEET - NEW YORK MERCANTILE EXCHANGE",53.529998779296875,0.1755254247718593,-296632,-1.3165517092815353,299390,1.62221201413839,0.01551534862020227,0.04309275906712132,0.0701718970294094,-0.0793947337365477,,0.03853062487257956
2015-02-24,1695437,490905,221068,606080,886414,067651,"CRUDE OIL, LIGHT SWEET - NEW YORK MERCANTILE EXCHANGE",49.279998779296875,0.1653461614911082,-280334,0.9643981003168111,269837,-1.7487334064708995,0.02347346119984402,0.0756784316259184,-0.0793947337365477,0.025162372345425732,,0.020092905080781917
2015-03-03,1687908,497948,235659,603558,873958,067651,"CRUDE OIL, LIGHT SWEET - NEW YORK MERCANTILE EXCHANGE",50.52000045776367,0.16019830464693574,-270400,0.5859256345119283,262289,-0.4451949556368063,0.01013728446933908,0.02948990399491826,0.025162372345425732,-0.0441409248224508,,-0.01034744325375715
2015-03-10,1670894,495142,234483,566050,829530,067651,"CRUDE OIL, LIGHT SWEET - NEW YORK MERCANTILE EXCHANGE",48.290000915527344,0.15768804005520398,-263480,0.40997495124141836,260659,-0.0965692442953052,0.058711073532151506,0.005457598081206099,-0.0441409248224508,-0.10002074424276164,,-0.007075318433886501
2015-03-17,1760721,516956,273468,592777,843911,067651,"CRUDE OIL, LIGHT SWEET - NEW YORK MERCANTILE EXCHANGE",43.459999084472656,0.14263134250116855,-251134,0.7388858898290376,243488,-1.027653459764653,0.02861303219627365,0.07691947612926733,-0.10002074424276164,0.09318912384670353,,-0.05087076010361274
2015-03-24,1748067,513586,306699,595063,796768,067651,"CRUDE OIL, LIGHT SWEET - NEW YORK MERCANTILE EXCHANGE",47.5099983215332,0.11538745368455557,-201705,2.8073158666250926,206887,-2.0787506936079025,0.035513650723399605,0.0446198577323735,0.09318912384670353,0.0018943413127232578,,-0.006473450862107646
2015-03-31,1740134,516028,289333,578627,804973,067651,"CRUDE OIL, LIGHT SWEET - NEW YORK MERCANTILE EXCHANGE",47.599998474121094,0.1300738908612785,-226346,-1.4096141623862242,226695,1.133137345422115,0.017809337958947673,0.024595181539707037,0.0018943413127232578,0.13403364018139374,,-0.012345443332691703
2015-04-07,1743733,520929,268886,566266,810094,067651,"CRUDE OIL, LIGHT SWEET - NEW YORK MERCANTILE EXCHANGE",53.97999954223633,0.1398310406467045,-243828,-1.0046352752144374,252043,1.4566694289060498,0.012701618762533059,0.03209359153725873,0.13403364018139374,-0.012782486709157936,,0.031764223147505544
2015-04-14,1774773,527985,245825,610009,889504,067651,"CRUDE OIL, LIGHT SWEET - NEW YORK MERCANTILE EXCHANGE",53.290000915527344,0.1574821117968326,-279495,-2.045439296039015,282160,1.727156623175681,0.08212866443972143,0.03892040681821119,-0.012782486709157936,0.03696748681105477,,0.052671815715288964
2015-04-21,1723025,519353,196261,578434,903278,067651,"CRUDE OIL, LIGHT SWEET - NEW YORK MERCANTILE EXCHANGE",55.2599983215332,0.18853121690050928,-324844,-2.5552000171289513,323092,2.3063231185058597,0.03060581273553835,0.08132317143040801,0.03696748681105477,0.03257334611710272,,0.03924787182198469
2015-04-28,1717417,521704,206860,574587,895204,067651,"CRUDE OIL, LIGHT SWEET - NEW YORK MERCANTILE EXCHANGE",57.060001373291016,0.18668558655236323,-320617,0.24532435687236112,314844,-0.4786929963291305,0.00811067696019366,0.017774691036065465,0.03257334611710272,0.05853487683495384,,0.04659537318644419
2015-05-05,1750082,530764,205058,597211,925721,067651,"CRUDE OIL, LIGHT SWEET - NEW YORK MERCANTILE EXCHANGE",60.400001525878906,0.18771120438928005,-328510,-0.45958552873297515,325706,0.6324614231721242,0.03489387576070369,0.014761722264351976,0.05853487683495384,0.005794676577468794,,0.028415727591726794
2015-05-12,1731678,512443,192231,604581,926687,067651,"CRUDE OIL, LIGHT SWEET - NEW YORK MERCANTILE EXCHANGE",60.75,0.18600802227665883,-322106,0.36592571090954595,320212,-0.31392814736680913,0.005443854374283273,0.0442019997899738,0.005794676577468794,-0.05744858729986502,,0.03291974656170895
2015-05-19,1621198,504615,161184,542015,892555,067651,"CRUDE OIL, LIGHT SWEET - NEW YORK MERCANTILE EXCHANGE",57.2599983215332,0.21622281794080675,-350540,-1.641991178498543,343431,1.340838192781799,0.06740556403661027,0.058388492623149026,-0.05744858729986502,0.013447441151497541,,0.009815250499945773
2015-05-26,1614397,502001,154010,534528,880746,067651,"CRUDE OIL, LIGHT SWEET - NEW YORK MERCANTILE EXCHANGE",58.029998779296875,0.21445654321706495,-346218,0.2665929763051768,347991,0.2812734780082384,0.013634109013519644,0.014920481516316038,0.013447441151497541,0.05566085835226109,,0.005069231523586676
2015-06-02,1651499,494450,154932,541163,881118,067651,"CRUDE OIL, LIGHT SWEET - NEW YORK MERCANTILE EXCHANGE",61.2599983215332,0.20584632506589468,-339955,0.387946707036745,339518,-0.5248399247520902,0.00492659326813759,0.013047790052696255,0.05566085835226109,-0.01828271241546997,,0.004354104310497579
2015-06-09,1641774,483798,157943,536555,861689,067651,"CRUDE OIL, LIGHT SWEET - NEW YORK MERCANTILE EXCHANGE",60.13999938964844,0.1980382196331529,-325134,0.8974271252964732,325855,-0.8273090083614947,0.017190847949284962,0.02129052063059708,-0.01828271241546997,-0.0028267071943897104,,-0.0016571223219785144
2015-06-16,1652013,484932,157799,550591,881477,067651,"CRUDE OIL, LIGHT SWEET - NEW YORK MERCANTILE EXCHANGE",59.970001220703125,0.20029261270946416,-330886,-0.3503527282074147,327133,0.07784262632981154,0.023618990159685153,0.0019883901663370835,-0.0028267071943897104,0.017341955638831008,,0.01192829415918286
2015-06-23,1650025,480001,152568,570430,905389,067651,"CRUDE OIL, LIGHT SWEET - NEW YORK MERCANTILE EXCHANGE",61.0099983215332,0.2030023787518371,-334959,-0.24654769665856138,327433,0.018159663392479358,0.029645234273308584,0.016064650654711184,0.017341955638831008,-0.02524171682015186,,0.01288991553773184
2015-06-30,1670091,483021,154842,583581,915252,067651,"CRUDE OIL, LIGHT SWEET - NEW YORK MERCANTILE EXCHANGE",59.470001220703125,0.19859456760140615,-331671,0.19926970803472674,328179,0.045211436190360756,0.01535461255523464,0.008299587842530449,-0.02524171682015186,-0.12006052199579931,0.17538820450701995,-0.007278720932950309
2015-07-07,1691891,485862,189702,584819,875695,067651,"CRUDE OIL, LIGHT SWEET - NEW YORK MERCANTILE EXCHANGE",52.33000183105469,0.1719236050076512,-290876,2.442681267068681,296160,-1.9172009189918393,0.02793194724596957,0.05580670373199283,-0.12006052199579931,0.01356772519834526,0.17525988600704331,-0.033243231443119144
2015-07-14,1733695,468034,203647,629452,886354,067651,"CRUDE OIL, LIGHT SWEET - NEW YORK MERCANTILE EXCHANGE",53.040000915527344,0.14818177361069854,-256902,2.008048981878856,264387,-1.8779578589873696,0.036476963410885035,0.047303705181477515,0.01356772519834526,-0.050527908350605166,0.17429281056431672,-0.029015033789944314
2015-07-21,1668737,464330,210647,590689,847827,067651,"CRUDE OIL, LIGHT SWEET - NEW YORK MERCANTILE EXCHANGE",50.36000061035156,0.1540913876782261,-257138,-0.0136125443056593,253683,-0.6174096366431234,0.05372898181181162,0.01585831813528461,-0.050527908350605166,-0.047259750581218674,0.17359620977514117,-0.046636371014639494
2015-07-28,1694436,475975,232556,594197,837805,067651,"CRUDE OIL, LIGHT SWEET - NEW YORK MERCANTILE EXCHANGE",47.97999954223633,0.1437693722276911,-243608,0.8107928331426703,243419,-0.6150759526516162,0.009448310826381527,0.047357137514096065,-0.047259750581218674,-0.04668607513840606,0.17260198185689285,-0.05242036501132691
2015-08-04,1736523,478684,231591,611685,853973,067651,"CRUDE OIL, LIGHT SWEET - NEW YORK MERCANTILE EXCHANGE",45.7400016784668,0.1395247860235655,-242288,0.07790202757731776,247093,0.21682731009020112,0.022963065053375344,0.005172644398296435,-0.04668607513840606,-0.05815478246176731,0.17153497553968874,-0.033273992306024305
2015-08-11,1676233,478863,253020,562096,794521,067651,"CRUDE OIL, LIGHT SWEET - NEW YORK MERCANTILE EXCHANGE",43.08000183105469,0.1386591243580099,-232425,0.5679740492927534,225843,-1.2237096773264737,0.08037714402812289,0.02952384465823089,-0.05815478246176731,-0.010677875571451945,0.17050760519026129,-0.05198524860950613
2015-08-18,1688731,473198,262634,594104,807933,067651,"CRUDE OIL, LIGHT SWEET - NEW YORK MERCANTILE EXCHANGE",42.619998931884766,0.12662111372385537,-213829,1.1093923100189533,210564,-0.9115081256603349,0.032395721368266316,0.02076425053544831,-0.010677875571451945,-0.07766301364492723,0.1691777115094611,-0.041545819895952095
2015-08-25,1677151,474160,258597,570710,787559,067651,"CRUDE OIL, LIGHT SWEET - NEW YORK MERCANTILE EXCHANGE",39.310001373291016,0.12929605026619548,-216849,-0.17883250796011915,215563,0.2960210951300118,0.03222336665270281,0.006822179794938841,-0.07766301364492723,0.15517675555884636,0.16800472147289447,-0.04950062502633421
2015-09-01,1688806,487177,266835,575960,795030,067651,"CRUDE OIL, LIGHT SWEET - NEW YORK MERCANTILE EXCHANGE",45.40999984741211,0.12971886646541994,-219070,-0.13242695499689652,220342,0.28494750919863504,0.00927869641645818,0.028189206537826986,0.15517675555884636,0.01167141116665471,0.16691083990125236,0.00216791933397685
2015-09-08,1704251,490149,258719,589357,815763,067651,"CRUDE OIL, LIGHT SWEET - NEW YORK MERCANTILE EXCHANGE",45.939998626708984,0.132847802348363,-226406,-0.4343897404438402,231430,0.6565585389914532,0.024289740378046005,0.01480634771414989,0.01167141116665471,-0.029386123519303253,0.1659646444136721,0.01943669699624595
2015-09-15,1702949,485819,246433,588064,827022,067651,"CRUDE OIL, LIGHT SWEET - NEW YORK MERCANTILE EXCHANGE",44.59000015258789,0.14032011528237193,-238958,-0.7365112298599209,239386,0.4668326437831047,0.008870132274646204,0.022691641675270262,-0.029386123519303253,0.027808963315171242,0.16527154903174504,0.01483911116051847
2015-09-22,1606217,489204,229775,548373,798144,067651,"CRUDE OIL, LIGHT SWEET - NEW YORK MERCANTILE EXCHANGE",45.83000183105469,0.1555026500155334,-249771,-0.6349573592632546,259429,1.176958323472987,0.050923233795043064,0.027877031178935686,0.027808963315171242,-0.013091910644694615,0.16501447274184475,0.04048697997427685
2015-09-29,1617902,481485,229757,560375,810124,067651,"CRUDE OIL, LIGHT SWEET - NEW YORK MERCANTILE EXCHANGE",45.22999954223633,0.15436596283334839,-249749,0.001369677945134437,251728,-0.47944953888546815,0.017498735861901395,0.010878153989781257,-0.013091910644694615,0.07296040836743689,0.16474143402624228,-0.0007496958722795414
2015-10-06,1675676,491100,232839,588749,841962,067651,"CRUDE OIL, LIGHT SWEET - NEW YORK MERCANTILE EXCHANGE",48.529998779296875,0.1511109546236862,-253213,-0.21410443895860196,258261,0.4037945437980793,0.04208536874323326,0.017538770531771324,0.07296040836743689,-0.03853284522814615,0.16440067204117836,0.014467671082416117
2015-10-13,1645951,487740,222748,592561,867428,067651,"CRUDE OIL, LIGHT SWEET - NEW YORK MERCANTILE EXCHANGE",46.65999984741211,0.16699585832142025,-274867,-1.292254588595886,264992,0.40168863193123255,0.020053575746118636,0.018932057965792524,-0.03853284522814615,-0.02378912588901616,0.1644639692675257,0.012211291718537808
2015-10-20,1613562,485090,233939,570449,833815,067651,"CRUDE OIL, LIGHT SWEET - NEW YORK MERCANTILE EXCHANGE",45.54999923706055,0.16322025431932582,-263366,0.6987449808651655,251151,-0.8409120320106735,0.0396827092341611,0.019249571296846162,-0.02378912588901616,-0.0515916248843552,0.1644343570068543,-0.0006135565359266043
2015-10-27,1676033,499628,263053,589108,830691,067651,"CRUDE OIL, LIGHT SWEET - NEW YORK MERCANTILE EXCHANGE",43.20000076293945,0.14413976335788137,-241583,1.3499946082022258,236575,-0.9033430385693267,0.015342312538605817,0.05723493832939328,-0.0515916248843552,0.10879631203551976,0.16396238971269214,-0.010291068775346425
2015-11-03,1676897,493384,247193,588480,832852,067651,"CRUDE OIL, LIGHT SWEET - NEW YORK MERCANTILE EXCHANGE",47.900001525878906,0.14572868816629764,-244372,-0.1664048380908968,246191,0.5737357200007398,0.0019622438670205133,0.029846997678836907,0.10879631203551976,-0.07703553912023686,0.16354798740481954,-0.0012801400212081775
2015-11-10,1671590,498945,260623,593266,839338,067651,"CRUDE OIL, LIGHT SWEET - NEW YORK MERCANTILE EXCHANGE",44.209999084472656,0.14720834654430812,-246072,-0.10137772325909106,238322,-0.46925959077987495,0.007868189674187703,0.025002369768078698,-0.07703553912023686,-0.08007240418085992,0.16318488427458597,-0.010964889753207743
2015-11-17,1662829,494099,265544,570121,806942,067651,"CRUDE OIL, LIGHT SWEET - NEW YORK MERCANTILE EXCHANGE",40.66999816894531,0.14242053752971592,-236821,0.5534251820123356,228555,-0.5842939955371831,0.0403329404682284,0.012857355362979715,-0.08007240418085992,0.05409394792201705,0.16273348543230617,-0.025293002176554474
2015-11-24,1632471,472273,260248,565152,778625,067651,"CRUDE OIL, LIGHT SWEET - NEW YORK MERCANTILE EXCHANGE",42.869998931884766,0.13076679463218643,-213473,1.404113110849041,212025,-0.9940889893067777,0.024770479030374833,0.037025559676787424,0.05409394792201705,-0.023792873412111115,0.1620533430748568,0.0014445353204014541
2015-12-01,1661176,475582,267104,572148,785020,067651,"CRUDE OIL, LIGHT SWEET - NEW YORK MERCANTILE EXCHANGE",41.849998474121094,0.12814536208083913,-212872,0.03681535537231596,208478,-0.2172779792106567,0.009866869834832533,0.01368680707593788,-0.023792873412111115,-0.10370371113087684,0.1613469268041481,-0.032215095781279054
2015-12-08,1713573,480088,282214,576108,780931,067651,"CRUDE OIL, LIGHT SWEET - NEW YORK MERCANTILE EXCHANGE",37.5099983215332,0.11952977783846967,-204823,0.4845362562425655,197874,-0.6383429570376649,0.005931296005494315,0.02573258367418687,-0.10370371113087684,-0.0042655253151600014,0.1604935156007669,-0.039124228416559166
2015-12-15,1678527,472228,261717,568272,776411,067651,"CRUDE OIL, LIGHT SWEET - NEW YORK MERCANTILE EXCHANGE",37.349998474121094,0.12400098419626256,-208139,-0.19351378669014976,210511,0.7374649343798018,0.009188782783749032,0.03863641008522437,-0.0042655253151600014,-0.0323962284847491,0.15976366497267683,-0.01960802752565669
2015-12-22,1646306,453681,260769,558814,755495,067651,"CRUDE OIL, LIGHT SWEET - NEW YORK MERCANTILE EXCHANGE",36.13999938964844,0.11946806972701308,-196681,0.6826223230248902,192912,-1.0484788150562963,0.02311024272069962,0.0272867240534677,-0.0323962284847491,0.047869384932304415,0.15897355526197754,-0.04190548189089079
2015-12-29,1648904,448632,252281,570892,763508,067651,"CRUDE OIL, LIGHT SWEET - NEW YORK MERCANTILE EXCHANGE",37.869998931884766,0.11681456288540752,-192616,0.24691642987391166,196351,0.20889190709382097,0.015056205035971224,0.019313381261297766,0.047869384932304415,-0.050171580796690485,0.15816280540858196,-0.023395574607534213
2016-01-05,1703201,460417,276240,576069,764634,067651,"CRUDE OIL, LIGHT SWEET - NEW YORK MERCANTILE EXCHANGE",35.970001220703125,0.11071212381862153,-188565,0.24567834149228823,184177,-0.7383085977109644,0.0047012649333968825,0.04852190368108903,-0.050171580796690485,-0.15373924100571412,0.15671586607299448,-0.009788741199713883
2016-01-12,1756232,499795,336291,590227,768467,067651,"CRUDE OIL, LIGHT SWEET - NEW YORK MERCANTILE EXCHANGE",30.440000534057617,0.10149000815382023,-178240,0.6062114806179658,163504,-1.2137733596915457,0.013241392101532795,0.11892197692581864,-0.15373924100571412,-0.06504603859548719,0.15531440194780644,-0.048255194446902794
2016-01-19,1686382,482774,303402,572363,763410,067651,"CRUDE OIL, LIGHT SWEET - NEW YORK MERCANTILE EXCHANGE",28.459999084472656,0.11328809249624344,-191047,-0.7292316732641245,179372,0.9035252745650917,0.017159352674443937,0.06348451237381961,-0.06504603859548719,0.10505979531454357,0.15403308774439065,-0.05685808480176725
2016-01-26,1761883,523710,318000,596459,805509,067651,"CRUDE OIL, LIGHT SWEET - NEW YORK MERCANTILE EXCHANGE",31.450000762939453,0.11865146550593882,-209050,-1.0675517172265832,205710,1.5618050951682358,0.04721577097337457,0.06597759323282365,0.10505979531454357,-0.049920558476517884,0.15301025663484003,-0.041837370538844024
2016-02-02,1855603,545820,348947,628739,834525,067651,"CRUDE OIL, LIGHT SWEET - NEW YORK MERCANTILE EXCHANGE",29.8799991607666,0.11089979914884811,-205786,0.18525634222022688,196873,-0.5015656544730837,0.04188991186826164,0.05929700134224888,-0.049920558476517884,-0.06492632801865217,0.15208661440967963,-0.04177193587461837
2016-02-09,1854379,544800,356923,622695,823581,067651,"CRUDE OIL, LIGHT SWEET - NEW YORK MERCANTILE EXCHANGE",27.940000534057617,0.10833060555582219,-200886,0.2640651044431379,187877,-0.4848019754225446,0.01174602911200905,0.009976456184438015,-0.06492632801865217,0.039370091640795524,0.15110188315840622,-0.01888549608252079
2016-02-16,1840051,517940,358953,639559,808554,067651,"CRUDE OIL, LIGHT SWEET - NEW YORK MERCANTILE EXCHANGE",29.040000915527344,0.09184256305939346,-168995,1.7197671026257306,158987,-1.5579339498559897,0.022022452667713088,0.03294586682753768,0.039370091640795524,0.09745178493410056,0.1494925973562434,0.00736853565369132
2016-02-23,1776696,533268,327412,601482,814711,067651,"CRUDE OIL, LIGHT SWEET - NEW YORK MERCANTILE EXCHANGE",31.8700008392334,0.12001434122663641,-213229,-2.4039551077660346,205856,2.5471576603039807,0.031234443327992724,0.054455779151368684,0.09745178493410056,0.07938502102362555,0.14862083158192665,0.005478711931705006
2016-03-01,1800298,529761,317243,607281,820159,067651,"CRUDE OIL, LIGHT SWEET - NEW YORK MERCANTILE EXCHANGE",34.400001525878906,0.11824597927676418,-212878,0.019755771386888922,212518,0.374965666608131,0.007879140279101048,0.01614632280367035,0.07938502102362555,0.061046464563127456,0.14781405609403872,0.037122496507582925
2016-03-08,1816474,535589,291337,612412,853501,067651,"CRUDE OIL, LIGHT SWEET - NEW YORK MERCANTILE EXCHANGE",36.5,0.132723617293724,-241089,-1.567018349184413,244252,1.7627081738689927,0.026245077299948905,0.03837586434578185,0.061046464563127456,-0.004383557463345511,0.14733397104093335,0.06701670465926837
2016-03-15,1782857,544416,274560,581508,849245,067651,"CRUDE OIL, LIGHT SWEET - NEW YORK MERCANTILE EXCHANGE",36.34000015258789,0.15017300882796544,-267737,-1.4670179699792014,269856,1.4095439846647957,0.024574472323315066,0.03126343140702536,-0.004383557463345511,0.14061641686558057,0.14747900308567943,0.05673464520127944
2016-03-22,1705631,527838,219861,552733,849662,067651,"CRUDE OIL, LIGHT SWEET - NEW YORK MERCANTILE EXCHANGE",41.45000076293945,0.17408747847570782,-296929,-1.6373719260714685,307977,2.1381972867145262,0.02081581865308989,0.09532846773902333,0.14061641686558057,-0.07647773040517969,0.14860784971627852,0.06687898596854498
2016-03-29,1734511,534637,229126,559331,864381,067651,"CRUDE OIL, LIGHT SWEET - NEW YORK MERCANTILE EXCHANGE",38.279998779296875,0.1758708938715292,-305050,-0.47612877580203455,305511,-0.14457992379359896,0.014972831583915849,0.0210327025530171,-0.07647773040517969,-0.062434677791605164,0.1494885613126295,0.0297533448606355
2016-04-05,1773774,541716,251586,573780,861607,067651,"CRUDE OIL, LIGHT SWEET - NEW YORK MERCANTILE EXCHANGE",35.88999938964844,0.16226813562494433,-287827,0.992959975462825,290130,-0.8867628974391053,0.011998854664282176,0.037235504259411925,-0.062434677791605164,0.17497907177753214,0.1499200439083649,-0.0006701116733210009
2016-04-12,1803510,530256,241095,610370,889604,067651,"CRUDE OIL, LIGHT SWEET - NEW YORK MERCANTILE EXCHANGE",42.16999816894531,0.1548280852337941,-279234,0.4844472858436306,289161,-0.05462928197166043,0.04305874635160343,0.02845786159608272,0.17497907177753214,-0.02584767335117688,0.14986900493599875,0.043223048987672284
2016-04-19,1714186,540048,205873,564810,890588,067651,"CRUDE OIL, LIGHT SWEET - NEW YORK MERCANTILE EXCHANGE",41.08000183105469,0.1900482211381962,-325778,-2.580745324395207,334175,2.495910751811745,0.03198025557270245,0.06034687319434632,-0.02584767335117688,0.07205450225260268,0.1498981780944158,0.0025514897372772532
2016-04-26,1714689,544282,210017,573706,898781,067651,"CRUDE OIL, LIGHT SWEET - NEW YORK MERCANTILE EXCHANGE",44.040000915527344,0.18958248405395964,-325075,0.04101071879014296,334265,0.0052503053927636795,0.011605535396916916,0.011107001335014363,0.07205450225260268,-0.008855571787940941,0.1499538876617542,0.038920481282278374
2016-05-03,1748628,530023,211479,594804,910011,067651,"CRUDE OIL, LIGHT SWEET - NEW YORK MERCANTILE EXCHANGE",43.650001525878906,0.1802596092479361,-315207,0.5754979474411978,318544,-0.9168426461008381,0.02148303944338673,0.02120156115560039,-0.008855571787940941,0.023138563258340294,0.14981058775518988,0.051721655739341614
2016-05-10,1724987,521799,229839,622408,914029,067651,"CRUDE OIL, LIGHT SWEET - NEW YORK MERCANTILE EXCHANGE",44.65999984741211,0.16905692622611068,-291621,1.3488289104372113,291960,-1.5202776119334702,0.020581384072370035,0.03536808942602689,0.023138563258340294,0.08172865065718105,0.1494846051388332,0.015009250628457848
2016-05-17,1698980,554596,185827,585350,936779,067651,"CRUDE OIL, LIGHT SWEET - NEW YORK MERCANTILE EXCHANGE",48.310001373291016,0.20684704940611426,-351429,-3.467156564078454,368769,4.452729208973749,0.039292333304207464,0.10373664783508886,0.08172865065718105,0.006416840194195084,0.1493043018977814,0.041157812778235395
2016-05-24,1657419,528230,180088,536824,878566,067651,"CRUDE OIL, LIGHT SWEET - NEW YORK MERCANTILE EXCHANGE",48.619998931884766,0.20618926173767768,-341742,0.5701656287890381,348142,-1.214081390010477,0.07541313701523962,0.045325687050166735,0.006416840194195084,0.009872471262469373,0.1491453157154855,0.025284750003813552
2016-05-31,1709540,522661,175659,569242,908604,067651,"CRUDE OIL, LIGHT SWEET - NEW YORK MERCANTILE EXCHANGE",49.099998474121094,0.1985107104835219,-339362,0.1435967609880181,347002,-0.06878164181779019,0.042261507626640396,0.01431721846717837,0.009872471262469373,0.02566195876552979,0.149004246204286,0.029839472891644882
2016-06-07,1748314,525508,200326,582024,902186,067651,"CRUDE OIL, LIGHT SWEET - NEW YORK MERCANTILE EXCHANGE",50.36000061035156,0.18312614324429136,-320162,1.123109140470536,325182,-1.276366741930578,0.012936174800061985,0.03790673900643949,0.02566195876552979,-0.0371326232966801,0.14871747550450024,0.03045158826893096
2016-06-14,1774350,523352,210767,594703,912235,067651,"CRUDE OIL, LIGHT SWEET - NEW YORK MERCANTILE EXCHANGE",48.4900016784668,0.1789568010820864,-317532,0.1504306434656475,312585,-0.720522743626145,0.015082239614370333,0.017159343376210123,-0.0371326232966801,0.007424144837969049,0.14830717143474298,0.00120393670864805
2016-06-21,1726381,515227,196632,587495,905076,067651,"CRUDE OIL, LIGHT SWEET - NEW YORK MERCANTILE EXCHANGE",48.849998474121094,0.18395765477029694,-317581,-0.0027615746611435173,318595,0.3387155859892355,0.009625672748566065,0.03127023750489914,0.007424144837969049,-0.02047082970800429,0.14794092674279027,0.001455428242618283
2016-06-28,1720740,510395,206156,600141,907925,067651,"CRUDE OIL, LIGHT SWEET - NEW YORK MERCANTILE EXCHANGE",47.849998474121094,0.17886723153991888,-307784,0.5674877098392533,304239,-0.8315661490713812,0.010274749248375072,0.020034861440427827,-0.02047082970800429,-0.026123302818411687,0.14756155489545397,-0.006148198850300317
2016-07-05,1751823,519441,219769,596556,901593,067651,"CRUDE OIL, LIGHT SWEET - NEW YORK MERCANTILE EXCHANGE",46.599998474121094,0.1741254681551732,-305037,0.15964061973337051,299672,-0.265409068191592,0.006619501798552747,0.03065299441295437,-0.026123302818411687,0.0042918620061869195,0.14760389841752172,-0.019259940378573696
2016-07-12,1728765,516217,221422,589838,883190,067651,"CRUDE OIL, LIGHT SWEET - NEW YORK MERCANTILE EXCHANGE",46.79999923706055,0.16968876625799342,-293352,0.667019442032671,294795,-0.2783957055022111,0.01705398675381595,0.006611635230783622,0.0042918620061869195,-0.04594012278271742,0.14801749442996967,-0.00875776897262021
2016-07-19,1685116,525628,236047,555110,851112,067651,"CRUDE OIL, LIGHT SWEET - NEW YORK MERCANTILE EXCHANGE",44.650001525878906,0.17565675003975986,-296002,-0.15328861933229793,289581,-0.30160258913154764,0.04750743481470209,0.03155676633734861,-0.04594012278271742,-0.038745874531065594,0.14843221293692227,-0.022307572345269682
2016-07-26,1718306,539345,266046,564140,848481,067651,"CRUDE OIL, LIGHT SWEET - NEW YORK MERCANTILE EXCHANGE",42.91999816894531,0.1654775109904755,-284341,0.6919998385867798,273299,-0.9662242836694921,0.008254868078557518,0.05427922586669084,-0.038745874531065594,-0.07945013962930247,0.14884967714389888,-0.02699034387400925
2016-08-02,1792640,562532,295340,584462,864164,067651,"CRUDE OIL, LIGHT SWEET - NEW YORK MERCANTILE EXCHANGE",39.5099983215332,0.15602798107818636,-279702,0.26997519650167084,267192,-0.3554081752609838,0.02485458634595817,0.06117579312531473,-0.07945013962930247,0.08251081434376428,0.14916704627956465,-0.0407814419406728
2016-08-09,1829979,562028,303778,639378,897585,067651,"CRUDE OIL, LIGHT SWEET - NEW YORK MERCANTILE EXCHANGE",42.77000045776367,0.14109834047275951,-258207,1.199069528739736,258250,-0.4988173866476258,0.05747503355643565,0.010327948755263881,0.08251081434376428,0.08908116278963973,0.1492139542817714,-0.020617416409520743
2016-08-16,1852402,570209,262709,673303,965732,067651,"CRUDE OIL, LIGHT SWEET - NEW YORK MERCANTILE EXCHANGE",46.58000183105469,0.1578647615366427,-292429,-1.8700761046984693,307500,2.6912877142306004,0.062275668304825706,0.059129470127911754,0.08908116278963973,0.03263195756366488,0.14981479366278652,0.01326067802202304
2016-08-23,1747499,555022,201278,614046,957594,067651,"CRUDE OIL, LIGHT SWEET - NEW YORK MERCANTILE EXCHANGE",48.099998474121094,0.19659410391651155,-343548,-2.7596061761971753,353744,2.496434359280545,0.04288195770023669,0.10130635991008859,0.03263195756366488,-0.03638253753670162,0.1511089870022157,0.030716819603790437
2016-08-30,1787891,538363,197075,640120,976684,067651,"CRUDE OIL, LIGHT SWEET - NEW YORK MERCANTILE EXCHANGE",46.349998474121094,0.18824637519848805,-336564,0.3996568810625929,341288,-0.7127901074621501,0.0279341218849038,0.028366769190604782,-0.03638253753670162,-0.032793887661400345,0.15223451601631316,0.041103890102449823
2016-09-06,1861718,534074,248279,676917,965584,067651,"CRUDE OIL, LIGHT SWEET - NEW YORK MERCANTILE EXCHANGE",44.83000183105469,0.15505409519594268,-288667,2.678966447059692,285795,-3.10382456201189,0.02916101725356636,0.07093089692248895,-0.032793887661400345,0.0015614475120482307,0.15266156010953583,0.013048668409485764
2016-09-13,1829620,537965,224663,647463,956418,067651,"CRUDE OIL, LIGHT SWEET - NEW YORK MERCANTILE EXCHANGE",44.900001525878906,0.1688629332866934,-308955,-1.0897461377072144,313302,1.477506260346626,0.02407909314967881,0.036068699287201626,0.0015614475120482307,-0.032516767250629686,0.15321046045577277,-0.008784223601489448
2016-09-20,1811705,533133,254260,657846,943677,067651,"CRUDE OIL, LIGHT SWEET - NEW YORK MERCANTILE EXCHANGE",43.439998626708984,0.15776906284411646,-285831,1.2638690001202435,278873,-1.8817568675462666,0.014438756109028719,0.04372530616858417,-0.032516767250629686,0.028314907484367824,0.1532540453178609,-0.025351589307868055
2016-09-27,1830991,543799,252153,663872,960739,067651,"CRUDE OIL, LIGHT SWEET - NEW YORK MERCANTILE EXCHANGE",44.66999816894531,0.1621346036108315,-296867,-0.6091499443894011,291646,0.7050264805804477,0.014211401990999692,0.016047450097493317,0.028314907484367824,0.08999329801984146,0.15340344225588945,-0.008898045428419392
2016-10-04,1871665,571306,208330,642976,999197,067651,"CRUDE OIL, LIGHT SWEET - NEW YORK MERCANTILE EXCHANGE",48.689998626708984,0.19032305460646,-356221,-3.2416325366973404,362976,3.895704566543473,0.03614357318017042,0.09149141394189084,0.08999329801984146,0.04313005438587947,0.15415752110171205,0.021603183205781328
2016-10-11,1880412,597569,183919,595974,1005305,067651,"CRUDE OIL, LIGHT SWEET - NEW YORK MERCANTILE EXCHANGE",50.790000915527344,0.21768155063890254,-409331,-2.8375804430814275,413650,2.707428946953648,0.03316723693997111,0.06484296623876502,0.04313005438587947,-0.00984445739293427,0.1551322459539713,0.03172187195337568
2016-10-18,1811281,578530,170535,562360,971099,067651,"CRUDE OIL, LIGHT SWEET - NEW YORK MERCANTILE EXCHANGE",50.290000915527344,0.2256629424147882,-408739,0.03148246235399477,407995,-0.3007319672497304,0.0442268101070847,0.043284628169785,-0.00984445739293427,-0.006561977034142297,0.156333066878884,0.037197948189349135
2016-10-25,1821737,571822,168236,557093,971594,067651,"CRUDE OIL, LIGHT SWEET - NEW YORK MERCANTILE EXCHANGE",49.959999084472656,0.22753064794753577,-414501,-0.3181173986808231,403586,-0.24341888420405228,0.0037692477269709234,0.012170667704423167,-0.006561977034142297,-0.06585270167768797,0.15793673773637737,0.028761620007915416
2016-11-01,1854612,543096,188697,596233,971242,067651,"CRUDE OIL, LIGHT SWEET - NEW YORK MERCANTILE EXCHANGE",46.66999816894531,0.20220347975749106,-375009,2.167821150912563,354399,-2.7000055441592283,0.025194660201917095,0.0672143625314809,-0.06585270167768797,-0.0362116711595144,0.15902279142082343,-0.009830431175440182
2016-11-08,1973656,560814,283275,673039,972607,067651,"CRUDE OIL, LIGHT SWEET - NEW YORK MERCANTILE EXCHANGE",44.97999954223633,0.1517832894891511,-299568,4.067751098342942,277539,-4.144263058796126,0.047501710574449185,0.13303810380185027,-0.0362116711595144,0.018452686516266192,0.1591107710928396,-0.03006516329121663
2016-11-15,2027539,581416,305090,734484,1012058,067651,"CRUDE OIL, LIGHT SWEET - NEW YORK MERCANTILE EXCHANGE",45.810001373291016,0.13690192889014713,-277574,1.1143785948513825,276326,-0.0614595451284317,0.05776900870405636,0.04784739189582473,0.018452686516266192,0.048460976630753994,0.15900464400361713,-0.022801403289326522
2016-11-22,1995504,560573,284253,711031,992960,067651,"CRUDE OIL, LIGHT SWEET - NEW YORK MERCANTILE EXCHANGE",48.029998779296875,0.14128210216566842,-281929,-0.2147924158302257,276320,-0.0002959252571713787,0.02497137602252594,0.049335602834193075,0.048460976630753994,-0.05829688336922201,0.1592068614561841,-0.008826516765612219
2016-11-29,2020026,551697,263816,714264,1018949,067651,"CRUDE OIL, LIGHT SWEET - NEW YORK MERCANTILE EXCHANGE",45.22999954223633,0.15083221701106816,-304685,-1.1403635372316967,287881,0.5793523841595908,0.01686001662807745,0.03594424613709407,-0.05829688336922201,0.12602256954738023,0.15964314712791927,-0.006922629045485802
2016-12-06,2098290,589787,212161,691607,1090968,067651,"CRUDE OIL, LIGHT SWEET - NEW YORK MERCANTILE EXCHANGE",50.93000030517578,0.19032688522558847,-399361,-4.686870367015078,377626,4.442764598079431,0.05311193077430122,0.1119087521884212,0.12602256954738023,0.04025131012717109,0.16100462996228695,0.03310574452540454
2016-12-13,2104703,614780,192013,685227,1133068,067651,"CRUDE OIL, LIGHT SWEET - NEW YORK MERCANTILE EXCHANGE",52.97999954223633,0.21278109072871565,-447841,-2.3104527972777835,422767,2.1513232203365598,0.026662340269318234,0.05595115475716819,0.04025131012717109,-0.014156285513028166,0.16271193970329564,0.03836408985053375
2016-12-20,2029807,603704,167043,631244,1085341,067651,"CRUDE OIL, LIGHT SWEET - NEW YORK MERCANTILE EXCHANGE",52.22999954223633,0.22371437284431475,-454097,-0.2972390878903104,436661,0.6601406469226299,0.059251362443456045,0.04676761635140974,-0.014156285513028166,0.031973999584130164,0.1647166763017053,0.023184331997655176
2016-12-27,2037834,608865,163933,609540,1068910,067651,"CRUDE OIL, LIGHT SWEET - NEW YORK MERCANTILE EXCHANGE",53.900001525878906,0.22542071630957183,-459370,-0.2597783927240373,444932,0.4074771640850583,0.02272036700527272,0.01070266744996752,0.031973999584130164,-0.029128008355814528,0.1668052561752469,0.04499525683372271
2017-01-03,2089324,608117,168043,640178,1106942,067651,"CRUDE OIL, LIGHT SWEET - NEW YORK MERCANTILE EXCHANGE",52.33000183105469,0.22340431642004782,-466764,-0.36283622709209873,440074,-0.23839036938239325,0.03930468428041577,0.006259018759018759,-0.029128008355814528,-0.02885538091715434,0.16897241372527433,0.007209205082045646
2017-01-10,2114656,604261,170699,671494,1136894,067651,"CRUDE OIL, LIGHT SWEET - NEW YORK MERCANTILE EXCHANGE",50.81999969482422,0.22008307734213034,-465400,0.06528427376510297,433562,-0.3116797586204916,0.03387989745563452,0.008403014349127698,-0.02885538091715434,0.0326643025852118,0.17125304967120342,-0.010092173900888943
2017-01-17,2179122,631537,166859,677537,1159908,067651,"CRUDE OIL, LIGHT SWEET - NEW YORK MERCANTILE EXCHANGE",52.47999954223633,0.22136025426754447,-482371,-0.8025418791519755,464678,1.4714450009836115,0.015813806671764324,0.038973141148001746,0.0326643025852118,0.013338429288210829,0.17333136047449765,0.001662345761440417
2017-01-24,2151809,642401,159878,657946,1155886,067651,"CRUDE OIL, LIGHT SWEET - NEW YORK MERCANTILE EXCHANGE",53.18000030517578,0.23140529665969423,-497940,-0.7144620631612182,482523,0.8189077986455096,0.013018294968883556,0.022242885579704816,0.013338429288210829,-0.006957482695778672,0.17549970338130064,-0.002999658831345319
2017-01-31,2181656,656710,164018,677456,1186594,067651,"CRUDE OIL, LIGHT SWEET - NEW YORK MERCANTILE EXCHANGE",52.810001373291016,0.2333722640049577,-509138,-0.5203993477116231,492692,0.4725791183139396,0.02694026447788418,0.022478823678490314,-0.006957482695778672,-0.012118977233531947,0.17785494309007197,0.002544227771062159
2017-02-07,2191158,661929,184939,683625,1188108,067651,"CRUDE OIL, LIGHT SWEET - NEW YORK MERCANTILE EXCHANGE",52.16999816894531,0.2302357931285649,-504483,0.2133700271720198,476990,-0.7197284998184865,0.004104752120094052,0.030866675798353463,-0.012118977233531947,0.019743197817615687,0.18019927362031704,0.006709012149769514
2017-02-14,2183943,683254,174798,734170,1260587,067651,"CRUDE OIL, LIGHT SWEET - NEW YORK MERCANTILE EXCHANGE",53.20000076293945,0.24103971578012795,-526417,-1.0010232032559951,508456,1.436044319944066,0.06167367754568601,0.0366714371623165,0.019743197817615687,0.016165424774780446,0.18306844963417732,0.0034951765420461163
2017-02-21,2103278,712717,156110,659481,1231266,067651,"CRUDE OIL, LIGHT SWEET - NEW YORK MERCANTILE EXCHANGE",54.060001373291016,0.2718542199366893,-571785,-2.0773435936743767,556607,2.2047736593857987,0.05501000398255293,0.05542069940275797,0.016165424774780446,-0.0009249546890044424,0.18598844730167835,0.004199211622631213
2017-02-28,2120334,690281,165027,677820,1223836,067651,"CRUDE OIL, LIGHT SWEET - NEW YORK MERCANTILE EXCHANGE",54.0099983215332,0.2575141463561873,-546016,1.2251827861081608,525254,-1.4906731302281486,0.013550820968671516,0.03665697035453895,-0.0009249546890044424,-0.016108108848763014,0.1886666812839749,0.005699897344731836
2017-03-07,2137532,682176,173651,682956,1218455,067651,"CRUDE OIL, LIGHT SWEET - NEW YORK MERCANTILE EXCHANGE",53.13999938964844,0.2505220974469622,-535499,0.49600676119894316,508525,-0.7889794721020367,0.005531155547117378,0.019547174837905325,-0.016108108848763014,-0.1019946976138113,0.1909320366715372,0.004707790706478361
2017-03-14,2240261,687026,253226,775342,1222748,067651,"CRUDE OIL, LIGHT SWEET - NEW YORK MERCANTILE EXCHANGE",47.720001220703125,0.19971155146654787,-447406,4.121248243301153,433800,-3.4958540971550365,0.04838570835147566,0.08978975849027708,-0.1019946976138113,-0.007963140368705046,0.1918847009530484,-0.02605200984883601
2017-03-21,2194206,659029,240512,776277,1209714,067651,"CRUDE OIL, LIGHT SWEET - NEW YORK MERCANTILE EXCHANGE",47.34000015258789,0.19753705896347015,-433437,0.6235434174857305,418517,-0.6821972975470268,0.007033768028153199,0.045257525782593566,-0.007963140368705046,0.021757473087810508,0.1923356544239669,-0.03226261138277535
2017-03-28,2222462,647981,249901,778335,1188424,067651,"CRUDE OIL, LIGHT SWEET - NEW YORK MERCANTILE EXCHANGE",48.369998931884766,0.18452014027686411,-410089,1.064075114187091,398080,-0.9314075342059953,0.011871307058973673,0.02276134280451106,0.021757473087810508,0.05499276216974813,0.19250198608560798,-0.02642315551314723
2017-04-04,2213064,649987,241605,748325,1154097,067651,"CRUDE OIL, LIGHT SWEET - NEW YORK MERCANTILE EXCHANGE",51.029998779296875,0.18335303452588808,-405772,0.19424404106796878,408382,0.46353998403572255,0.03381846929860988,0.011554612423619772,0.05499276216974813,0.046443323599363984,0.1929074649106261,-0.008336553380821893
2017-04-11,2193567,645953,208910,736046,1165444,067651,"CRUDE OIL, LIGHT SWEET - NEW YORK MERCANTILE EXCHANGE",53.400001525878906,0.19575330956382914,-429398,-1.0675696681162405,437043,1.2950822931465154,0.012424993031780341,0.04296477915174712,0.046443323599363984,-0.018539356744906033,0.19369448845543447,0.028400466213843175
2017-04-18,2161434,637850,193967,728324,1173574,067651,"CRUDE OIL, LIGHT SWEET - NEW YORK MERCANTILE EXCHANGE",52.40999984741211,0.20599749980799784,-445250,-0.7226585739118067,443883,0.311820883519856,0.008334831836407632,0.027705613133658005,-0.018539356744906033,-0.05437890636173737,0.19400120535293064,0.02582714001750942
2017-04-25,2188272,618756,206934,738168,1171793,067651,"CRUDE OIL, LIGHT SWEET - NEW YORK MERCANTILE EXCHANGE",49.560001373291016,0.19815863841423736,-433625,0.5378373801837114,411822,-1.4833207953608576,0.006086511714113534,0.03882934273153363,-0.05437890636173737,-0.03833739857204399,0.19416613139832062,0.007104161249030546
2017-05-02,2215531,630692,257548,756754,1166614,067651,"CRUDE OIL, LIGHT SWEET - NEW YORK MERCANTILE EXCHANGE",47.65999984741211,0.18499402626277853,-409860,1.086016729181747,373144,-1.7675133621414523,0.012355929806464494,0.07042015671440151,-0.03833739857204399,-0.03734785532932661,0.19425717787937527,-0.016335789937696108
2017-05-09,2276413,655196,326445,832830,1172624,067651,"CRUDE OIL, LIGHT SWEET - NEW YORK MERCANTILE EXCHANGE",45.880001068115234,0.14926729025005567,-339794,3.1624924228097013,328751,-2.0037182959750957,0.04093138012639532,0.09514781880544924,-0.03734785532932661,0.0605928228983601,0.19387660795675882,-0.037858555733167966
2017-05-16,2337124,646041,317089,863704,1197211,067651,"CRUDE OIL, LIGHT SWEET - NEW YORK MERCANTILE EXCHANGE",48.65999984741211,0.14269974549916906,-333507,0.2761801131868426,328952,0.008829680730166274,0.02691086240820218,0.01921962767227685,0.0605928228983601,0.05774766506581597,0.19264300595854836,-0.017520424531174496
2017-05-23,2211099,595499,222510,816945,1185496,067651,"CRUDE OIL, LIGHT SWEET - NEW YORK MERCANTILE EXCHANGE",51.470001220703125,0.16668226976720626,-368551,-1.4994497510615612,372989,1.8842389192871238,0.0292013597404368,0.1774075835351445,0.05774766506581597,-0.035166142031544556,0.19188325611296236,0.010607351122233166
2017-05-30,2198081,595577,221822,806439,1184204,067651,"CRUDE OIL, LIGHT SWEET - NEW YORK MERCANTILE EXCHANGE",49.65999984741211,0.17186127353814531,-377765,-0.4167158503531502,373755,0.03464340583574051,0.005926728197873752,0.0009371188367003141,-0.035166142031544556,-0.029601313435761667,0.19137076694093588,0.011391492525019014
2017-06-06,2228585,624855,242386,794444,1185263,067651,"CRUDE OIL, LIGHT SWEET - NEW YORK MERCANTILE EXCHANGE",48.189998626708984,0.17536643206339447,-390819,-0.5938816631416222,382469,0.39643671002115033,0.006593905057667625,0.057471913804813195,-0.029601313435761667,-0.03589955574884551,0.19122154172591868,0.013304361308331809
2017-06-13,2176740,639309,280310,788989,1164994,067651,"CRUDE OIL, LIGHT SWEET - NEW YORK MERCANTILE EXCHANGE",46.459999084472656,0.1727376719314204,-376005,0.6647267212154798,358999,-1.053134612321271,0.013164904710020508,0.05695619598986102,-0.03589955574884551,-0.06952216112539322,0.19110194308840583,-0.010787816349226905
2017-06-20,2118015,628548,299784,783406,1143120,067651,"CRUDE OIL, LIGHT SWEET - NEW YORK MERCANTILE EXCHANGE",43.22999954223633,0.1698354355375198,-359714,0.7484127640416403,328764,-1.389003739537106,0.014252078611967863,0.032569167065230976,-0.06952216112539322,0.023363454705653597,0.190830361949314,-0.04347895140345177
2017-06-27,2143111,638878,311690,812438,1158776,067651,"CRUDE OIL, LIGHT SWEET - NEW YORK MERCANTILE EXCHANGE",44.2400016784668,0.1616052551641049,-346338,0.6315347152876633,327188,-0.07440929360745793,0.022670293534847053,0.023392329638700228,0.023363454705653597,0.018083164708602162,0.1904984008651637,-0.028311920639719587
2017-07-11,2133575,629009,270984,812144,1173515,067651,"CRUDE OIL, LIGHT SWEET - NEW YORK MERCANTILE EXCHANGE",45.040000915527344,0.1693734694116682,-361371,-0.7014569007391591,358025,1.4388895395525478,0.007570786323331448,0.05619488151574512,0.018083164708602162,0.03019539482031197,0.19040701627394246,-0.016123055085056404
2017-07-18,2140060,652015,255556,803854,1202174,067651,"CRUDE OIL, LIGHT SWEET - NEW YORK MERCANTILE EXCHANGE",46.400001525878906,0.18612562264609403,-398320,-1.731788195868437,396459,1.801389686324596,0.018418985178671483,0.04234820195885501,0.03019539482031197,0.03211202187005324,0.19072310966602132,0.0005298228963517099
2017-07-25,2149971,659050,235712,764804,1186870,067651,"CRUDE OIL, LIGHT SWEET - NEW YORK MERCANTILE EXCHANGE",47.88999938964844,0.19631241537676555,-422066,-1.1095950580824836,423338,1.2559928226311412,0.027849938053178962,0.030040390629016433,0.03211202187005324,0.026519116181867863,0.19112033399942524,0.025607812229494813
2017-08-01,2219691,717912,231147,732709,1217844,067651,"CRUDE OIL, LIGHT SWEET - NEW YORK MERCANTILE EXCHANGE",49.15999984741211,0.21855970042677111,-485135,-2.93348142835415,486765,2.9501328157449564,0.03233390735857985,0.06683146147921257,0.026519116181867863,0.00020338327022439984,0.19214114533473864,0.0263764861720526
2017-08-08,2215548,707536,226907,714874,1191616,067651,"CRUDE OIL, LIGHT SWEET - NEW YORK MERCANTILE EXCHANGE",49.16999816894531,0.21518017212897214,-476742,0.3781156926797469,480629,-0.2764348731422527,0.02311210654134037,0.015641403488495284,0.00020338327022439984,-0.03294689835697251,0.1932786874703307,0.02201339648492363
2017-08-15,2311603,699351,235878,781560,1255059,067651,"CRUDE OIL, LIGHT SWEET - NEW YORK MERCANTILE EXCHANGE",47.54999923706055,0.20483577846195908,-473499,0.1463746215383282,463473,-0.7743456697846312,0.0638946214289467,0.018344170251350204,-0.03294689835697251,0.0018927477188630526,0.19450440743166147,0.006451052882796881
2017-08-22,2236977,676829,231381,751249,1207115,067651,"CRUDE OIL, LIGHT SWEET - NEW YORK MERCANTILE EXCHANGE",47.63999938964844,0.20378662811463863,-455866,0.7628039935923253,445448,-0.7797619227869145,0.039959374253203186,0.02974972748593387,0.0018927477188630526,-0.025188933213970532,0.19538752025046907,-0.0010834995702214765
2017-08-29,2247058,663313,297448,788228,1169408,067651,"CRUDE OIL, LIGHT SWEET - NEW YORK MERCANTILE EXCHANGE",46.439998626708984,0.16963514070397828,-381180,3.3387021860305226,365865,-3.5576136902614555,0.038151116959434746,0.08283329568956276,-0.025188933213970532,0.047803645270272144,0.194869078650228,-0.014108990500615119
2017-09-05,2326586,675605,293492,815931,1204660,067651,"CRUDE OIL, LIGHT SWEET - NEW YORK MERCANTILE EXCHANGE",48.65999984741211,0.16708129422252174,-388729,-0.33595038490328244,382113,0.7230787990341149,0.031156725928206154,0.016766123514983536,0.047803645270272144,-0.008836833261902433,0.19446205786222867,-0.002112088534961574
2017-09-12,2345125,662650,288170,857037,1236352,067651,"CRUDE OIL, LIGHT SWEET - NEW YORK MERCANTILE EXCHANGE",48.22999954223633,0.16174617557699483,-379315,0.40462720913819644,374480,-0.3280772771778047,0.03477518989542794,0.01922235544056709,-0.008836833261902433,0.02591747899365715,0.19459075171571044,0.003910002595655415
2017-09-19,2377488,678156,260082,858264,1278201,067651,"CRUDE OIL, LIGHT SWEET - NEW YORK MERCANTILE EXCHANGE",49.47999954223633,0.17663054450748017,-419937,-1.7321891157187783,418074,1.8589201002078781,0.02016227740683793,0.046463690449544785,0.02591747899365715,0.048504477527940404,0.19474012885457176,0.009874921521851003
2017-09-26,2411223,698180,244072,824910,1284235,067651,"CRUDE OIL, LIGHT SWEET - NEW YORK MERCANTILE EXCHANGE",51.880001068115234,0.1904946162175792,-459325,-1.6567065743339189,454108,1.515633307087144,0.018674865881672432,0.038242423470579,0.048504477527940404,-0.028141921147091464,0.19536946641944603,0.027952845550608188
2017-10-03,2471226,687611,243295,848375,1300591,067651,"CRUDE OIL, LIGHT SWEET - NEW YORK MERCANTILE EXCHANGE",50.41999816894531,0.18299257129861857,-452216,0.2948296362468341,444316,-0.40610097033745945,0.018530307133756422,0.012188126405888457,-0.028141921147091464,0.009916700082467589,0.19577058118267268,0.009317259741725242
2017-10-10,2437479,685322,268261,822776,1242946,067651,"CRUDE OIL, LIGHT SWEET - NEW YORK MERCANTILE EXCHANGE",50.91999816894531,0.17237892100813998,-420170,1.2967652493134985,417061,-1.102893867254553,0.040297774821587806,0.02858167563809338,0.009916700082467589,0.0188531605202491,0.1954255016903973,0.013951408789755974
2017-10-17,2440472,701946,272421,802074,1233592,067651,"CRUDE OIL, LIGHT SWEET - NEW YORK MERCANTILE EXCHANGE",51.880001068115234,0.17681743531579136,-431518,-0.46556298536315593,429525,0.5113479952032407,0.014764701085541537,0.02133077167022282,0.0188531605202491,0.011372400548204542,0.194639653318799,0.012208279021848812
2017-10-24,2371940,710682,263855,772710,1222299,067651,"CRUDE OIL, LIGHT SWEET - NEW YORK MERCANTILE EXCHANGE",52.470001220703125,0.18954484514785366,-449589,-0.7404715153462117,446827,0.7089612173382853,0.020379356684606435,0.017754071933646438,0.011372400548204542,0.036401749627908986,0.1939450745252041,0.002995593726512233
2017-10-31,2509878,734763,231814,809563,1312437,067651,"CRUDE OIL, LIGHT SWEET - NEW YORK MERCANTILE EXCHANGE",54.380001068115234,0.2003579456850094,-502874,-2.2464733509279324,502949,2.3660800863428246,0.059844957587181905,0.05806262718852197,0.036401749627908986,0.05185729384763982,0.19342252255861708,0.01895521215971549
2017-11-07,2601977,758743,213537,836669,1388076,067651,"CRUDE OIL, LIGHT SWEET - NEW YORK MERCANTILE EXCHANGE",57.20000076293945,0.21191847583587403,-551407,-1.9336796449867286,545206,1.6836276504276302,0.04618282095251366,0.04346175998683507,0.05185729384763982,-0.02622377587400082,0.1936093494062783,0.029190920150157822
2017-11-14,2627570,778738,182272,793419,1407503,067651,"CRUDE OIL, LIGHT SWEET - NEW YORK MERCANTILE EXCHANGE",55.70000076293945,0.23370795069208433,-614084,-2.4088222148005154,596466,1.9700404730710532,0.028477610746768856,0.053339715507643,-0.02622377587400082,0.02028727204016656,0.19518482366018086,0.018185552925536023
2017-11-21,2512147,742158,165080,748100,1331898,067651,"CRUDE OIL, LIGHT SWEET - NEW YORK MERCANTILE EXCHANGE",56.83000183105469,0.2323900631611128,-583798,1.1526239072603204,577078,-0.737868068215119,0.05813659436210997,0.05927000412240228,0.02028727204016656,0.02041175101244197,0.1970211339346225,0.020371715247094847
2017-11-28,2489012,763786,153953,738304,1360100,067651,"CRUDE OIL, LIGHT SWEET - NEW YORK MERCANTILE EXCHANGE",57.9900016784668,0.24981639301056002,-621796,-1.5125707213789639,609833,1.303864781798199,0.018108047830637,0.035690975320870094,0.02041175101244197,-0.0063804575939411245,0.1991083318354858,0.016447136532999104
2017-12-05,2554224,759978,148850,787163,1410423,067651,"CRUDE OIL, LIGHT SWEET - NEW YORK MERCANTILE EXCHANGE",57.619998931884766,0.24401148842074932,-623260,-0.058818519155391775,611128,0.0520286764386833,0.04513224965939899,0.009804935587371867,-0.0063804575939411245,-0.008330433029055673,0.2009002409010566,0.0020216524789886977
2017-12-12,2571686,761121,146624,781944,1411274,067651,"CRUDE OIL, LIGHT SWEET - NEW YORK MERCANTILE EXCHANGE",57.13999938964844,0.24471494575931899,-629330,-0.2376455628010699,614497,0.13189915997970422,0.00276762273517726,0.0037113947198827864,-0.008330433029055673,0.005600274732977972,0.20194616514208985,0.006476018361027756
2017-12-19,2456059,749848,148009,752045,1372036,067651,"CRUDE OIL, LIGHT SWEET - NEW YORK MERCANTILE EXCHANGE",57.459999084472656,0.25243326809331534,-619991,0.36314697828584047,601839,-0.49220628023794505,0.03254913536724824,0.014098013380749942,0.005600274732977972,0.043682599655814114,0.202708707014486,0.002821300167845723
2017-12-26,2460193,772893,140732,750189,1394458,067651,"CRUDE OIL, LIGHT SWEET - NEW YORK MERCANTILE EXCHANGE",59.970001220703125,0.26187742181202855,-644269,-0.9884941689104374,632161,1.2345794624640531,0.011320277882560627,0.03318867150088931,0.043682599655814114,,0.20344261180232667,0.008605859081101473
