,Open_Interest_All,NonComm_Positions_Long_All,NonComm_Positions_Short_All,Comm_Positions_Long_All,Comm_Positions_Short_All,CFTC_Contract_Market_Code,Market_and_Exchange_Names,GF_Close,HP,NetLong_Comm,Q_Comm,NetLong_NonComm,Q_NonComm,PT_Comm,PT_NonComm,Ret,Ret_Lead,HP_Smooth_52w
2015-01-06,40489,10808,8170,13938,9930,061641,FEEDER CATTLE - CHICAGO MERCANTILE EXCHANGE,224.6999969482422,-0.09898984909481588,4008,,2638,,,,,-0.014018664616225807,
2015-01-13,41785,11535,7891,13867,9216,061641,FEEDER CATTLE - CHICAGO MERCANTILE EXCHANGE,221.5500030517578,-0.11130788560488214,4651,1.5880856528933784,3644,2.484625453826965,0.03400771130269029,0.05178626582930094,-0.014018664616225807,-0.031934086440023046,
2015-01-20,41516,11875,8190,13858,9280,061641,FEEDER CATTLE - CHICAGO MERCANTILE EXCHANGE,214.4750061035156,-0.11027073899219578,4578,-0.1747038410913007,3685,0.09812133540744288,0.0031549831446105975,0.03184649887864441,-0.031934086440023046,-0.017251484330278566,
2015-01-27,41292,12135,8493,14327,9516,061641,FEEDER CATTLE - CHICAGO MERCANTILE EXCHANGE,210.7749938964844,-0.11651167296328586,4811,0.5612294055303979,3642,-0.10357452548415069,0.029568426791930547,0.027292999806088812,-0.017251484330278566,-0.05349303391284532,
2015-02-03,36983,10072,8405,13884,7564,061641,FEEDER CATTLE - CHICAGO MERCANTILE EXCHANGE,199.5,-0.17088932752886463,6320,3.6544609125254284,1667,-4.78300881526688,0.11166542334949646,0.1164150024354603,-0.05349303391284532,0.012656611009946861,
2015-02-10,36659,9371,8853,13820,7218,061641,FEEDER CATTLE - CHICAGO MERCANTILE EXCHANGE,202.0249938964844,-0.18009220109659294,6602,0.7625125057458833,518,-3.106832869156099,0.019488544538454226,0.06304872695346796,0.012656611009946861,-0.002846167383313114,
2015-02-17,38487,9578,9354,13791,7412,061641,FEEDER CATTLE - CHICAGO MERCANTILE EXCHANGE,201.4499969482422,-0.16574427728843505,6379,-0.608309010065741,224,-0.8019858697727706,0.010517379616092063,0.037396999788717515,-0.002846167383313114,-0.02903941887986028,
2015-02-24,39531,9781,8712,13522,7837,061641,FEEDER CATTLE - CHICAGO MERCANTILE EXCHANGE,195.6000061035156,-0.14381118615769903,5685,-1.803206277444332,1069,2.1955465481851015,0.032492157872559574,0.045692964905639975,-0.02903941887986028,0.03642637923144698,
2015-03-03,39793,10597,9056,14357,8350,061641,FEEDER CATTLE - CHICAGO MERCANTILE EXCHANGE,202.7250061035156,-0.1509561983263388,6007,0.8145506058536339,1541,1.1939996458475628,0.05936495353855639,0.05902406757238081,0.03642637923144698,0.04686151048948095,
2015-03-10,40547,12058,10515,13958,7853,061641,FEEDER CATTLE - CHICAGO MERCANTILE EXCHANGE,212.2250061035156,-0.15056600981576934,6105,0.24627447038423844,1543,0.005026009599678335,0.04108018889551144,0.1293580826651309,0.04686151048948095,-0.0030628301876752806,
2015-03-17,41662,12890,10361,14457,8383,061641,FEEDER CATTLE - CHICAGO MERCANTILE EXCHANGE,211.5749969482422,-0.14579232874081896,6074,-0.07645448491873628,2529,2.4317458751572247,0.045052539404553414,0.04240677820308804,-0.0030628301876752806,0.026468184730190858,
2015-03-24,42131,13076,11184,14510,8592,061641,FEEDER CATTLE - CHICAGO MERCANTILE EXCHANGE,217.1750030517578,-0.14046663976644277,5918,-0.37444193749699967,1892,-1.5289712447794153,0.011341009436412431,0.04159109645507007,0.026468184730190858,0.004374338367182151,
2015-03-31,40786,13055,10187,13669,8538,061641,FEEDER CATTLE - CHICAGO MERCANTILE EXCHANGE,218.125,-0.12580297160790468,5131,-1.8679831952718902,2868,2.316583988037312,0.0403026072859909,0.04380001721022287,0.004374338367182151,-0.002063023258416896,
2015-04-07,41392,14010,10380,13772,9488,061641,FEEDER CATTLE - CHICAGO MERCANTILE EXCHANGE,217.6750030517578,-0.10349826053343641,4284,-2.076692982886285,3630,1.8682881380865983,0.04527085124677558,0.04706847068470685,-0.002063023258416896,-0.020558199337438743,
2015-04-14,39896,13106,8631,12981,8968,061641,FEEDER CATTLE - CHICAGO MERCANTILE EXCHANGE,213.1999969482422,-0.10058652496490876,4013,-0.6547158871279474,4475,2.041457286432161,0.05972937263656659,0.12204996089616782,-0.020558199337438743,-0.0025797516868225623,
2015-04-21,38531,13379,8104,12526,9566,061641,FEEDER CATTLE - CHICAGO MERCANTILE EXCHANGE,212.6499938964844,-0.0768212608029898,2960,-2.6393623420894325,5275,2.0052135552436336,0.04766431287343835,0.03723874691616627,-0.0025797516868225623,0.015636079484910637,
2015-04-28,37967,12922,8266,12532,9616,061641,FEEDER CATTLE - CHICAGO MERCANTILE EXCHANGE,215.9750061035156,-0.07680353991624306,2916,-0.11419376605849836,4656,-1.6064986634138745,0.0025284450063211127,0.02921464980177459,0.015636079484910637,-0.002778127498827443,
2015-05-05,38443,12871,8718,12439,9261,061641,FEEDER CATTLE - CHICAGO MERCANTILE EXCHANGE,215.375,-0.08266784590172463,3178,0.6900729580951879,4153,-1.32483472489267,0.02064516129032258,0.023298902218722498,-0.002778127498827443,0.010795110612848324,
2015-05-12,37919,14448,8486,10877,9952,061641,FEEDER CATTLE - CHICAGO MERCANTILE EXCHANGE,217.6999969482422,-0.024394103220021626,925,-5.8606248211638015,5962,4.7056681320396425,0.1081664986317154,0.07887852097322752,0.010795110612848324,0.007579279643562309,
2015-05-19,38931,15570,8426,11085,11155,061641,FEEDER CATTLE - CHICAGO MERCANTILE EXCHANGE,219.3500061035156,0.0017980529655030695,-70,-2.624014346369894,7144,3.117170811466547,0.06344424460431655,0.049258209701616935,0.007579279643562309,0.001139730991764898,
2015-05-26,38630,16144,8159,10682,11777,061641,FEEDER CATTLE - CHICAGO MERCANTILE EXCHANGE,219.6000061035156,0.028345845198032616,-1095,-2.632863270915209,7985,2.1602322056972594,0.04563871944432076,0.03460478130271983,0.001139730991764898,0.01696261721855641,
2015-06-02,41208,17948,9031,10912,13136,061641,FEEDER CATTLE - CHICAGO MERCANTILE EXCHANGE,223.3249969482422,0.0539701028926422,-2224,-2.922599016308568,8917,2.4126326689101734,0.06607618097139055,0.09918825753363728,0.01696261721855641,0.004030042169806958,
2015-06-09,42901,18064,9946,11694,13198,061641,FEEDER CATTLE - CHICAGO MERCANTILE EXCHANGE,224.2250061035156,0.03505745786811496,-1504,1.7472335468841003,8118,-1.9389438943894388,0.03390647597621726,0.036808282756158515,0.004030042169806958,0.002787378673150487,
2015-06-16,44762,18234,10690,12427,13287,061641,FEEDER CATTLE - CHICAGO MERCANTILE EXCHANGE,224.8500061035156,0.01921272507930834,-860,1.5011305097783267,7544,-1.337964150019813,0.031967021855798396,0.03160005531738349,0.002787378673150487,0.002223704631654888,
2015-06-23,46704,19728,10999,12668,13654,061641,FEEDER CATTLE - CHICAGO MERCANTILE EXCHANGE,225.3500061035156,0.021111682082905106,-986,-0.2814887627898664,8729,2.647334792904696,0.023098548742496772,0.05867803560386631,0.002223704631654888,-0.047148878243736814,
2015-06-30,43410,17078,8830,12224,12811,061641,FEEDER CATTLE - CHICAGO MERCANTILE EXCHANGE,214.7250061035156,0.013522229900944482,-587,0.85431654676259,8248,-1.0298903734155533,0.05140802875973637,0.18600432298903813,-0.047148878243736814,0.011177058229200343,-0.08088287408984306
2015-07-07,43125,16559,8792,12288,13311,061641,FEEDER CATTLE - CHICAGO MERCANTILE EXCHANGE,217.125,0.023721739130434783,-1023,-1.004376871688551,7767,-1.1080396222068647,0.022032110629321457,0.021971519861149463,0.011177058229200343,-0.013010924344235786,-0.07700862915575869
2015-07-14,42628,14876,8298,11981,12008,061641,FEEDER CATTLE - CHICAGO MERCANTILE EXCHANGE,214.3000030517578,0.0006333865065215351,-27,2.3095652173913046,6578,-2.7571014492753623,0.06711409395973154,0.09394148614826961,-0.013010924344235786,-0.005716313980731802,-0.07423570002496296
2015-07-21,42992,15704,8394,11903,12550,061641,FEEDER CATTLE - CHICAGO MERCANTILE EXCHANGE,213.0749969482422,0.015049311499813919,-647,-1.454443089049451,7310,1.7171811954583842,0.02535476219686746,0.03834343099012366,-0.005716313980731802,-0.008565045051651454,-0.0711569065241086
2015-07-28,41862,15607,8575,11382,12545,061641,FEEDER CATTLE - CHICAGO MERCANTILE EXCHANGE,211.25,0.027781759113276957,-1163,-1.2002232973576479,7032,-0.6466319315221436,0.0219835332469595,0.011496154164254405,-0.008565045051651454,0.012781050642566516,-0.0678589510028624
2015-08-04,42493,15724,9061,11354,12472,061641,FEEDER CATTLE - CHICAGO MERCANTILE EXCHANGE,213.9499969482422,0.02631021580024945,-1118,0.1074960584778558,6663,-0.8814676795184175,0.004239066565936372,0.0243292313899536,0.012781050642566516,0.0005842486645617484,-0.0648212359446975
2015-08-11,42074,15616,9458,11647,12232,061641,FEEDER CATTLE - CHICAGO MERCANTILE EXCHANGE,214.0749969482422,0.013904073774777773,-585,1.2543242416397995,6158,-1.1884310356999976,0.022320867708027974,0.0201403844619925,0.0005842486645617484,0.0022188770771323085,-0.06236107001596391
2015-08-18,43275,16361,10017,11324,12069,061641,FEEDER CATTLE - CHICAGO MERCANTILE EXCHANGE,214.5500030517578,0.017215482380127094,-745,-0.3802823596520416,6344,0.4420782430954984,0.02077544564613346,0.049435135340056106,0.0022188770771323085,-0.017012393863228614,-0.05994965933729448
2015-08-25,41363,13771,10690,12425,9548,061641,FEEDER CATTLE - CHICAGO MERCANTILE EXCHANGE,210.8999938964844,-0.06955491622948046,2877,8.369728480647025,3081,-7.540150202195263,0.1648386656350976,0.13339601815134294,-0.017012393863228614,-0.050379328153110525,-0.06023216689294702
2015-09-01,34320,10508,9536,11972,6838,061641,FEEDER CATTLE - CHICAGO MERCANTILE EXCHANGE,200.2749938964844,-0.1495920745920746,5134,5.456567463675265,972,-5.098759761139182,0.1681552365762892,0.22036519656755138,-0.050379328153110525,0.020097412447575902,-0.06278530711292209
2015-09-08,35844,10932,9898,11462,6544,061641,FEEDER CATTLE - CHICAGO MERCANTILE EXCHANGE,204.3000030517578,-0.13720566901015513,4918,-0.6293706293706294,1034,0.18065268065268067,0.04465178273908697,0.03773403744599136,0.020097412447575902,-0.029246235997372416,-0.06485253938784523
2015-09-15,36558,10175,9652,12098,6759,061641,FEEDER CATTLE - CHICAGO MERCANTILE EXCHANGE,198.3249969482422,-0.14604190601236391,5339,1.1745340921772125,523,-1.4256221403861176,0.04512912976613459,0.05058758258939829,-0.029246235997372416,-0.013235850449477393,-0.0670468465939133
2015-09-22,38008,10196,10439,13337,7567,061641,FEEDER CATTLE - CHICAGO MERCANTILE EXCHANGE,195.6999969482422,-0.15181014523258263,5770,1.178948520159746,-243,-2.095300618195744,0.0979238423268274,0.03915677247395202,-0.013235850449477393,-0.0760091989369528,-0.06927745971598355
2015-09-29,35702,9293,10212,12795,7079,061641,FEEDER CATTLE - CHICAGO MERCANTILE EXCHANGE,180.8249969482422,-0.16010307545795754,5716,-0.14207535255735634,-919,-1.7785729320143127,0.0518265069940626,0.05793386311202256,-0.0760091989369528,0.009401338182954966,-0.07160632165808545
2015-10-06,34932,9626,10564,12301,7426,061641,FEEDER CATTLE - CHICAGO MERCANTILE EXCHANGE,182.5249938964844,-0.13955685331501202,4875,-2.355610329953504,-938,-0.05321830709764159,0.042631925786992445,0.03392768697374938,0.009401338182954966,0.039309701639146155,-0.0733050849495086
2015-10-13,35041,9546,10423,13003,7514,061641,FEEDER CATTLE - CHICAGO MERCANTILE EXCHANGE,189.6999969482422,-0.15664507291458576,5489,1.7577006755983053,-877,0.17462498568647658,0.03850465467660964,0.011067154088837699,0.039309701639146155,0.027279932182443734,-0.07533776758280317
2015-10-20,33766,9651,10116,12091,6899,061641,FEEDER CATTLE - CHICAGO MERCANTILE EXCHANGE,194.875,-0.15376414144405615,5192,-0.8475785508404441,-465,1.1757655318055993,0.08041074249605056,0.020842818839479943,0.027279932182443734,-0.011674118776058506,-0.07720506219854728
2015-10-27,34313,10749,9519,12115,7507,061641,FEEDER CATTLE - CHICAGO MERCANTILE EXCHANGE,192.6000061035156,-0.13429312505464402,4608,-1.7295504353491677,1230,5.019842445063081,0.032208745285903576,0.08362936648904677,-0.011674118776058506,-0.010124673651272564,-0.07853269156729371
2015-11-03,34198,10851,9678,12535,7628,061641,FEEDER CATTLE - CHICAGO MERCANTILE EXCHANGE,190.6499938964844,-0.1434879232703667,4907,0.8713898522425902,1173,-0.166117797919156,0.02683132470366513,0.012713722051731697,-0.010124673651272564,-0.10018353766692045,-0.08000894683327266
2015-11-10,34728,10256,10886,11774,6460,061641,FEEDER CATTLE - CHICAGO MERCANTILE EXCHANGE,171.5500030517578,-0.15301773784842201,5314,1.1901280776653607,-630,-5.272238142581438,0.10579137874300756,0.08528048434395989,-0.10018353766692045,0.01122123589340318,-0.08163136441138709
2015-11-17,35149,11614,11795,11279,6108,061641,FEEDER CATTLE - CHICAGO MERCANTILE EXCHANGE,173.47500610351562,-0.14711656092634215,5171,-0.4117714812255241,-181,1.2929048606311908,0.04871455685282107,0.09684309453628946,0.01122123589340318,-0.050727786379247575,-0.08305495563997307
2015-11-24,33664,11263,11221,10633,5972,061641,FEEDER CATTLE - CHICAGO MERCANTILE EXCHANGE,164.6750030517578,-0.13845651140684412,4661,-1.4509658880764744,42,0.6344419471393211,0.04709424872026498,0.04114036648283224,-0.050727786379247575,-0.0016700115389522985,-0.08423371214565117
2015-12-01,34973,11891,11597,11055,6348,061641,FEEDER CATTLE - CHICAGO MERCANTILE EXCHANGE,164.39999389648438,-0.1345895405026735,4707,0.1366444866920152,294,0.748574144486692,0.04585416307533184,0.04274523160762943,-0.0016700115389522985,-0.06417267752218792,-0.08528279190308914
2015-12-08,34635,13101,11284,9920,6400,061641,FEEDER CATTLE - CHICAGO MERCANTILE EXCHANGE,153.85000610351562,-0.10163129782012416,3520,-3.394046836130729,1817,4.354787979298315,0.07273284313725491,0.06245642813204839,-0.06417267752218792,-0.034611712679740836,-0.0856164348809878
2015-12-15,35640,13764,11507,9349,6615,061641,FEEDER CATTLE - CHICAGO MERCANTILE EXCHANGE,148.52499389648438,-0.07671156004489338,2734,-2.2693806842789086,2257,1.270391222751552,0.04923578050613881,0.035059950140477227,-0.034611712679740836,0.06817034449472326,-0.08543833738426593
2015-12-22,34681,12845,10704,10003,5701,061641,FEEDER CATTLE - CHICAGO MERCANTILE EXCHANGE,158.64999389648438,-0.12404486606499236,4302,4.399551066217732,2141,-0.3254769921436588,0.09984717269485481,0.07312412416663128,0.06817034449472326,0.024109753256763344,-0.08619532814271154
2015-12-29,34560,12489,10283,10112,5548,061641,FEEDER CATTLE - CHICAGO MERCANTILE EXCHANGE,162.47500610351562,-0.1320601851851852,4564,0.7554568784060437,2206,0.18742250800149937,0.01673052362707535,0.034120850166871594,0.024109753256763344,0.03262032678178217,-0.08707734462429756
2016-01-05,35530,12915,9807,11088,6784,061641,FEEDER CATTLE - CHICAGO MERCANTILE EXCHANGE,167.77499389648438,-0.12113706726709823,4304,-0.7523148148148148,3108,2.6099537037037037,0.123769024171889,0.03969720975266262,0.03262032678178217,-0.04500067392419049,-0.08750325266607223
2016-01-12,37005,13561,9899,11315,7472,061641,FEEDER CATTLE - CHICAGO MERCANTILE EXCHANGE,160.22500610351562,-0.103850830968788,3843,-1.297495074584858,3662,1.559245707852519,0.04870389098844946,0.031457800511508954,-0.04500067392419049,-0.022936513726100394,-0.08735984776922427
2016-01-19,36880,13342,9622,11095,6999,061641,FEEDER CATTLE - CHICAGO MERCANTILE EXCHANGE,156.5500030517578,-0.11106290672451193,4096,0.6836913930549925,3720,0.15673557627347656,0.038299988946612136,0.021599024560181153,-0.022936513726100394,0.029064215669504012,-0.08737508176407652
2016-01-26,36849,13289,10294,11230,6830,061641,FEEDER CATTLE - CHICAGO MERCANTILE EXCHANGE,161.10000610351562,-0.11940622540638823,4400,0.824295010845987,2995,-1.965835140997831,0.016832779623477297,0.030742483992706612,0.029064215669504012,-0.02017380432569127,-0.08743074623413616
2016-02-02,37387,12784,9837,11805,7270,061641,FEEDER CATTLE - CHICAGO MERCANTILE EXCHANGE,157.85000610351562,-0.12129884719287452,4535,0.36636000976960026,2947,-0.13026133680696897,0.05321100917431193,0.04252685557667654,-0.02017380432569127,-0.056065921832856525,-0.08647708315075174
2016-02-09,38608,13258,11510,11652,6660,061641,FEEDER CATTLE - CHICAGO MERCANTILE EXCHANGE,149.0,-0.12929962702030667,4992,1.2223500147109958,1748,-3.206997084548105,0.041666666666666664,0.0866844315245478,-0.056065921832856525,0.03691275167785224,-0.08550030288005392
2016-02-16,39377,13202,10535,11808,7039,061641,FEEDER CATTLE - CHICAGO MERCANTILE EXCHANGE,154.5,-0.1211113086319425,4769,-0.5776004973062578,2667,2.380335681723995,0.028386480606993156,0.043434300880481946,0.03691275167785224,0.016343002566241882,-0.08464197655973675
2016-02-23,40145,13510,10822,11902,6829,061641,FEEDER CATTLE - CHICAGO MERCANTILE EXCHANGE,157.02499389648438,-0.12636691991530702,5073,0.7720242781319043,2688,0.05333062447621708,0.01622977950990337,0.024453394706559262,0.016343002566241882,0.006527681548258224,-0.08430650990122923
2016-03-01,40972,13835,10022,12423,7510,061641,FEEDER CATTLE - CHICAGO MERCANTILE EXCHANGE,158.0500030517578,-0.11991115884018354,4913,-0.39855523726491465,3813,2.8023415120189314,0.06030201173932674,0.04715597099383829,0.006527681548258224,0.005852597493812839,-0.08370948991111084
2016-03-08,40546,14480,10542,12626,7203,061641,FEEDER CATTLE - CHICAGO MERCANTILE EXCHANGE,158.97500610351562,-0.13374932175800325,5423,1.24475251391194,3938,0.30508640046861274,0.025719905189369105,0.04655902805531133,0.005852597493812839,0.03145148487520277,-0.08338609206384612
2016-03-15,42580,16345,11231,12360,8350,061641,FEEDER CATTLE - CHICAGO MERCANTILE EXCHANGE,163.97500610351562,-0.09417566932832315,4010,-3.484930695999605,5114,2.9004094115325803,0.06822790922259778,0.09261676820423556,0.03145148487520277,-0.014788857822800927,-0.0823934639982212
2016-03-22,41832,16243,11485,12575,8776,061641,FEEDER CATTLE - CHICAGO MERCANTILE EXCHANGE,161.5500030517578,-0.0908156435264869,3799,-0.49553781117895723,4758,-0.8360732738374824,0.030022013020467427,0.012839007501442585,-0.014788857822800927,-0.0035592506182619,-0.08143863714745282
2016-03-29,38738,13968,10581,11568,7235,061641,FEEDER CATTLE - CHICAGO MERCANTILE EXCHANGE,160.97500610351562,-0.11185399349475966,4333,1.27653471026965,3387,-3.277395295467585,0.13551029091102484,0.129496109821174,-0.0035592506182619,-0.05187144455298931,-0.08117038756835387
2016-04-05,39179,13476,10911,12242,7402,061641,FEEDER CATTLE - CHICAGO MERCANTILE EXCHANGE,152.625,-0.12353556752341815,4840,1.3087924002271671,2565,-2.1219474417884245,0.04281205457137039,0.033706482962233976,-0.05187144455298931,0.017362777372543103,-0.08155572039508428
2016-04-12,40306,13369,12496,12844,7462,061641,FEEDER CATTLE - CHICAGO MERCANTILE EXCHANGE,155.27499389648438,-0.13352850692204635,5382,1.3833941652415835,873,-4.318640087802139,0.032601201615286124,0.0654165861202397,0.017362777372543103,-0.03284489483301167,-0.08218922004810617
2016-04-19,41974,14426,13625,13334,8305,061641,FEEDER CATTLE - CHICAGO MERCANTILE EXCHANGE,150.1750030517578,-0.11981226473531234,5029,-0.87580012901305,801,-0.17863345407631617,0.06160173760340126,0.07792948557983673,-0.03284489483301167,-0.023972072784142928,-0.08301597012372776
2016-04-26,44186,16079,14852,13046,9465,061641,FEEDER CATTLE - CHICAGO MERCANTILE EXCHANGE,146.5749969482422,-0.08104376951975739,3581,-3.4497546099966643,1227,1.0149139943774719,0.06432410821376217,0.0931104716950632,-0.023972072784142928,-0.02166128683515478,-0.08309751300071841
2016-05-03,43486,15563,15301,13314,8717,061641,FEEDER CATTLE - CHICAGO MERCANTILE EXCHANGE,143.39999389648438,-0.10571218323138482,4597,2.299370841442991,262,-2.1839496673154395,0.04611683536834461,0.03126620010368066,-0.02166128683515478,0.04741982804173972,-0.0835406733339811
2016-05-10,42055,15847,15226,13063,8739,061641,FEEDER CATTLE - CHICAGO MERCANTILE EXCHANGE,150.1999969482422,-0.10281773867554393,4324,-0.627788253690843,621,0.8255530515568229,0.012521786992019081,0.011553438676664628,0.04741982804173972,-0.004494028398618455,-0.08504882016966425
2016-05-17,40396,15482,14661,12802,8771,061641,FEEDER CATTLE - CHICAGO MERCANTILE EXCHANGE,149.52499389648438,-0.09978710763441925,4031,-0.6967066936155035,821,0.4755677089525621,0.01358179205488342,0.03085293434628272,-0.004494028398618455,-0.023574613210984086,-0.08700238095043197
2016-05-24,40301,15136,15488,13571,8767,061641,FEEDER CATTLE - CHICAGO MERCANTILE EXCHANGE,146.0,-0.11920299744423216,4804,1.9135557976037232,-352,-2.903752846816517,0.03460470946369416,0.03830329153605016,-0.023574613210984086,0.0075342883802440586,-0.08983985869355246
2016-05-31,37704,14771,15102,12865,7735,061641,FEEDER CATTLE - CHICAGO MERCANTILE EXCHANGE,147.10000610351562,-0.13605983450031828,5130,0.8089129302002432,-331,0.052107888141733456,0.08436893203883496,0.025139758310179762,0.0075342883802440586,-0.011216921052418671,-0.093494280566494
2016-06-07,38926,15029,15494,13845,8120,061641,FEEDER CATTLE - CHICAGO MERCANTILE EXCHANGE,145.4499969482422,-0.14707393515901968,5725,1.5780819011245493,-465,-0.3553999575641842,0.062144320509902116,0.02129541657111031,-0.011216921052418671,-0.022688230464054993,-0.09699680735547735
2016-06-14,40247,15616,16404,13910,8395,061641,FEEDER CATTLE - CHICAGO MERCANTILE EXCHANGE,142.14999389648438,-0.1370288468705742,5515,-0.5394851770025175,-788,-0.829779581770539,0.015243219009190765,0.04675202998126171,-0.022688230464054993,-0.02022511518427228,-0.10000145296989818
2016-06-21,41425,16154,17109,14531,8881,061641,FEEDER CATTLE - CHICAGO MERCANTILE EXCHANGE,139.27499389648438,-0.1363910681955341,5650,0.33542872760702663,-955,-0.4149377593360996,0.047283444387493594,0.03736884826984938,-0.02022511518427228,0.010052121462047925,-0.10303035201371433
2016-06-28,41714,15747,15973,14971,8970,061641,FEEDER CATTLE - CHICAGO MERCANTILE EXCHANGE,140.6750030517578,-0.1438605743874958,6001,0.8473144236572118,-226,1.7598068799034399,0.022095985965498516,0.04864438839848676,0.010052121462047925,0.024169140378361487,-0.10605694440387664
2016-07-05,42730,15718,15473,15516,9789,061641,FEEDER CATTLE - CHICAGO MERCANTILE EXCHANGE,144.0749969482422,-0.13402761525860052,5727,-0.6568538140672197,245,1.1291173227213884,0.053902390831851416,0.01696002051873938,0.024169140378361487,-0.03800097838414951,-0.109090585834435
2016-07-12,43139,16222,15737,15570,9647,061641,FEEDER CATTLE - CHICAGO MERCANTILE EXCHANGE,138.60000610351562,-0.13730035466747026,5923,0.45869412590685704,485,0.5616662766206413,0.007772534401395884,0.02403078944898151,-0.03800097838414951,0.009379420892650092,-0.11174315778008868
2016-07-19,43486,16162,15723,15689,9754,061641,FEEDER CATTLE - CHICAGO MERCANTILE EXCHANGE,139.89999389648438,-0.1364807064342547,5935,0.027817056491805558,439,-0.10663204988525464,0.008882600322289038,0.0023208405206209815,0.009379420892650092,0.018227327827080808,-0.11465719658651308
2016-07-26,43490,15880,15349,15269,9918,061641,FEEDER CATTLE - CHICAGO MERCANTILE EXCHANGE,142.4499969482422,-0.12303977925959991,5351,-1.3429609529503748,531,0.21156234190314124,0.023186564497558265,0.021006116110025938,0.018227327827080808,0.021235585960542647,-0.11755761078599147
2016-08-02,44997,16484,14894,14934,10451,061641,FEEDER CATTLE - CHICAGO MERCANTILE EXCHANGE,145.47500610351562,-0.09962886414649866,4483,-1.9958611174982754,1590,2.435042538514601,0.034193421311798304,0.033749760979029896,0.021235585960542647,0.03230793436020085,-0.11997951616958279
2016-08-09,45485,16956,13372,14053,10038,061641,FEEDER CATTLE - CHICAGO MERCANTILE EXCHANGE,150.1750030517578,-0.08827085852478839,4015,-1.0400693379558636,3584,4.4314065382136585,0.05371300485658545,0.06574782379319441,0.03230793436020085,-0.02030965866341039,-0.12194441871380521
2016-08-16,44251,16158,12108,13322,9965,061641,FEEDER CATTLE - CHICAGO MERCANTILE EXCHANGE,147.125,-0.07586269236853405,3357,-1.446630757392547,4050,1.0245135759041442,0.03452570103491218,0.07294983372249346,-0.02030965866341039,-0.004587956171675844,-0.12373438361281791
2016-08-23,42493,17248,11772,11655,10157,061641,FEEDER CATTLE - CHICAGO MERCANTILE EXCHANGE,146.4499969482422,-0.03525286517779399,1498,-4.201035004858647,5476,3.2225260446091615,0.08522831468916194,0.04913852515506547,-0.004587956171675844,-0.026800977354372812,-0.12307472878490087
2016-08-30,40598,16054,13203,12020,9144,061641,FEEDER CATTLE - CHICAGO MERCANTILE EXCHANGE,142.52499389648438,-0.07084092812453816,2876,3.242887063751677,2851,-6.177488056856424,0.06511056511056511,0.08972211778377824,-0.026800977354372812,-0.08437112374281597,-0.12156028366052518
2016-09-06,42055,16384,14735,11935,9364,061641,FEEDER CATTLE - CHICAGO MERCANTILE EXCHANGE,130.5,-0.06113422898585186,2571,-0.7512685353958324,1649,-2.9607369821173455,0.014319921123057421,0.05983482759728783,-0.08437112374281597,0.022030651340996243,-0.1200973713523655
2016-09-13,41330,16317,15289,10991,7822,061641,FEEDER CATTLE - CHICAGO MERCANTILE EXCHANGE,133.375,-0.07667553834986693,3169,1.4219474497681608,1028,-1.4766377362977054,0.13214266730452348,0.01964816806935392,0.022030651340996243,0.014620408234243154,-0.11876340274347133
2016-09-20,43446,17239,16222,11153,8083,061641,FEEDER CATTLE - CHICAGO MERCANTILE EXCHANGE,135.3249969482422,-0.07066243152419095,3070,-0.2395354464069683,1017,-0.02661504960077426,0.021990018714909545,0.05543767370969188,0.014620408234243154,-0.0036948088769677145,-0.11720286978754071
2016-09-27,44354,17857,17978,11420,7951,061641,FEEDER CATTLE - CHICAGO MERCANTILE EXCHANGE,134.8249969482422,-0.0782116607295847,3469,0.9183814390277587,-121,-2.6193435529162636,0.020597800836301687,0.06624808148458211,-0.0036948088769677145,-0.05062115410884993,-0.11562803488891818
2016-10-04,43223,18331,18006,11704,8195,061641,FEEDER CATTLE - CHICAGO MERCANTILE EXCHANGE,128.0,-0.08118362908636606,3509,0.09018352347026198,325,1.005546286693421,0.026533996683250415,0.013815119575088753,-0.05062115410884993,-0.0302734375,-0.11450547288452112
2016-10-11,42511,18481,18523,10600,6990,061641,FEEDER CATTLE - CHICAGO MERCANTILE EXCHANGE,124.125,-0.08491919738420645,3610,0.23367188765240726,-42,-0.8490849779052819,0.1312677657760091,0.018025078369905956,-0.0302734375,-0.016918416709938322,-0.11312612912432153
2016-10-18,43831,18790,18261,10265,7210,061641,FEEDER CATTLE - CHICAGO MERCANTILE EXCHANGE,122.0250015258789,-0.06969952773151422,3055,-1.3055444473195172,529,1.3431817647197195,0.03175965665236052,0.01541118998137702,-0.016918416709938322,-0.0038926323964877385,-0.11150950193754186
2016-10-25,43585,19323,18574,10815,7250,061641,FEEDER CATTLE - CHICAGO MERCANTILE EXCHANGE,121.5500030517578,-0.08179419525065963,3565,1.1635600374164403,749,0.5019278592776801,0.032659839468585666,0.02232366678101169,-0.0038926323964877385,0.038050184153682,-0.1104999071336191
2016-11-01,42142,18119,17443,10821,7575,061641,FEEDER CATTLE - CHICAGO MERCANTILE EXCHANGE,126.1750030517578,-0.07702529542973756,3246,-0.7319031776987496,676,-0.16748881495927498,0.017993041965644704,0.06565997412968899,0.038050184153682,-0.014067774780641584,-0.10922177967514547
2016-11-08,42066,17348,17473,11962,7930,061641,FEEDER CATTLE - CHICAGO MERCANTILE EXCHANGE,124.4000015258789,-0.09584937954642704,4032,1.8651226804612977,-125,-1.90071662474491,0.07520611301025538,0.023003360041354354,-0.014067774780641584,0.01768486271107106,-0.10812238816933785
2016-11-15,43337,18576,16888,11456,8453,061641,FEEDER CATTLE - CHICAGO MERCANTILE EXCHANGE,126.5999984741211,-0.06929413664997577,3003,-2.4461560405077734,1688,4.309893976132743,0.05168516751218042,0.05112226483194225,0.01768486271107106,-0.02014214417928728,-0.10662580308710005
2016-11-22,43410,18749,15505,11706,8967,061641,FEEDER CATTLE - CHICAGO MERCANTILE EXCHANGE,124.0500030517578,-0.0630960608154803,2739,-0.6091792232964903,3244,3.590465422156587,0.03695641658201519,0.04542535178373329,-0.02014214417928728,0.02357916445308672,-0.10517656365265074
2016-11-29,44967,19060,15612,12523,9380,061641,FEEDER CATTLE - CHICAGO MERCANTILE EXCHANGE,126.9749984741211,-0.06989570129205862,3143,0.930661137986639,3448,0.469937802349689,0.05615669086426517,0.012055837563451776,0.02357916445308672,-0.0009844457688690245,-0.10393245136013893
2016-12-06,46152,19143,15244,13101,9723,061641,FEEDER CATTLE - CHICAGO MERCANTILE EXCHANGE,126.8499984741211,-0.07319292771710868,3378,0.5226054662307915,3899,1.0029577245535615,0.040352260778128285,0.013115421525576525,-0.0009844457688690245,0.016752129719797004,-0.10338555962738863
2016-12-13,44415,20407,14679,10281,7916,061641,FEEDER CATTLE - CHICAGO MERCANTILE EXCHANGE,128.97500610351562,-0.053247776652031974,2365,-2.1949211301785407,5728,3.9629918530074533,0.25427268231027095,0.05212905432366186,0.016752129719797004,0.007947228904658488,-0.10293433302367976
2016-12-20,43627,20580,14115,10242,8222,061641,FEEDER CATTLE - CHICAGO MERCANTILE EXCHANGE,130.0,-0.046301602218809454,2020,-0.7767646065518407,6465,1.659349318923787,0.018685008665511264,0.02124225392707883,0.007947228904658488,-0.00038463885967543465,-0.10143927025740698
2016-12-27,44751,20793,13862,10539,8671,061641,FEEDER CATTLE - CHICAGO MERCANTILE EXCHANGE,129.9499969482422,-0.041742083975777076,1868,-0.34840809590391275,6931,1.0681458729685744,0.03883394065590838,0.013446833068821239,-0.00038463885967543465,0.001923816897814623,-0.09970238369568762
2017-01-03,45994,21511,13975,10882,9334,061641,FEEDER CATTLE - CHICAGO MERCANTILE EXCHANGE,130.1999969482422,-0.033656563899639086,1548,-0.715067819713526,7536,1.3519250966458851,0.04976256430550059,0.02341768584794003,0.001923816897814623,0.019201229328705827,-0.09802006632323647
2017-01-10,48416,21738,13765,11519,10657,061641,FEEDER CATTLE - CHICAGO MERCANTILE EXCHANGE,132.6999969482422,-0.01780403172504957,862,-1.4914988911597165,7973,0.9501239292081576,0.08838383838383838,0.012308818973044531,0.019201229328705827,-0.013375990484586708,-0.09636532018393382
2017-01-17,50497,22727,12981,12202,12941,061641,FEEDER CATTLE - CHICAGO MERCANTILE EXCHANGE,130.9250030517578,0.014634532744519476,-739,-3.306758096497026,9746,3.662012557832121,0.11800501133516286,0.04965273888204324,-0.013375990484586708,0.011456940729701603,-0.09394806173260628
2017-01-24,52053,23959,12978,12384,13825,061641,FEEDER CATTLE - CHICAGO MERCANTILE EXCHANGE,132.4250030517578,0.027683322767179604,-1441,-1.3901815949462344,10981,2.445689842960968,0.04067305124193979,0.033435308768985025,0.011456940729701603,-0.07287144650551558,-0.0911194165754223
2017-01-31,49614,22364,11936,12544,13812,061641,FEEDER CATTLE - CHICAGO MERCANTILE EXCHANGE,122.7750015258789,0.025557302374329825,-1268,0.33235356271492517,10428,-1.0623787293719862,0.006563970253452725,0.0768804664723032,-0.07287144650551558,0.01181019694743446,-0.08829525985297604
2017-02-07,48696,20962,12052,12623,12722,061641,FEEDER CATTLE - CHICAGO MERCANTILE EXCHANGE,124.2249984741211,0.0020330211927057666,-99,2.3561897851412907,8910,-3.0596202684726084,0.04612349575853226,0.045980493124129156,0.01181019694743446,-0.0018112173627272687,-0.08576963200272582
2017-02-14,51212,20049,12851,13556,11725,061641,FEEDER CATTLE - CHICAGO MERCANTILE EXCHANGE,124.0,-0.03575333906115754,1831,3.96336454739609,7198,-3.5156891736487594,0.0763419168545548,0.05203647416413374,-0.0018112173627272687,0.004435508481917649,-0.08412813258790303
2017-02-21,50956,19844,12468,14033,12536,061641,FEEDER CATTLE - CHICAGO MERCANTILE EXCHANGE,124.5500030517578,-0.029378287149697778,1497,-0.6521908927595095,7376,0.34757478715925955,0.04847754902329783,0.018197573656845753,0.004435508481917649,0.004215125520842022,-0.08226296657317977
2017-02-28,50958,19008,12253,15853,13283,061641,FEEDER CATTLE - CHICAGO MERCANTILE EXCHANGE,125.0749969482422,-0.05043369049020762,2570,2.1057382840097336,6755,-1.2186984849674227,0.08810406370126304,0.03362016570167301,0.004215125520842022,-0.008994603457520345,-0.08092686141260332
2017-03-07,50008,18617,12776,16147,12992,061641,FEEDER CATTLE - CHICAGO MERCANTILE EXCHANGE,123.9499969482422,-0.06308990561510158,3155,1.1480042387848817,5841,-1.7936339730758664,0.02007618655410275,0.029114770808779028,-0.008994603457520345,0.0314643132061343,-0.07956802648677828
2017-03-14,49791,19999,11447,14867,12956,061641,FEEDER CATTLE - CHICAGO MERCANTILE EXCHANGE,127.8499984741211,-0.03838043019822859,1911,-2.4876019836826107,8552,5.421132618780995,0.04729899723250548,0.08621128283406475,0.0314643132061343,0.03245992628399552,-0.07849504111889184
2017-03-21,55188,23213,10888,15938,15270,061641,FEEDER CATTLE - CHICAGO MERCANTILE EXCHANGE,132.0,-0.012104080597231281,668,-2.4964350987126185,12325,7.577674680163082,0.10846577800563958,0.11064191665933551,0.03245992628399552,0.0026515613902697854,-0.07698135721640617
2017-03-28,57771,26409,11037,15817,17540,061641,FEEDER CATTLE - CHICAGO MERCANTILE EXCHANGE,132.35000610351562,0.029824652507313358,-1723,-4.332463579038921,15372,5.521127781401754,0.07167910783343825,0.08932863323185387,0.0026515613902697854,-0.010011425356451498,-0.07425676787021246
2017-04-04,57891,27557,10673,15135,18144,061641,FEEDER CATTLE - CHICAGO MERCANTILE EXCHANGE,131.02499389648438,0.05197699124216199,-3009,-2.2260303612539163,16884,2.6172300981461287,0.038642988070555,0.03955009155113785,-0.010011425356451498,0.04693767938758486,-0.07088152635548975
2017-04-11,59296,27969,11105,14055,17106,061641,FEEDER CATTLE - CHICAGO MERCANTILE EXCHANGE,137.1750030517578,0.05145372369131139,-3051,-0.07255013732704566,16864,-0.03454768444145031,0.06796957735631078,0.021600040947944925,0.04693767938758486,0.010934936880840018,-0.06732417576677133
2017-04-18,60183,28160,11026,14576,18214,061641,FEEDER CATTLE - CHICAGO MERCANTILE EXCHANGE,138.6750030517578,0.06044896399315421,-3638,-0.9899487317862925,17134,0.4553426875337291,0.04967978042086002,0.006890215893431328,0.010934936880840018,0.00036057725370408633,-0.06385761367583928
2017-04-25,58423,28505,12041,14996,18439,061641,FEEDER CATTLE - CHICAGO MERCANTILE EXCHANGE,138.72500610351562,0.05893226982524006,-3443,0.3240117641194357,16464,-1.1132711895385738,0.019291161956034097,0.0335421496571795,0.00036057725370408633,0.07857266835044063,-0.061165766765358565
2017-05-02,59185,28208,12799,15815,18490,061641,FEEDER CATTLE - CHICAGO MERCANTILE EXCHANGE,149.625,0.04519726281997127,-2675,1.3145507762353867,15409,-1.8057956626671003,0.025360734586794928,0.02572731484868437,0.07857266835044063,-0.03408525382466587,-0.05826366203360171
2017-05-09,59364,28168,14020,15739,17681,061641,FEEDER CATTLE - CHICAGO MERCANTILE EXCHANGE,144.52499389648438,0.03271342901421737,-1942,1.238489482132297,14148,-2.1306074174199545,0.026481149012567325,0.029890016118327485,-0.03408525382466587,-0.024736184737726208,-0.055657293424183234
2017-05-16,56980,26673,12372,13874,16814,061641,FEEDER CATTLE - CHICAGO MERCANTILE EXCHANGE,140.9499969482422,0.051597051597051594,-2940,-1.6811535610807897,14301,0.25773195876288657,0.08902502606882169,0.0804968625944423,-0.024736184737726208,0.023412579802819078,-0.05274605959280879
2017-05-23,58558,26925,12837,14286,16925,061641,FEEDER CATTLE - CHICAGO MERCANTILE EXCHANGE,144.25,0.04506642986440794,-2639,0.5282555282555282,14088,-0.37381537381537383,0.016756912626958446,0.018032292138222425,0.023412579802819078,0.03934144229988079,-0.04958703214456572
2017-05-30,54964,25798,11773,13225,16239,061641,FEEDER CATTLE - CHICAGO MERCANTILE EXCHANGE,149.9250030517578,0.054835892584236955,-3014,-0.6403907237269032,14025,-0.10758564158611975,0.05929269617159924,0.05831625455803678,0.03934144229988079,0.03635148799270471,-0.045915960469862724
2017-06-06,57455,27086,12518,14581,17183,061641,FEEDER CATTLE - CHICAGO MERCANTILE EXCHANGE,155.375,0.04528761639543991,-2602,0.7495815442835311,14568,0.9879193654028092,0.07240901649666288,0.05133319866680133,0.03635148799270471,-0.03491554659216611,-0.04221669986304621
2017-06-13,57203,26911,12561,14495,16962,061641,FEEDER CATTLE - CHICAGO MERCANTILE EXCHANGE,149.9499969482422,0.04312710871807423,-2467,0.23496649551823165,14350,-0.3794273779479593,0.009759354038846679,0.005522902310498581,-0.03491554659216611,-0.04018002013407185,-0.038752162255572195
2017-06-20,54708,25739,10871,13655,16953,061641,FEEDER CATTLE - CHICAGO MERCANTILE EXCHANGE,143.9250030517578,0.06028368794326241,-3298,-1.4527210111357798,14868,0.9055469118752513,0.02773784631468897,0.07817536192297186,-0.04018002013407185,0.006600638722241703,-0.03496995540674918
2017-06-27,56313,26608,11019,13645,17679,061641,FEEDER CATTLE - CHICAGO MERCANTILE EXCHANGE,144.875,0.07163532399268376,-4034,-1.3453242670176209,15589,1.3179059735322074,0.023496360618056444,0.027028463603263615,0.006600638722241703,0.016393442622950838,-0.030825803514822652
2017-07-11,58761,25895,11299,14475,17548,061641,FEEDER CATTLE - CHICAGO MERCANTILE EXCHANGE,147.25,0.05229659127652695,-3073,1.7065331273418214,14596,-1.7633583719567418,0.030009680542110357,0.026697854492660107,0.016393442622950838,0.02954163737531834,-0.02724264569683943
2017-07-18,60374,26897,10658,14453,18847,061641,FEEDER CATTLE - CHICAGO MERCANTILE EXCHANGE,151.60000610351562,0.07277967336933117,-4394,-2.248089719371692,16239,2.7960722247749357,0.03966966966966967,0.04374916788709892,0.02954163737531834,-0.03347633247168824,-0.023202645157670173
2017-07-25,60547,26762,11846,15070,18150,061641,FEEDER CATTLE - CHICAGO MERCANTILE EXCHANGE,146.52499389648438,0.05086957239830214,-3080,2.176433564117004,14916,-2.1913406433232847,0.03955448524984949,0.03426750932449233,-0.03347633247168824,0.01808571414884752,-0.019599755180121005
2017-08-01,59019,25506,11449,15666,17860,061641,FEEDER CATTLE - CHICAGO MERCANTILE EXCHANGE,149.1750030517578,0.03717446923871973,-2194,1.4633260111979125,14057,-1.4187325548747254,0.026427250492155344,0.04473007712082262,0.01808571414884752,-0.02111619970391765,-0.016518711939768702
2017-08-08,61011,25383,11428,16160,18500,061641,FEEDER CATTLE - CHICAGO MERCANTILE EXCHANGE,146.02499389648438,0.03835373948960023,-2340,-0.24737796302885512,13955,-0.17282570019824126,0.032717830351990766,0.003911874168047594,-0.02111619970391765,-0.004622412745637572,-0.013865200331382185
2017-08-15,56650,23393,10469,13820,16222,061641,FEEDER CATTLE - CHICAGO MERCANTILE EXCHANGE,145.35000610351562,0.042400706090026476,-2402,-0.10162101916047926,12924,-1.6898592057170019,0.15371812795419745,0.08708877207489221,-0.004622412745637572,-0.022531881787064,-0.01135228562725113
2017-08-22,54629,22989,10990,13399,15483,061641,FEEDER CATTLE - CHICAGO MERCANTILE EXCHANGE,142.0749969482422,0.03814823628475718,-2084,0.5613415710503089,11999,-1.6328331862312444,0.04016342358562426,0.027222696371288147,-0.022531881787064,0.003695295910966623,-0.00915976776853399
2017-08-29,53200,23514,10663,12825,15222,061641,FEEDER CATTLE - CHICAGO MERCANTILE EXCHANGE,142.60000610351562,0.04505639097744361,-2397,-0.5729557561002397,12851,1.5596111955188636,0.029771455057581917,0.024929045849547943,0.003695295910966623,-0.00385696373223543,-0.007615358996317883
2017-09-05,50346,22325,9357,12835,15479,061641,FEEDER CATTLE - CHICAGO MERCANTILE EXCHANGE,142.0500030517578,0.05251658523020697,-2644,-0.4642857142857143,12968,0.2199248120300752,0.009429963975418522,0.07875134145571618,-0.00385696373223543,0.04171068584629989,-0.005243099124111246
2017-09-12,51499,23019,9369,12106,15387,061641,FEEDER CATTLE - CHICAGO MERCANTILE EXCHANGE,147.97500610351562,0.06370997495096992,-3281,-1.2652445080046082,13650,1.3546259881619196,0.029862146728258102,0.021798196863035694,0.04171068584629989,0.02432837098319296,-0.002842249048403134
2017-09-19,54152,26010,11538,11869,15467,061641,FEEDER CATTLE - CHICAGO MERCANTILE EXCHANGE,151.5749969482422,0.06644260599793175,-3598,-0.6155459329307366,14472,1.5961474980096702,0.011596429616622769,0.13742409715564077,0.02432837098319296,-0.006597394162188075,-8.99770417146981e-05
2017-09-26,59765,28459,13525,12655,16318,061641,FEEDER CATTLE - CHICAGO MERCANTILE EXCHANGE,150.5749969482422,0.061290052706433534,-3663,-0.12003250110799231,14934,0.8531540847983453,0.056500880129776,0.1056592987804878,-0.006597394162188075,0.012286276878700653,0.0024475707319511573
2017-10-03,59557,28243,13131,13814,17963,061641,FEEDER CATTLE - CHICAGO MERCANTILE EXCHANGE,152.4250030517578,0.06966435515556525,-4149,-0.8131849744833932,15112,0.29783317995482306,0.0882399219561318,0.01474355875670711,0.012286276878700653,0.01082495564014585,0.005291340268204042
2017-10-10,59332,29891,13813,12291,16901,061641,FEEDER CATTLE - CHICAGO MERCANTILE EXCHANGE,154.0749969482422,0.07769837524438751,-4610,-0.7740483906173917,16078,1.6219755864130163,0.08855165798849,0.053313197876624564,0.01082495564014585,-0.01249393535541965,0.00834676342841084
2017-10-17,60746,30845,14125,12510,16947,061641,FEEDER CATTLE - CHICAGO MERCANTILE EXCHANGE,152.14999389648438,0.07304184637671617,-4437,0.2915795860581137,16720,1.08204678756826,0.00899616389992192,0.028152101400933955,-0.01249393535541965,0.01955311352519451,0.011384475808428583
2017-10-24,62895,30955,13937,12656,17515,061641,FEEDER CATTLE - CHICAGO MERCANTILE EXCHANGE,155.125,0.07725574369981715,-4859,-0.6946959470582426,17018,0.4905672801501333,0.02366510887938749,0.006638153791321394,0.01955311352519451,0.02771960065597301,0.014210538720569571
2017-10-31,63489,32281,16633,12936,16602,061641,FEEDER CATTLE - CHICAGO MERCANTILE EXCHANGE,159.4250030517578,0.05774228606530265,-3666,1.8968121472295096,15648,-2.1782335638763017,0.04038865190601937,0.08222594758146952,0.02771960065597301,0.0028226246801206223,0.016893932592030383
2017-11-07,65612,33930,17491,12622,16609,061641,FEEDER CATTLE - CHICAGO MERCANTILE EXCHANGE,159.875,0.06076632323355484,-3987,-0.505599395170817,16439,1.2458851139567484,0.010981492251376963,0.04875439995332646,0.0028226246801206223,-0.014073494917904661,0.019543771412478317
2017-11-14,62000,32735,15698,11743,16219,061641,FEEDER CATTLE - CHICAGO MERCANTILE EXCHANGE,157.625,0.07219354838709677,-4476,-0.7452904956410412,17037,0.9114186429311711,0.045383019812602815,0.06169347345817934,-0.014073494917904661,-0.03806502775574938,0.022775366180430696
2017-11-21,56497,28302,13713,10763,14690,061641,FEEDER CATTLE - CHICAGO MERCANTILE EXCHANGE,151.625,0.06950811547515798,-3927,0.885483870967742,14589,-3.9483870967741934,0.09857384198326327,0.15275496846364395,-0.03806502775574938,0.018961253091508645,0.02544464025976019
2017-11-28,56361,28303,13270,11283,15324,061641,FEEDER CATTLE - CHICAGO MERCANTILE EXCHANGE,154.5,0.07169851493053707,-4041,-0.2017806255199391,15033,0.7858824362355523,0.043372044950576914,0.010680008659466481,0.018961253091508645,-0.043203903247623354,0.028036843639491292
2017-12-05,57376,28028,14045,12741,15812,061641,FEEDER CATTLE - CHICAGO MERCANTILE EXCHANGE,147.8249969482422,0.05352412158393754,-3071,1.7210482425790885,13983,-1.8629903656783946,0.06815395930375091,0.024956623012383237,-0.043203903247623354,-0.004904385994882854,0.03041030177172199
2017-12-12,53822,24868,13301,11867,14087,061641,FEEDER CATTLE - CHICAGO MERCANTILE EXCHANGE,147.10000610351562,0.04124707368733975,-2220,1.4831985499163414,11567,-4.210819854991634,0.10013870694305309,0.10228195656160759,-0.004904385994882854,-0.012916445115144226,0.032611071029499845
2017-12-19,54157,23523,13589,12338,13935,061641,FEEDER CATTLE - CHICAGO MERCANTILE EXCHANGE,145.1999969482422,0.029488339457503183,-1597,1.1575192300546246,9934,-3.034075285199361,0.023712556617059337,0.04400194007329166,-0.012916445115144226,-0.005509663006693977,0.034202150185452446
2017-12-26,52650,21986,13511,12510,13010,061641,FEEDER CATTLE - CHICAGO MERCANTILE EXCHANGE,144.39999389648438,0.00949667616334283,-500,2.025592259541703,8475,-2.6940192403567407,0.0429858934169279,0.04549680254669409,-0.005509663006693977,,0.03527519400049383
