,Open_Interest_All,NonComm_Positions_Long_All,NonComm_Positions_Short_All,Comm_Positions_Long_All,Comm_Positions_Short_All,CFTC_Contract_Market_Code,Market_and_Exchange_Names,HE_Close,HP,NetLong_Comm,Q_Comm,NetLong_NonComm,Q_NonComm,PT_Comm,PT_NonComm,Ret,Ret_Lead,HP_Smooth_52w,Basis
2015-01-06,214678,81559,50448,85170,107551,054642,LEAN HOGS - CHICAGO MERCANTILE EXCHANGE,78.57499694824219,0.10425381268690784,-22381,,31111,,,,,-0.04327068442298476,,
2015-01-13,210629,77638,50570,82986,101690,054642,LEAN HOGS - CHICAGO MERCANTILE EXCHANGE,75.17500305175781,0.0888006874646891,-18704,1.7127977715462226,27068,-1.883285665042529,0.04356278022049427,0.03153469362286285,-0.04327068442298476,-0.04522782025745997,,
2015-01-20,206585,77603,49061,81819,100685,054642,LEAN HOGS - CHICAGO MERCANTILE EXCHANGE,71.7750015258789,0.09132318416148316,-18866,-0.0769124859349852,28542,0.6998086683220259,0.011901109016788673,0.012189730310111791,-0.04522782025745997,-0.03274118319974939,,-0.045258124130453804
2015-01-27,202956,75687,52588,81032,95779,054642,LEAN HOGS - CHICAGO MERCANTILE EXCHANGE,69.42500305175781,0.07266106939435149,-14747,1.9938524094198513,23099,-2.6347508289566037,0.0321982229612411,0.04243227441044631,-0.03274118319974939,-0.03204906021908038,,-0.04125253436985947
2015-02-03,197570,76515,54018,78496,91275,054642,LEAN HOGS - CHICAGO MERCANTILE EXCHANGE,67.19999694824219,0.0646808726021157,-12779,0.9696683024892094,22497,-0.2966160152939553,0.04146762403472914,0.01729830770762949,-0.03204906021908038,-0.08444934047741393,,-0.03907579815977754
2015-02-10,194869,79068,55798,73404,86850,054642,LEAN HOGS - CHICAGO MERCANTILE EXCHANGE,61.525001525878906,0.0690002001344493,-13446,-0.33760186263096625,23270,0.3912537328541783,0.05938697318007663,0.03212818649622588,-0.08444934047741393,0.0402275239778751,,-0.049838406974348104
2015-02-17,193982,75847,59198,73075,82337,054642,LEAN HOGS - CHICAGO MERCANTILE EXCHANGE,64.0,0.04774669814725078,-9262,2.1470834252754414,16649,-3.397667150752557,0.031155895297660413,0.049028101743863156,0.0402275239778751,0.07148432731628418,,-0.027631266561590866
2015-02-24,190945,73220,58036,75963,81485,054642,LEAN HOGS - CHICAGO MERCANTILE EXCHANGE,68.57499694824219,0.02891932231794496,-5522,1.9280139394376796,15184,-0.7552247115711768,0.023753874295005334,0.028867251782775643,0.07148432731628418,-0.043383136806648515,,-0.0011973538927425812
2015-03-03,201534,73078,66276,79848,79123,054642,LEAN HOGS - CHICAGO MERCANTILE EXCHANGE,65.5999984741211,-0.003597407881548523,725,3.271622718583885,6802,-4.389745738301605,0.039296475457787895,0.0601489731188197,-0.043383136806648515,0.005716463547601025,,-0.004038299463822316
2015-03-10,204657,75380,65909,76760,78435,054642,LEAN HOGS - CHICAGO MERCANTILE EXCHANGE,65.9749984741211,0.008184425648768427,-1675,-1.1908660573402006,9471,1.3243422946004149,0.02433068075646767,0.018890359475967698,0.005716463547601025,-0.06366043266965216,,0.018342045978934577
2015-03-17,206418,77544,71849,77462,75031,054642,LEAN HOGS - CHICAGO MERCANTILE EXCHANGE,61.775001525878906,-0.011777073704812565,2431,2.006283684408547,5695,-1.845038283567139,0.026925826103493276,0.05424618288674837,-0.06366043266965216,-0.051396244003777736,,-0.00748866484031362
2015-03-24,212035,73120,76133,81179,68470,054642,LEAN HOGS - CHICAGO MERCANTILE EXCHANGE,58.599998474121094,-0.05993821774707006,12709,4.979216928756213,-3013,-4.218624344776134,0.06868071286811138,0.05834388588504084,-0.051396244003777736,0.0652730522617444,,-0.038928826738709954
2015-03-31,216988,69678,79171,87258,69404,054642,LEAN HOGS - CHICAGO MERCANTILE EXCHANGE,62.42499923706055,-0.08228104779987834,17854,2.426486193317141,-9493,-3.056099228900889,0.04476516321762776,0.04353405128687462,0.0652730522617444,0.002402907932914422,,-0.011077924466144995
2015-04-07,218609,66473,81527,90170,67183,054642,LEAN HOGS - CHICAGO MERCANTILE EXCHANGE,62.57500076293945,-0.10515120603451825,22987,2.3655686028720484,-15054,-2.562814533522591,0.03262092238470191,0.037574324324324324,0.002402907932914422,0.00958846930572399,,-0.011915892214777282
2015-04-14,214806,65158,77880,85343,65419,054642,LEAN HOGS - CHICAGO MERCANTILE EXCHANGE,63.17499923706055,-0.09275346126272078,19924,-1.4011317008906312,-12722,1.0667447360355704,0.0437179130019501,0.03469008235573764,0.00958846930572399,0.13335970461109503,,0.006446224751137041
2015-04-21,213764,65241,77679,86271,66713,054642,LEAN HOGS - CHICAGO MERCANTILE EXCHANGE,71.5999984741211,-0.09149342265301921,19558,-0.17038630205860172,-12438,0.13221232181596418,0.014524394707943315,0.0019871256647075288,0.13335970461109503,0.03002795491198218,,0.05131652596917119
2015-04-28,221128,65686,75664,87006,72659,054642,LEAN HOGS - CHICAGO MERCANTILE EXCHANGE,73.75,-0.06488097391556022,14347,-2.437735072322748,-9978,1.1508018188282405,0.04184386058309586,0.017403608065086663,0.03002795491198218,0.07118644067796609,,0.04291078031033055
2015-05-05,221306,69818,73163,84767,75603,054642,LEAN HOGS - CHICAGO MERCANTILE EXCHANGE,79.0,-0.041408728186312166,9164,-2.3438913208639343,-3345,2.9996201295177456,0.032319012284093035,0.046390779194438424,0.07118644067796609,0.02911396268047861,,0.059250164625525445
2015-05-12,215460,73435,68326,77995,73982,054642,LEAN HOGS - CHICAGO MERCANTILE EXCHANGE,81.30000305175781,-0.018625266870880907,4013,-2.3275464741127667,5109,3.8200500664238657,0.055225461747501266,0.059635583834764146,0.02911396268047861,0.010455085390094876,,0.06384016708298965
2015-05-19,219467,73865,66975,81247,78155,054642,LEAN HOGS - CHICAGO MERCANTILE EXCHANGE,82.1500015258789,-0.014088678480135966,3092,-0.4274575327206906,6890,0.8266035459017915,0.04658034403583393,0.01264555523998864,0.010455085390094876,0.012477194240294809,,0.03459064641331632
2015-05-26,221409,71994,67907,85279,79117,054642,LEAN HOGS - CHICAGO MERCANTILE EXCHANGE,83.17500305175781,-0.027830846984539925,6162,1.398843561902245,4087,-1.2771851804599326,0.03037786807464902,0.020035596600453176,0.012477194240294809,0.015629640813530576,,0.030343126372349195
2015-06-02,226296,69979,69913,92382,82593,054642,LEAN HOGS - CHICAGO MERCANTILE EXCHANGE,84.4749984741211,-0.04325750344681303,9789,1.6381447908621602,66,-1.8160960033241649,0.06046006572367481,0.02874360220741715,0.015629640813530576,-0.03876888529192701,,0.016777439144040344
2015-06-09,225092,72748,72309,90921,79461,054642,LEAN HOGS - CHICAGO MERCANTILE EXCHANGE,81.19999694824219,-0.050912515771329055,11460,0.7384134054512673,439,0.16482836638738643,0.02695707293023911,0.03560669254155263,-0.03876888529192701,-0.049876792790334634,,-5.174255062437256e-05
2015-06-16,218103,68188,71903,89443,75171,054642,LEAN HOGS - CHICAGO MERCANTILE EXCHANGE,77.1500015258789,-0.06543697243962715,14272,1.2492669663959626,-3715,-1.8454676310130969,0.0350395470616108,0.0354483871198007,-0.049876792790334634,-0.03629297467762971,,-0.015250409352807635
2015-06-23,219163,74369,79482,87217,70457,054642,LEAN HOGS - CHICAGO MERCANTILE EXCHANGE,74.3499984741211,-0.07647276228195453,16760,1.1407454276190607,-5113,-0.6409815545865943,0.04401486611616373,0.08943718272874404,-0.03629297467762971,0.024882293370389608,,-0.027707587373816248
2015-06-30,220415,73695,82422,89729,72026,054642,LEAN HOGS - CHICAGO MERCANTILE EXCHANGE,76.19999694824219,-0.0803166753623846,17703,0.43027335818546014,-8727,-1.6490009718793774,0.02522951377082625,0.023149304688150553,0.024882293370389608,0.040026288371500574,-0.013640480317890172,-0.025332259214221636
2015-07-07,225310,72538,84449,93211,72581,054642,LEAN HOGS - CHICAGO MERCANTILE EXCHANGE,79.25,-0.09156273578625006,20630,1.3279495497130414,-11911,-1.4445477848603772,0.02434978768577495,0.0202819341728933,0.040026288371500574,0.008517388665713721,-0.01652648977968128,-0.0053294728765821845
2015-07-14,216904,73632,80315,85589,68722,054642,LEAN HOGS - CHICAGO MERCANTILE EXCHANGE,79.92500305175781,-0.07776251244790322,16867,-1.6701433580400338,-6683,2.320358617016555,0.07440169527771838,0.03395973939082931,0.008517388665713721,-0.050672541721832776,-0.018713490589260636,0.00924042440692104
2015-07-21,200599,70136,75513,78857,62461,054642,LEAN HOGS - CHICAGO MERCANTILE EXCHANGE,75.875,-0.0817352030668149,16396,-0.21714675616862758,-5377,0.6021096890790395,0.0919415785674861,0.05697258477572795,-0.050672541721832776,0.04744643787968483,-0.020886653088486647,0.005672239560719543
2015-07-28,204588,73312,75494,75533,63447,054642,LEAN HOGS - CHICAGO MERCANTILE EXCHANGE,79.4749984741211,-0.05907482354781317,12086,-2.1485650476821916,-2182,1.5927297743258941,0.03101165635343215,0.02147090843111165,0.04744643787968483,0.024221492151203172,-0.02215959210379753,0.011265696369395891
2015-08-04,208399,75853,74630,77908,68017,054642,LEAN HOGS - CHICAGO MERCANTILE EXCHANGE,81.4000015258789,-0.047461840028023165,9891,-1.0728879504174242,1223,1.6643204880051616,0.04759294157957855,0.02262714060724467,0.024221492151203172,-0.05743246884671771,-0.022975793649740294,0.007351108516121276
2015-08-11,203456,74100,77180,76115,62712,054642,LEAN HOGS - CHICAGO MERCANTILE EXCHANGE,76.7249984741211,-0.06587665146272413,13403,1.6852288158772357,-3080,-2.064789178450952,0.05112838280737897,0.028443945002644102,-0.05743246884671771,-0.13815573391893143,-0.024316445456396038,-0.009151013228392697
2015-08-18,194978,69400,69955,76421,64265,054642,LEAN HOGS - CHICAGO MERCANTILE EXCHANGE,66.125,-0.0623454953892234,12156,-0.6129089336269267,-555,1.2410545769109782,0.013213823692478284,0.08557281762405368,-0.13815573391893143,0.020793950850661602,-0.025468840908905954,-0.03147009783304357
2015-08-25,189941,68187,68075,74636,65346,054642,LEAN HOGS - CHICAGO MERCANTILE EXCHANGE,67.5,-0.04890992466081573,9290,-1.4699094256787946,112,0.3420898768066141,0.02047406095069366,0.02269891826041009,0.020793950850661602,0.007037014431423572,-0.026158284548668007,-0.03836999265718294
2015-09-01,190466,68680,68385,74473,65736,054642,LEAN HOGS - CHICAGO MERCANTILE EXCHANGE,67.9749984741211,-0.04587170413617128,8737,-0.2911430391542637,295,0.09634570735123012,0.003944112004222268,0.0058585342720607015,0.007037014431423572,0.011769077892107349,-0.026721525108310957,-0.04284415163051195
2015-09-08,196278,70824,67845,74001,69812,054642,LEAN HOGS - CHICAGO MERCANTILE EXCHANGE,68.7750015258789,-0.021342177931301522,4189,-2.3878277487845603,2979,1.4091753908834124,0.031624401132025616,0.019355443538209692,0.011769077892107349,0.008724077947062314,-0.026572098797838475,-0.024947540835154786
2015-09-15,194998,70806,64684,70315,68613,054642,LEAN HOGS - CHICAGO MERCANTILE EXCHANGE,69.375,-0.00872829464917589,1702,-1.2670803656038885,6122,1.6013001966598397,0.035162098353103764,0.023462986198243413,0.008724077947062314,0.023423423423423406,-0.026089833820847595,0.01200863710683693
2015-09-22,195340,70103,59016,71542,72308,054642,LEAN HOGS - CHICAGO MERCANTILE EXCHANGE,71.0,0.003921367871403706,-766,-1.265654006707761,11087,2.546179960820111,0.03421619742787626,0.04934207978686328,0.023423423423423406,0.03169014084507049,-0.025300065355262035,0.012657947516414612
2015-09-29,200403,73441,56816,72840,78615,054642,LEAN HOGS - CHICAGO MERCANTILE EXCHANGE,73.25,0.028816933878235355,-5775,-2.5642469540288726,16625,2.835056823999181,0.0502129345350104,0.0425159492388125,0.03169014084507049,0.004778136165475733,-0.023912449990300563,0.018725262860140948
2015-10-06,203106,76387,56293,73237,83065,054642,LEAN HOGS - CHICAGO MERCANTILE EXCHANGE,73.5999984741211,0.04838852618829577,-9828,-2.0224248139997907,20094,1.7310120107982416,0.03101047971235173,0.026145613506180283,0.004778136165475733,0.016983696004280846,-0.022104925585835655,0.017008476894385696
2015-10-13,206367,80273,56188,71845,87433,054642,LEAN HOGS - CHICAGO MERCANTILE EXCHANGE,74.8499984741211,0.07553533268400471,-15588,-2.8359575788012172,24085,1.9649838015617462,0.03616318637853313,0.029246451367057256,0.016983696004280846,-0.09352037598798624,-0.019723455871937107,0.01903649968904562
2015-10-20,198987,74091,48073,71713,89517,054642,LEAN HOGS - CHICAGO MERCANTILE EXCHANGE,67.8499984741211,0.0894731816651339,-17804,-1.0738150964059177,26018,0.936680767758411,0.013744340383303355,0.11703120395533873,-0.09352037598798624,-0.09727337689828275,-0.017123535930578276,-0.01006760948076015
2015-10-27,195171,68429,46506,73803,86780,054642,LEAN HOGS - CHICAGO MERCANTILE EXCHANGE,61.25,0.06649041097294167,-12977,2.425786609175474,21923,-2.0579233819294727,0.03005922171089094,0.06289641971549137,-0.09727337689828275,-0.049387780014349514,-0.015179025537473158,-0.043176827651312956
2015-11-03,203242,70266,58679,76521,81155,054642,LEAN HOGS - CHICAGO MERCANTILE EXCHANGE,58.224998474121094,0.022800405428011927,-4634,4.274712944033694,11587,-5.295868750992719,0.05291230117456049,0.10865097522199388,-0.049387780014349514,-0.08029195980380166,-0.014315856651893954,-0.05741669813561403
2015-11-10,205800,74941,72067,73301,70041,054642,LEAN HOGS - CHICAGO MERCANTILE EXCHANGE,53.54999923706055,-0.01584062196307094,3260,3.8840397162003915,2874,-4.287007606695466,0.09999860473552762,0.12287086417065737,-0.08029195980380166,0.011671335367031244,-0.014349740325475663,-0.08351028371306107
2015-11-17,203921,74045,75958,75873,67161,054642,LEAN HOGS - CHICAGO MERCANTILE EXCHANGE,54.17499923706055,-0.042722426822151716,8712,2.6491739552964044,-1913,-2.326044703595724,0.038116811387502274,0.031912695079431744,0.011671335367031244,0.05629901762830247,-0.0149665378580121,-0.055322923857635965
2015-11-24,203800,73170,77836,75930,64770,054642,LEAN HOGS - CHICAGO MERCANTILE EXCHANGE,57.224998474121094,-0.054759568204121686,11160,1.200464885911701,-4666,-1.3500326106678566,0.017398720682302773,0.018231063666344385,0.05629901762830247,0.04761908888561517,-0.01581319807814209,-0.015547586475709982
2015-12-01,195714,69367,75131,74178,61490,054642,LEAN HOGS - CHICAGO MERCANTILE EXCHANGE,59.95000076293945,-0.06482929172159375,12688,0.7497546614327772,-5764,-0.5387634936211972,0.03709054456467258,0.04503868565654888,0.04761908888561517,-0.07714762203738179,-0.016834366695714,0.00878566330628176
2015-12-08,179003,62342,69885,70672,55444,054642,LEAN HOGS - CHICAGO MERCANTILE EXCHANGE,55.32500076293945,-0.08507119992402362,15228,1.2978121135943264,-7543,-0.9089794291670499,0.07573979510926448,0.09280252898424679,-0.07714762203738179,0.06507001219117248,-0.01822695512894481,0.0095645682988278
2015-12-15,177113,62663,70928,68540,53998,054642,LEAN HOGS - CHICAGO MERCANTILE EXCHANGE,58.92499923706055,-0.08210577427969715,14542,-0.3832338005508288,-8265,-0.4033451953319218,0.029199105583574074,0.010210268655822623,0.06507001219117248,-0.035214268812996274,-0.019504531511959855,0.02270050690080971
2015-12-22,165573,56693,67040,66124,48691,054642,LEAN HOGS - CHICAGO MERCANTILE EXCHANGE,56.849998474121094,-0.10528890579985867,17433,1.6322912490895642,-10347,-1.1755207127652967,0.06726473021817707,0.07967155083930721,-0.035214268812996274,0.04045739865419362,-0.02118657806662454,8.179921095560437e-05
2015-12-29,166456,55445,64251,69195,52628,054642,LEAN HOGS - CHICAGO MERCANTILE EXCHANGE,59.150001525878906,-0.09952780314317297,16567,-0.523032136882221,-8806,0.9307073013112042,0.05752608292358586,0.033727108675310785,0.04045739865419362,0.0329669805230528,-0.022693140087327392,-0.0017100813572460045
2016-01-05,164890,55598,60886,65919,52194,054642,LEAN HOGS - CHICAGO MERCANTILE EXCHANGE,61.099998474121094,-0.08323730972163261,13725,-1.7073581006392078,-5288,2.1134714278848463,0.03141059832533252,0.030201572748188594,0.0329669805230528,0.013093339962956918,-0.026298738595183942,0.025492322628607716
2016-01-12,163732,52324,56089,64517,53180,054642,LEAN HOGS - CHICAGO MERCANTILE EXCHANGE,61.900001525878906,-0.06924119903256541,11337,-1.4482382194190064,-3765,0.9236460670750197,0.020289387155152636,0.07444679143645135,0.013093339962956918,0.015347284730599098,-0.029338005643208064,0.012744307806271518
2016-01-19,167196,54541,55883,65508,55992,054642,LEAN HOGS - CHICAGO MERCANTILE EXCHANGE,62.849998474121094,-0.05691523720663174,9516,-1.1121833239684362,-1342,1.4798573278284024,0.03130041152263374,0.021942693617329565,0.015347284730599098,0.023468552266209475,-0.032188744515671816,0.02514738815716411
2016-01-26,169738,58388,53766,66184,61463,054642,LEAN HOGS - CHICAGO MERCANTILE EXCHANGE,64.32499694824219,-0.02781345367566485,4721,-2.867891576353501,4622,3.5670709825593914,0.048156243389973916,0.05317688178754213,0.023468552266209475,-0.001943256990755482,-0.0341209468824029,0.020997050326849235
2016-02-02,183386,64504,53210,70697,71401,054642,LEAN HOGS - CHICAGO MERCANTILE EXCHANGE,64.19999694824219,0.0038388971895346427,-704,-3.196102228139839,11294,3.930763883161107,0.10169742009036017,0.05667974922269229,-0.001943256990755482,0.010124634840760649,-0.03529098487110638,0.01241410514068559
2016-02-09,193559,69121,53169,73553,77250,054642,LEAN HOGS - CHICAGO MERCANTILE EXCHANGE,64.8499984741211,0.019100119343456002,-3697,-1.6320766034484637,15952,2.5399976006892566,0.05772431582926069,0.038089786572900484,0.010124634840760649,0.08172711143351563,-0.03625060180939472,0.01168081657167705
2016-02-16,203189,76389,53988,74599,83484,054642,LEAN HOGS - CHICAGO MERCANTILE EXCHANGE,70.1500015258789,0.043727760853195796,-8885,-2.680319695803347,22401,3.331800639598262,0.046051757620996565,0.06202781165389601,0.08172711143351563,-0.0028510986926056914,-0.03632788906504962,0.027949994617323497
2016-02-23,194332,71410,46892,78466,88578,054642,LEAN HOGS - CHICAGO MERCANTILE EXCHANGE,69.94999694824219,0.052034662330444806,-10112,-0.603871272559046,24518,1.0418871100305627,0.05364454874164891,0.10206928031647816,-0.0028510986926056914,0.00643323226975534,-0.035883363295578466,0.02153088559290115
2016-03-01,196308,73504,46559,81194,92661,054642,LEAN HOGS - CHICAGO MERCANTILE EXCHANGE,70.4000015258789,0.05841330969700675,-11467,-0.6972603585616368,26945,1.2488936459255295,0.03917632509850162,0.02021438744659054,0.00643323226975534,-0.008877840716668861,-0.03469084949599086,0.0235783041381314
2016-03-08,199069,78521,49793,79363,91580,054642,LEAN HOGS - CHICAGO MERCANTILE EXCHANGE,69.7750015258789,0.06137068051781041,-12217,-0.38205269270737824,28728,0.9082666014630071,0.017034918072105908,0.06430319372788627,-0.008877840716668861,0.013615147652699777,-0.03366803690235544,0.018927588751301294
2016-03-15,220979,91495,48312,81620,108824,054642,LEAN HOGS - CHICAGO MERCANTILE EXCHANGE,70.7249984741211,0.12310672054810638,-27204,-7.528545378738026,43183,7.261301357820655,0.10239755518682657,0.10339253399329075,0.013615147652699777,-0.008130038326583877,-0.031074117782107002,0.0020777002135803887
2016-03-22,230984,96478,47345,83395,116536,054642,LEAN HOGS - CHICAGO MERCANTILE EXCHANGE,70.1500015258789,0.14347747030097321,-33141,-2.6866806348114527,49133,2.692563546762362,0.0474513707228994,0.04137029543258033,-0.008130038326583877,0.001425494967155494,-0.027162277627336934,0.0007598364709399966
2016-03-29,234354,96474,45869,86061,120195,054642,LEAN HOGS - CHICAGO MERCANTILE EXCHANGE,70.25,0.14565145036995314,-34134,-0.42989990648702947,50605,0.6372735773906418,0.030665774571406408,0.010397420315716263,0.001425494967155494,-0.040925266903914626,-0.022778960354840175,-0.0004919300836145743
2016-04-05,226021,89404,45287,87600,114444,054642,LEAN HOGS - CHICAGO MERCANTILE EXCHANGE,67.375,0.11876772512288682,-26844,3.1106787168130263,44117,-2.768461387473651,0.03608124962879373,0.05681151673088774,-0.040925266903914626,-0.011502805578907704,-0.018472827063351616,-0.00854002810694289
2016-04-12,230526,89223,46901,89822,115852,054642,LEAN HOGS - CHICAGO MERCANTILE EXCHANGE,66.5999984741211,0.11291567979316866,-26030,0.3601435264864769,42322,-0.7941739926820959,0.01764928965255696,0.013186506420616497,-0.011502805578907704,0.14414412453554903,-0.014517651273815284,-0.014893513775733093
2016-04-19,219320,80351,44895,90349,109313,054642,LEAN HOGS - CHICAGO MERCANTILE EXCHANGE,76.19999694824219,0.0864672624475652,-18964,3.0651640162064147,35456,-2.9784059064921093,0.03538980877683285,0.08685307315203679,0.14414412453554903,-0.01870072807655343,-0.011095330406496353,0.023018418499439305
2016-04-26,224126,77672,46874,95101,109931,054642,LEAN HOGS - CHICAGO MERCANTILE EXCHANGE,74.7750015258789,0.06616813756547656,-14830,1.88491701623199,30798,-2.1238373153383185,0.02619103359475594,0.03739983620509691,-0.01870072807655343,0.04948173684706192,-0.008575155185707183,0.018089229870801027
2016-05-03,228102,83584,43578,90818,117070,054642,LEAN HOGS - CHICAGO MERCANTILE EXCHANGE,78.4749984741211,0.11508886375393464,-26252,-5.0962405075716335,40006,4.108403308853056,0.054943046255676135,0.07241156949403124,0.04948173684706192,-0.022618688249662733,-0.005565586109933205,0.04004304987614791
2016-05-10,230224,87110,43017,87946,116244,054642,LEAN HOGS - CHICAGO MERCANTILE EXCHANGE,76.69999694824219,0.12291507401487248,-28298,-0.8969671462766657,44093,1.791742290729586,0.018110583280278172,0.03140777855479647,-0.022618688249662733,0.0788787912969593,-0.002843656477514872,0.03736958863293468
2016-05-17,243829,93850,43370,90060,127186,054642,LEAN HOGS - CHICAGO MERCANTILE EXCHANGE,82.75,0.1522624462225576,-37126,-3.834526374313712,50480,2.774254638960317,0.060097769349032895,0.051690715639119665,0.0788787912969593,-0.03716008396667292,0.00035540361292154404,0.021526902579213424
2016-05-24,229482,80228,44992,94422,116513,054642,LEAN HOGS - CHICAGO MERCANTILE EXCHANGE,79.67500305175781,0.09626463077714156,-22091,6.166206644820756,35236,-6.251922453850854,0.07127788181193259,0.1217377415748283,-0.03716008396667292,0.011295812513489656,0.0027418551083384954,0.017000114690272322
2016-05-31,229073,79471,45336,92854,114556,054642,LEAN HOGS - CHICAGO MERCANTILE EXCHANGE,80.57499694824219,0.09473835851453467,-21702,0.16951220575034207,34135,-0.4797761915967266,0.016995323272744806,0.008821620582178884,0.011295812513489656,0.01582378621370495,0.0053956216845182595,0.007570231254544928
2016-06-07,248591,92883,47231,93485,127671,054642,LEAN HOGS - CHICAGO MERCANTILE EXCHANGE,81.8499984741211,0.13751905740754894,-34186,-5.44979111462285,45652,5.027654939691714,0.062155220749154444,0.10924675621279815,0.01582378621370495,-0.0021380015348272385,0.009019305784112067,0.0170631691050441
2016-06-14,266712,108518,53026,94988,136432,054642,LEAN HOGS - CHICAGO MERCANTILE EXCHANGE,81.67500305175781,0.15538858394073007,-41444,-2.9196551765751777,55492,3.9583090296913404,0.044352259960245444,0.13265735650968158,-0.0021380015348272385,0.055402433148571406,0.013265951099118937,-0.0030492659833374755
2016-06-21,266488,112984,51482,97349,144259,054642,LEAN HOGS - CHICAGO MERCANTILE EXCHANGE,86.19999694824219,0.17603044039506469,-46910,-2.0494016017277064,61502,2.2533669276223045,0.042167477898082846,0.03654250726593947,0.055402433148571406,-0.0353827787742802,0.018121781919830843,0.019896747950255488
2016-06-28,257426,104531,46649,99298,144012,054642,LEAN HOGS - CHICAGO MERCANTILE EXCHANGE,83.1500015258789,0.1736965186111737,-44714,0.8240521149169945,57882,-1.3584101347903095,0.009025522995355719,0.08788199497288,-0.0353827787742802,-0.013229085435178756,0.023006651034706966,0.008391056175711169
2016-07-05,260168,107027,46135,102560,148828,054642,LEAN HOGS - CHICAGO MERCANTILE EXCHANGE,82.05000305175781,0.17783893484210203,-46268,-0.6036686271006036,60892,1.1692680615011692,0.032133594284532274,0.019652394196994032,-0.013229085435178756,-0.025594223344402867,0.02818745239294451,0.0011624659256691458
2016-07-12,237160,95703,43341,93474,129900,054642,LEAN HOGS - CHICAGO MERCANTILE EXCHANGE,79.94999694824219,0.1535925113847192,-36426,3.7829402539897297,52362,-3.278650717997601,0.12541298450132962,0.10153620436696298,-0.025594223344402867,-0.032520307359164446,0.032636587466648784,-0.004711997646066072
2016-07-19,233835,91411,44964,91234,123963,054642,LEAN HOGS - CHICAGO MERCANTILE EXCHANGE,77.3499984741211,0.13996621549383112,-32729,1.5588632147073707,46447,-2.4940968122786304,0.03799774160420452,0.04337305224564619,-0.032520307359164446,-0.035552683312851885,0.03690007628512274,-0.027044013664763833
2016-07-26,223501,86888,49475,90524,112102,054642,LEAN HOGS - CHICAGO MERCANTILE EXCHANGE,74.5999984741211,0.09654542932693813,-21578,4.768747193533902,37413,-3.8634079586032883,0.06204040942425947,0.06624964249833167,-0.035552683312851885,-0.07607232625255278,0.03989277345579104,-0.027087655150895177
2016-08-02,224120,88881,55577,85063,101257,054642,LEAN HOGS - CHICAGO MERCANTILE EXCHANGE,68.92500305175781,0.07225593432089952,-16194,2.4089377676162522,33304,-1.8384705213846917,0.08751610133104337,0.05603704883080203,-0.07607232625255278,-0.029017046230642052,0.04219503834711647,-0.043361555087877084
2016-08-09,219821,91469,62939,80330,90781,054642,LEAN HOGS - CHICAGO MERCANTILE EXCHANGE,66.92500305175781,0.04754322835397892,-10451,2.5624665357844014,28530,-2.130108870248081,0.08888382395053503,0.06443966633853168,-0.029017046230642052,-0.10571541658601225,0.04437618988205308,-0.04425558127666353
2016-08-16,206776,82014,60984,81440,89508,054642,LEAN HOGS - CHICAGO MERCANTILE EXCHANGE,59.849998474121094,0.039018067860873605,-8068,1.0840638519522703,21030,-3.411866928091493,0.013939911552050916,0.07979132575280773,-0.10571541658601225,0.011278246766366795,0.04632548917532416,-0.0635676518855643
2016-08-23,205125,83151,60406,77374,85867,054642,LEAN HOGS - CHICAGO MERCANTILE EXCHANGE,60.525001525878906,0.04140402193784278,-8493,-0.20553642589081905,22745,0.8293999303594227,0.047212403746607776,0.011946474222782588,0.011278246766366795,0.02519616146609427,0.04806229584068299,-0.05116870801792314
2016-08-30,207484,81881,63113,78272,81044,054642,LEAN HOGS - CHICAGO MERCANTILE EXCHANGE,62.04999923706055,0.013360066318366717,-2772,2.7890310786106034,18768,-1.9388177940280318,0.03590976424213513,0.02742872118846297,0.02519616146609427,-0.050362611416980174,0.049201368349424096,-0.024871255033182046
2016-09-06,208974,78842,63175,80012,81279,054642,LEAN HOGS - CHICAGO MERCANTILE EXCHANGE,58.92499923706055,0.006062955200168442,-1267,0.7253571359719303,15667,-1.4945730755142566,0.012244948571216,0.021835414070146532,-0.050362611416980174,-0.03691131548954851,0.04972839014041391,-0.03035705284971514
2016-09-13,208137,82122,65763,77140,80345,054642,LEAN HOGS - CHICAGO MERCANTILE EXCHANGE,56.75,0.015398511557291591,-3205,-0.9273880961267909,16359,0.3311416731268005,0.024167381020414644,0.0396794806775535,-0.03691131548954851,-0.02114538789320619,0.05019236718284597,-0.012781212485389713
2016-09-20,219128,87625,74952,80013,79181,054642,LEAN HOGS - CHICAGO MERCANTILE EXCHANGE,55.54999923706055,-0.0037968675842429997,832,1.9395878676064324,12673,-1.7709489422832076,0.025358995942058118,0.09036948645872417,-0.02114538789320619,-0.06930690417638286,0.05004393957792969,-0.02102527852975199
2016-09-27,222575,92173,81029,77210,77339,054642,LEAN HOGS - CHICAGO MERCANTILE EXCHANGE,51.70000076293945,0.0005795799168819499,-129,-0.4385564601511445,11144,-0.6977656894600416,0.030055192851458114,0.06134455722220298,-0.06930690417638286,-0.059477770165599964,0.04950091354021136,-0.04544888494637157
2016-10-04,220590,99947,89836,72291,72026,054642,LEAN HOGS - CHICAGO MERCANTILE EXCHANGE,48.625,-0.0012013237227435514,265,0.17701898236549476,10111,-0.46411322026283275,0.07089947823194773,0.08736820473909676,-0.059477770165599964,0.05809770206559284,0.04854726258038368,-0.047836480722832676
2016-10-11,230138,101592,93772,72994,69753,054642,LEAN HOGS - CHICAGO MERCANTILE EXCHANGE,51.45000076293945,-0.01408285463504506,3241,1.349109207126343,7820,-1.0385783580398025,0.020848073864949877,0.028567187404025307,0.05809770206559284,-0.20068028396175985,0.04682383590117119,-0.023225731280470188
2016-10-18,229977,101936,92737,75050,69940,054642,LEAN HOGS - CHICAGO MERCANTILE EXCHANGE,41.125,-0.022219613265674395,5110,0.8121214227984949,9199,0.5992056939749194,0.015470032416028692,0.007083673647603931,-0.20068028396175985,0.0851063829787233,0.044675897537117176,-0.07025275129468236
2016-10-25,230736,98679,96840,78823,69370,054642,LEAN HOGS - CHICAGO MERCANTILE EXCHANGE,44.625,-0.0409688995215311,9453,1.8884497145366712,1839,-3.2003200320032,0.029306377494213626,0.03764340038564027,0.0851063829787233,0.040896375640099736,0.04260937233530039,-0.02967445596806256
2016-11-01,223537,90847,84090,78973,71177,054642,LEAN HOGS - CHICAGO MERCANTILE EXCHANGE,46.45000076293945,-0.034875658168446386,7796,-0.7181367450246169,6757,2.1314402607308787,0.013033633033633033,0.11765378393364469,0.040896375640099736,0.011302426319883097,0.041500217266137736,-0.0041535699604379585
2016-11-08,224577,87457,79951,77162,69718,054642,LEAN HOGS - CHICAGO MERCANTILE EXCHANGE,46.974998474121094,-0.033146760353909795,7444,-0.15746833857482206,7506,0.33506757270608445,0.022263071895424837,0.04497395584440409,0.011302426319883097,-0.018094699345000853,0.04116740691246775,-0.015970629039680165
2016-11-15,230369,84082,75780,78635,70845,054642,LEAN HOGS - CHICAGO MERCANTILE EXCHANGE,46.125,-0.033815313692380486,7790,0.15406742453590527,8302,0.35444413274734277,0.017393631255017392,0.047203212771015,-0.018094699345000853,0.06883467180619074,0.041338697549578744,0.029367154167959812
2016-11-22,225845,82112,72213,78790,73117,054642,LEAN HOGS - CHICAGO MERCANTILE EXCHANGE,49.29999923706055,-0.025118997542562378,5673,-0.9189604504078239,9899,0.6932356350029735,0.015976880591414482,0.035878827150494084,0.06883467180619074,0.021298159296343933,0.041908708523839495,0.0254091300794612
2016-11-29,218089,85483,71559,75535,73047,054642,LEAN HOGS - CHICAGO MERCANTILE EXCHANGE,50.349998474121094,-0.011408186566034968,2488,-1.4102592485997034,13924,1.7821957537248998,0.02237821539621219,0.02563008621897327,0.021298159296343933,0.060079476018925826,0.042936037469138696,0.02062105652625212
2016-12-06,210283,81476,70757,72255,69043,054642,LEAN HOGS - CHICAGO MERCANTILE EXCHANGE,53.375,-0.015274653680991805,3212,0.3319745608444259,10719,-1.469583518655228,0.051550623504932835,0.031589734157508556,0.060079476018925826,0.07119436509715316,0.04427827874304316,0.03249565240826025
2016-12-13,204523,85028,61663,72962,77343,054642,LEAN HOGS - CHICAGO MERCANTILE EXCHANGE,57.17499923706055,0.0214205737252045,-4381,-3.6108482378508966,23365,6.013800449869937,0.05992481953361498,0.08620842451138788,0.07119436509715316,0.11937036911258092,0.04626917005082973,0.05387404603333894
2016-12-20,192541,80592,47516,69828,86895,054642,LEAN HOGS - CHICAGO MERCANTILE EXCHANGE,64.0,0.08864086090754697,-17067,-6.202725365851274,33076,4.748121238198149,0.08094536219954952,0.14505729540700035,0.11937036911258092,0.01171875,0.04999858864135676,0.06577425016728083
2016-12-27,194794,79743,45649,71561,88543,054642,LEAN HOGS - CHICAGO MERCANTILE EXCHANGE,64.75,0.08717927656909351,-16982,0.04414644153712716,34094,0.5287185586446523,0.021117523609653726,0.02166007400791119,0.01171875,-0.019305019305019266,0.0535891094050542,0.06352933087993617
2017-01-03,196202,78443,46918,73644,87375,054642,LEAN HOGS - CHICAGO MERCANTILE EXCHANGE,63.5,0.06998399608566681,-13731,1.6689425752333236,31525,-1.3188291220468802,0.020190163893701984,0.02049281674523975,-0.019305019305019266,0.024409496878075698,0.05653567297827149,0.044729183085157824
2017-01-10,200591,78370,44688,74506,92469,054642,LEAN HOGS - CHICAGO MERCANTILE EXCHANGE,65.05000305175781,0.08955037863114497,-17963,-2.156960683377336,33682,1.0993771725058867,0.03567001048061087,0.01871475239318045,0.024409496878075698,0.011529592080161022,0.059589357164112074,0.03348158270008411
2017-01-17,218245,82499,45494,81020,102561,054642,LEAN HOGS - CHICAGO MERCANTILE EXCHANGE,65.80000305175781,0.09870100116841164,-21541,-1.7837290805669248,37005,1.6566047330139437,0.09045598400705955,0.03855679607478534,0.011529592080161022,-0.008738670987361918,0.06258197713286291,0.007063201671398025
2017-01-24,215162,78467,43513,83885,103790,054642,LEAN HOGS - CHICAGO MERCANTILE EXCHANGE,65.2249984741211,0.09251168886699324,-19905,0.7496162569589223,34954,-0.9397695250750303,0.021814306647129345,0.049294966387932446,-0.008738670987361918,0.059026424901315044,0.06489592218176019,0.0019719041848491256
2017-01-31,220649,83476,41573,84477,115674,054642,LEAN HOGS - CHICAGO MERCANTILE EXCHANGE,69.07499694824219,0.14138745246975967,-31197,-5.248138611836663,41903,3.2296595123674257,0.062332938631333344,0.055570216475141744,0.059026424901315044,0.04777420481437744,0.0675410867063799,0.02132765083491158
2017-02-07,232270,87656,47635,85703,115175,054642,LEAN HOGS - CHICAGO MERCANTILE EXCHANGE,72.375,0.12688681276101088,-29472,0.7817846443899588,40021,-0.8529383772416824,0.008587301745337967,0.07570348360201344,0.04777420481437744,0.03868743422117871,0.06961390773364057,0.02702928308446571
2017-02-14,237466,89959,48271,85239,118086,054642,LEAN HOGS - CHICAGO MERCANTILE EXCHANGE,75.17500305175781,0.13832295991847254,-32847,-1.4530503293580748,41688,0.7176992293451587,0.016599040944300997,0.021261665340374738,0.03868743422117871,-0.06418362995362592,0.07143304617720357,0.033615947524162935
2017-02-21,229629,82996,41711,85620,115959,054642,LEAN HOGS - CHICAGO MERCANTILE EXCHANGE,70.3499984741211,0.1321218138823929,-30339,1.0561511963817978,41285,-0.16970850563870196,0.012441772208414567,0.10843817909179115,-0.06418362995362592,-0.03909026381872083,0.07297318370704874,0.020122290410061684
2017-02-28,220881,78949,41915,83397,107712,054642,LEAN HOGS - CHICAGO MERCANTILE EXCHANGE,67.5999984741211,0.11008189930324473,-24315,2.6233620317991195,37034,-1.851247011483741,0.05478548890947051,0.03517176330420969,-0.03909026381872083,0.006656872600507402,0.07396681043024561,-0.004211921384730071
2017-03-07,216581,75344,44925,81700,99487,054642,LEAN HOGS - CHICAGO MERCANTILE EXCHANGE,68.05000305175781,0.08212631763635776,-17787,2.9554375432925424,30419,-2.994825267904437,0.05476110316965345,0.05500170451238474,0.006656872600507402,0.04077874756851596,0.07436595729790998,-0.014588290283710567
2017-03-14,216584,74621,44329,81286,99905,054642,LEAN HOGS - CHICAGO MERCANTILE EXCHANGE,70.82499694824219,0.08596664573560374,-18619,-0.38415188774638587,30292,-0.058638569403594965,0.004591839550529552,0.01108869272803699,0.04077874756851596,-0.03988700416473934,0.07365172508997725,-0.014057919541541009
2017-03-21,217286,75714,41491,82121,103568,054642,LEAN HOGS - CHICAGO MERCANTILE EXCHANGE,68.0,0.09870401222352107,-21447,-1.3057289550474642,34223,1.8150001846858492,0.024223298095202194,0.033539524764301866,-0.03988700416473934,-0.042647081262925046,0.07279069705002625,-0.007916666224739025
2017-03-28,205451,70780,42246,81950,95316,054642,LEAN HOGS - CHICAGO MERCANTILE EXCHANGE,65.0999984741211,0.0650568748752744,-13366,3.7190615133970892,28534,-2.6182082600811833,0.04751616215179448,0.05033355157220463,-0.042647081262925046,-0.02188938971522436,0.07124080136743627,-0.00881333995017518
2017-04-04,203853,70555,46891,79647,88606,054642,LEAN HOGS - CHICAGO MERCANTILE EXCHANGE,63.67499923706055,0.04394833532005906,-8959,2.1450370161254995,23664,-2.370394887345401,0.05356813845815528,0.041465865163564535,-0.02188938971522436,-0.016097333701812877,0.06980196694815112,-0.016039123700021262
2017-04-11,204759,70471,52552,78758,83841,054642,LEAN HOGS - CHICAGO MERCANTILE EXCHANGE,62.650001525878906,0.02482430564712662,-5083,1.9013701049285514,17919,-2.818207237568248,0.03477266157848449,0.04669858481747315,-0.016097333701812877,0.07182761197764975,0.06810790206072724,-0.030593445577924164
2017-04-18,214782,72892,55458,82290,85819,054642,LEAN HOGS - CHICAGO MERCANTILE EXCHANGE,67.1500015258789,0.016430613366110753,-3529,0.75894099893045,17434,-0.23686382527752137,0.03277635343735315,0.04150370081807558,0.07182761197764975,-0.028667207863218525,0.06676104342454542,-0.0022039751454778988
2017-04-25,216636,67563,59641,87921,84121,054642,LEAN HOGS - CHICAGO MERCANTILE EXCHANGE,65.2249984741211,-0.017540944256725567,3800,3.4122971198703804,7922,-4.42867651851645,0.042600062775368805,0.07477752271941134,-0.028667207863218525,0.026446891751258583,0.06515125338950307,0.0012925844270453685
2017-05-02,221089,70056,58452,91628,91291,054642,LEAN HOGS - CHICAGO MERCANTILE EXCHANGE,66.94999694824219,-0.0015242730303181072,337,-1.5985339463431745,11604,1.6996251777174616,0.05946347837020758,0.028651912721386997,0.026446891751258583,0.05003743474559763,0.06290869306672899,0.013288801992351848
2017-05-09,212259,73917,50491,85362,95687,054642,LEAN HOGS - CHICAGO MERCANTILE EXCHANGE,70.30000305175781,0.04864340263545951,-10325,-4.822492299481204,23426,5.347167882617407,0.05889013471491143,0.09502604334126423,0.05003743474559763,0.11984345742005797,0.06148039169404796,0.02947256808933316
2017-05-16,220752,78556,47903,85042,103111,054642,LEAN HOGS - CHICAGO MERCANTILE EXCHANGE,78.7249984741211,0.08185203305066319,-18069,-3.648372978295385,30653,3.4048026232103235,0.041157993760397124,0.05714895736958223,0.11984345742005797,0.018101023555132212,0.060126345286896136,0.04106050432741663
2017-05-23,227554,87062,42598,83937,115814,054642,LEAN HOGS - CHICAGO MERCANTILE EXCHANGE,80.1500015258789,0.140085430271496,-31877,-6.254982967311734,44464,6.256341958396754,0.06912606194712417,0.10651704457812741,0.018101023555132212,0.004366793106149736,0.06096905296947989,0.05221970690953634
2017-05-30,239007,93529,42911,83834,122586,054642,LEAN HOGS - CHICAGO MERCANTILE EXCHANGE,80.5,0.16213751061684387,-38752,-3.0212608875255986,50618,2.7044130184483683,0.03330588121306075,0.04969217238346526,0.004366793106149736,0.01428573324073179,0.062265190509908905,0.04696676679679459
2017-06-06,249335,99747,46468,88618,129650,054642,LEAN HOGS - CHICAGO MERCANTILE EXCHANGE,81.6500015258789,0.16456574488138448,-41032,-0.9539469555284992,53279,1.1133565125707616,0.054281891985998865,0.06685360599117737,0.01428573324073179,0.013778321849062358,0.06278531911517497,0.038402351300506087
2017-06-13,254077,101508,46706,88191,130238,054642,LEAN HOGS - CHICAGO MERCANTILE EXCHANGE,82.7750015258789,0.1654892020922791,-42047,-0.4070828403553452,54802,0.6108247939519121,0.00464681887478311,0.013487254915190199,0.013778321849062358,0.026880077717974737,0.06297956177193553,0.012553837734296261
2017-06-20,245282,95634,44055,87430,124044,054642,LEAN HOGS - CHICAGO MERCANTILE EXCHANGE,85.0,0.1492730815958774,-36614,2.1383281446175766,51579,-1.2685130885518956,0.032888203750815706,0.06102842743523112,0.026880077717974737,0.017352923224954075,0.06246499717964346,0.01471887540792573
2017-06-27,257528,96055,45221,97842,133745,054642,LEAN HOGS - CHICAGO MERCANTILE EXCHANGE,86.4749984741211,0.13941396663663758,-35903,0.28987043484642167,50834,-0.3037320308868975,0.08684857094741932,0.011233330501996092,0.017352923224954075,0.06562593988892806,0.06180571733397931,0.017912866359666664
2017-07-11,279523,116381,51807,102596,149482,054642,LEAN HOGS - CHICAGO MERCANTILE EXCHANGE,92.1500015258789,0.16773574983096204,-46886,-4.264778975490044,64574,5.335342176384704,0.08128833138949056,0.16001141579660855,0.06562593988892806,-0.12642432265839065,0.06161142531453431,0.030441243523480474
2017-07-18,275444,115959,52648,96214,141118,054642,LEAN HOGS - CHICAGO MERCANTILE EXCHANGE,80.5,0.16302406296742714,-44904,0.709065085878443,63311,-0.45184117228278176,0.06213237153017714,0.007490792197239735,-0.12642432265839065,0.011801204325989856,0.061792801306509465,-0.004149944577226612
2017-07-25,269083,107467,46634,98147,140334,054642,LEAN HOGS - CHICAGO MERCANTILE EXCHANGE,81.44999694824219,0.1567806215925941,-42187,0.9864074004153295,60833,-0.8996384019982283,0.011392941156737854,0.09413306857191063,0.011801204325989856,-0.02025775271094077,0.06211615526994722,-0.007942522293139851
2017-08-01,264070,103824,48786,98324,134137,054642,LEAN HOGS - CHICAGO MERCANTILE EXCHANGE,79.80000305175781,0.13561934335592835,-35813,2.3687858393135204,55038,-2.1536105959871117,0.027419653189137104,0.03797260992071293,-0.02025775271094077,0.046679177088565726,0.06286757669358164,-0.017465368259689557
2017-08-08,264036,107312,51315,95587,132557,054642,LEAN HOGS - CHICAGO MERCANTILE EXCHANGE,83.5250015258789,0.14001878531715373,-36970,-0.43814140190101114,55997,0.36316128299314576,0.018922259625499684,0.03793175184552441,0.046679177088565726,-0.15564202050295273,0.06417070844350961,-0.022297168035867513
2017-08-15,276055,117237,57479,97396,138213,054642,LEAN HOGS - CHICAGO MERCANTILE EXCHANGE,70.5250015258789,0.1478582166597236,-40817,-1.4569982881122272,59758,1.4244269720795648,0.0316838490889567,0.09208658623136977,-0.15564202050295273,-0.09429282356610391,0.06609984283400469,-0.02979432336279589
2017-08-22,254173,104821,51305,95751,130544,054642,LEAN HOGS - CHICAGO MERCANTILE EXCHANGE,63.875,0.13688708084651005,-34793,2.182173842169133,53516,-2.2611436126858777,0.041158664575001655,0.11907049434431165,-0.09429282356610391,-0.05714288103137233,0.06798193923757463,-0.05750025982800993
2017-08-29,249394,97173,53292,95229,119541,054642,LEAN HOGS - CHICAGO MERCANTILE EXCHANGE,60.224998474121094,0.09748430194792176,-24312,4.123569379910533,43881,-3.790725214715961,0.05366205708432276,0.06403482537467185,-0.05714288103137233,0.058530537404556604,0.06906040616084538,-0.06731531901129374
2017-09-05,246850,93587,54348,94678,116469,054642,LEAN HOGS - CHICAGO MERCANTILE EXCHANGE,63.75,0.08827628114239416,-21791,1.010850301129939,39239,-1.8613118198513197,0.0171586619748327,0.0313786460269713,0.058530537404556604,-0.06745096842447917,0.070501102599769,-0.0641511795495767
2017-09-12,249335,90342,61681,98393,105866,054642,LEAN HOGS - CHICAGO MERCANTILE EXCHANGE,59.45000076293945,0.02997172478793591,-7473,5.800283573020053,28661,-4.285193437310107,0.07009727845529451,0.06958157647198121,-0.06745096842447917,0.011354066079025671,0.07096088663030296,-0.04091474247157767
2017-09-19,266254,91464,65177,107968,112792,054642,LEAN HOGS - CHICAGO MERCANTILE EXCHANGE,60.125,0.01811803766328393,-4824,1.0624260533017829,26287,-0.9521326729099404,0.07474633085703931,0.029481425680377423,0.011354066079025671,-0.08108108108108103,0.07101318520926436,-0.013771707629735187
2017-09-26,262832,89841,64522,109241,113423,054642,LEAN HOGS - CHICAGO MERCANTILE EXCHANGE,55.25,0.015911304559566568,-4182,0.24112313805614188,25319,-0.3635626131438401,0.008551000610785758,0.014757422439315122,-0.08108108108108103,0.08371040723981893,0.07139218851972225,-0.01985772754977512
2017-10-03,257477,91688,53053,103220,119763,054642,LEAN HOGS - CHICAGO MERCANTILE EXCHANGE,59.875,0.06425039906477083,-16543,-4.703004200401777,38635,5.066354173007853,0.055434719238686356,0.0919988116705011,0.08371040723981893,0.0050104256711573925,0.07261662734948933,-0.013457035147136833
2017-10-10,251522,93116,51125,98156,118401,054642,LEAN HOGS - CHICAGO MERCANTILE EXCHANGE,60.17499923706055,0.08048997701990283,-20245,-1.4377983276176125,41991,1.303417392621477,0.029673480884940224,0.02326661628801797,0.0050104256711573925,0.033236394272660785,0.07418761390223252,0.0047372161297478035
2017-10-17,249055,94724,50428,96196,117656,054642,LEAN HOGS - CHICAGO MERCANTILE EXCHANGE,62.17499923706055,0.08616570637007889,-21460,-0.4830591359801528,44296,0.9164208299870389,0.012648934777322634,0.01587990520282187,0.033236394272660785,0.02975476174538705,0.07611547084463877,0.01016717518790311
2017-10-24,251828,100955,54395,96437,119778,054642,LEAN HOGS - CHICAGO MERCANTILE EXCHANGE,64.0250015258789,0.09268627793573392,-23341,-0.7552548633835899,46560,0.909036156672221,0.010928936475267673,0.06564531702607017,0.02975476174538705,0.06208509768663406,0.07832519952158892,0.037226415509437595
2017-10-31,263428,110333,58302,98491,128353,054642,LEAN HOGS - CHICAGO MERCANTILE EXCHANGE,68.0,0.11335924806778323,-29862,-2.589465825881157,52031,2.172514573439014,0.046855989137909754,0.07877961277314911,0.06208509768663406,-0.05992648180793314,0.08129304851369112,0.03200403337514521
2017-11-07,270132,116596,57207,99194,134129,054642,LEAN HOGS - CHICAGO MERCANTILE EXCHANGE,63.92499923706055,0.1293256630091955,-34935,-1.925763396449884,59389,2.793173087143356,0.027768372599357972,0.0423352876532626,-0.05992648180793314,-0.061791174189790854,0.08445076622864578,0.01615622545619323
2017-11-14,268494,109470,52029,100760,133468,054642,LEAN HOGS - CHICAGO MERCANTILE EXCHANGE,59.974998474121094,0.12182022689520064,-32708,0.8244117690610517,57441,-0.7211289295603631,0.009507829977628635,0.0761862302552957,-0.061791174189790854,0.012088408624657099,0.08743090059882097,-0.007497485173053677
2017-11-21,249262,98740,46724,98631,127117,054642,LEAN HOGS - CHICAGO MERCANTILE EXCHANGE,60.70000076293945,0.11428135857050012,-28486,1.5724746176823317,52016,-2.0205293228154075,0.0375640094264401,0.11023345982511137,0.012088408624657099,0.08319603251378926,0.0902789135269533,-0.011957241146929906
2017-11-28,250548,97577,46367,99474,127384,054642,LEAN HOGS - CHICAGO MERCANTILE EXCHANGE,65.75,0.11139582036176701,-27910,0.23108215452014347,51210,-0.3233545426097841,0.00489292861613873,0.010559662090813094,0.08319603251378926,-0.02243343686876187,0.09290419848665195,-0.006630235227272815
2017-12-05,252848,102084,47167,98601,129505,054642,LEAN HOGS - CHICAGO MERCANTILE EXCHANGE,64.2750015258789,0.12222362842498259,-30904,-1.1949806025192777,54917,1.4795568114692594,0.013125476752036335,0.03555755070317787,-0.02243343686876187,-0.008168051550609845,0.09547404108263305,0.0027611420563749467
2017-12-12,242048,97590,47570,95078,122220,054642,LEAN HOGS - CHICAGO MERCANTILE EXCHANGE,63.75,0.1121347831835008,-27142,1.4878504081503512,50020,-1.9367366955641334,0.04973814761295548,0.0337351887572334,-0.008168051550609845,0.04941178864123774,0.09792422256079636,0.016041384427109312
2017-12-19,227026,87743,43454,94644,115447,054642,LEAN HOGS - CHICAGO MERCANTILE EXCHANGE,66.9000015258789,0.09163267643353624,-20803,2.6189020359598096,44289,-2.3677121893178215,0.034304182473309186,0.10642773843914113,0.04941178864123774,0.06913303280286054,0.09927445530518736,0.025181842345697324
2017-12-26,231633,86530,41506,96866,119264,054642,LEAN HOGS - CHICAGO MERCANTILE EXCHANGE,71.5250015258789,0.09669606662263149,-22398,-0.7025627020693666,45024,0.32375146458995885,0.02794151667977606,0.02468836889624793,0.06913303280286054,,0.09942936310740051,0.021747629900879296
