,Open_Interest_All,NonComm_Positions_Long_All,NonComm_Positions_Short_All,Comm_Positions_Long_All,Comm_Positions_Short_All,CFTC_Contract_Market_Code,Market_and_Exchange_Names,HG_Close,HP,NetLong_Comm,Q_Comm,NetLong_NonComm,Q_NonComm,PT_Comm,PT_NonComm,Ret,Ret_Lead,HP_Smooth_52w
2015-01-06,170037,45928,87193,99196,45205,085692,COPPER-GRADE #1 - COMMODITY EXCHANGE INC.,2.803999900817871,-0.3175250092626899,53991,,-41265,,,,,-0.044579174187395654,
2015-01-13,179459,53398,89221,94170,46356,085692,COPPER-GRADE #1 - COMMODITY EXCHANGE INC.,2.678999900817871,-0.2664341158704774,47814,-3.632738756858801,-35823,3.200479895552145,0.04395627855343495,0.0665970172277186,-0.044579174187395654,-0.02370284802973155,
2015-01-20,172846,46328,83113,94261,44335,085692,COPPER-GRADE #1 - COMMODITY EXCHANGE INC.,2.615499973297119,-0.2888467190446988,49926,1.1768704829515375,-36785,-0.5360555892989485,0.015238535022655776,0.10180700087298461,-0.02370284802973155,-0.03899827915657328,
2015-01-27,179152,46610,87272,96833,44280,085692,COPPER-GRADE #1 - COMMODITY EXCHANGE INC.,2.513499975204468,-0.2933430829686523,52553,1.5198500399199286,-40662,-2.243037154461197,0.018616286238688145,0.033171001329528986,-0.03899827915657328,0.034414135779358146,
2015-02-03,180944,46923,87221,98677,45864,085692,COPPER-GRADE #1 - COMMODITY EXCHANGE INC.,2.5999999046325684,-0.29187483420284727,52813,0.14512815932839152,-40298,0.20317942305974815,0.02371645415487647,0.0027135019083969467,0.034414135779358146,-0.014423040772329476,
2015-02-10,185606,45443,87427,97124,46414,085692,COPPER-GRADE #1 - COMMODITY EXCHANGE INC.,2.5625,-0.2732131504369471,50710,-1.1622380404987178,-41984,-0.931779998231497,0.01465117251180872,0.012689094603748024,-0.014423040772329476,0.012487830185308635,
2015-02-17,185675,44526,82691,97012,48031,085692,COPPER-GRADE #1 - COMMODITY EXCHANGE INC.,2.5945000648498535,-0.2637996499259459,48981,-0.931543161320216,-38165,2.0575843453336637,0.01192060285570486,0.0444358851411368,0.012487830185308635,0.045095340780042736,
2015-02-24,171520,50336,80639,91161,50893,085692,COPPER-GRADE #1 - COMMODITY EXCHANGE INC.,2.7114999294281006,-0.2347714552238806,40268,-4.692608051703244,-30303,4.234280328531035,0.061335830036465006,0.06002672265699561,0.045095340780042736,-0.014014335010865908,
2015-03-03,163020,51043,73854,87470,55536,085692,COPPER-GRADE #1 - COMMODITY EXCHANGE INC.,2.673500061035156,-0.19589007483744325,31934,-4.858908582089552,-22811,4.368003731343284,0.0582772750793673,0.05998542799266596,-0.014014335010865908,-0.014400624534488315,
2015-03-10,164239,53309,74837,88084,55730,085692,COPPER-GRADE #1 - COMMODITY EXCHANGE INC.,2.634999990463257,-0.19699340595108347,32354,0.25763709974236293,-21528,0.7870199975463134,0.005618368169997358,0.025353893215551013,-0.014400624534488315,0.0024667953493628936,
2015-03-17,164490,55248,72795,85615,57445,085692,COPPER-GRADE #1 - COMMODITY EXCHANGE INC.,2.6414999961853027,-0.17125661134415465,28170,-2.5475069867692812,-17547,2.4239066238834868,0.029246470012582133,0.031091117827604788,0.0024667953493628936,0.06568240063816577,
2015-03-24,165590,58237,67317,81659,64083,085692,COPPER-GRADE #1 - COMMODITY EXCHANGE INC.,2.815000057220459,-0.1061416752219337,17576,-6.44051310110037,-9080,5.147425375402761,0.0726900961973899,0.06743711868996607,0.06568240063816577,-0.024156332795402302,
2015-03-31,170125,60278,64432,82059,69145,085692,COPPER-GRADE #1 - COMMODITY EXCHANGE INC.,2.746999979019165,-0.07590889052167524,12914,-2.815387402620931,-4154,2.974817319886467,0.036123382979286266,0.03949963916285783,-0.024156332795402302,0.010920994400765327,
2015-04-07,171006,58765,63761,82527,71351,085692,COPPER-GRADE #1 - COMMODITY EXCHANGE INC.,2.7769999504089355,-0.06535443200823363,11176,-1.021601763409258,-4996,-0.49493019838354146,0.017377402877604337,0.01782478820821703,0.010920994400765327,-0.02070575678282416,
2015-04-14,165760,54693,61923,81400,66570,085692,COPPER-GRADE #1 - COMMODITY EXCHANGE INC.,2.7195000648498535,-0.08946669884169885,14830,2.1367671309778604,-7230,-1.3063869104008046,0.03992701223220923,0.050679152088907185,-0.02070575678282416,-0.005331914248216552,
2015-04-21,157721,50483,62802,79538,64110,085692,COPPER-GRADE #1 - COMMODITY EXCHANGE INC.,2.7049999237060547,-0.09781829940210879,15428,0.3607625482625483,-12319,-3.0701013513513513,0.03008743595455558,0.04492209913051154,-0.005331914248216552,0.02772645094235715,
2015-04-28,154447,50505,66588,81832,61536,085692,COPPER-GRADE #1 - COMMODITY EXCHANGE INC.,2.7799999713897705,-0.13141077521738848,20296,3.0864628045726312,-16083,-2.386492604028633,0.033954578427543104,0.032521158395463434,0.02772645094235715,0.057553988301194625,
2015-05-05,166179,63530,63982,78884,75206,085692,COPPER-GRADE #1 - COMMODITY EXCHANGE INC.,2.940000057220459,-0.02213276045709747,3678,-10.759678077269225,-452,10.120623903345484,0.1078460639885781,0.12258454106280194,0.057553988301194625,0.0035714129317261367,
2015-05-12,178077,73722,65206,77044,82657,085692,COPPER-GRADE #1 - COMMODITY EXCHANGE INC.,2.950500011444092,0.03152007277750636,-5613,-5.590959146462549,8516,5.396590423579394,0.058177469145465587,0.08217206034780605,0.0035714129317261367,-0.030164374276683947,
2015-05-19,179210,73598,64257,77109,83885,085692,COPPER-GRADE #1 - COMMODITY EXCHANGE INC.,2.861500024795532,0.03781039004519837,-6776,-0.6530882708042027,9341,0.46328273724287805,0.008031355205784067,0.007783540676798085,-0.030164374276683947,-0.0027957838030506776,
2015-05-26,172622,64899,63275,78383,78749,085692,COPPER-GRADE #1 - COMMODITY EXCHANGE INC.,2.8534998893737793,0.0021202395986606574,-366,3.5768093298365047,1624,-4.306121310194744,0.040793727566631875,0.07553013871768065,-0.0027957838030506776,-0.033467669904680974,
2015-06-02,160588,50709,59453,79435,67856,085692,COPPER-GRADE #1 - COMMODITY EXCHANGE INC.,2.757999897003174,-0.07210376865021048,11579,6.919743717486764,-8744,-6.0061869286649445,0.08109796253674699,0.1635046567781994,-0.033467669904680974,-0.006345150239153385,
2015-06-09,171541,50677,64059,81795,64122,085692,COPPER-GRADE #1 - COMMODITY EXCHANGE INC.,2.740499973297119,-0.10302493281489557,17673,3.794804094951055,-13382,-2.8881360998331136,0.041763468273059344,0.04042323246409148,-0.006345150239153385,-0.04159827882750777,
2015-06-16,181765,53535,70047,86938,66044,085692,COPPER-GRADE #1 - COMMODITY EXCHANGE INC.,2.626499891281128,-0.11495062305724424,20894,1.877685218111122,-16512,-1.8246366757801342,0.04618190375338275,0.07158000356038906,-0.04159827882750777,0.0028555766121576287,
2015-06-23,184635,54093,77732,88108,61595,085692,COPPER-GRADE #1 - COMMODITY EXCHANGE INC.,2.634000062942505,-0.14359682617055272,26513,3.0913542211096745,-23639,-3.9209968915907902,0.03753431794954009,0.06252986914469941,0.0028555766121576287,-0.003986315099743454,
2015-06-30,166278,59718,81525,77411,52697,085692,COPPER-GRADE #1 - COMMODITY EXCHANGE INC.,2.623500108718872,-0.1486306065745318,24714,-0.974354808134969,-21807,0.9922279091179896,0.15060565069019582,0.06667941066105931,-0.003986315099743454,-0.06575190637161454,-0.14973221906096254
2015-07-07,167008,55639,81068,80720,49595,085692,COPPER-GRADE #1 - COMMODITY EXCHANGE INC.,2.450999975204468,-0.18636831768538034,31125,3.8555912387688087,-25429,-2.1782797483732064,0.049196178490580514,0.03318045162281375,-0.06575190637161454,0.03814775123418812,-0.15108911160260766
2015-07-14,161713,53064,73822,78077,51355,085692,COPPER-GRADE #1 - COMMODITY EXCHANGE INC.,2.5445001125335693,-0.16524336324228725,26722,-2.6364006514657983,-20758,2.796872006131443,0.03401786266147475,0.07740018599372665,0.03814775123418812,-0.026331360863580233,-0.15159462058973908
2015-07-21,165842,56919,79086,75911,49681,085692,COPPER-GRADE #1 - COMMODITY EXCHANGE INC.,2.4774999618530273,-0.15816258848783782,26230,-0.3042427015762493,-22167,-0.8712966799206001,0.030575195872348557,0.0670490055512665,-0.026331360863580233,-0.03007057382517142,-0.15182110224139764
2015-07-28,163656,55698,80152,77675,46041,085692,COPPER-GRADE #1 - COMMODITY EXCHANGE INC.,2.4030001163482666,-0.1932956934056802,31634,3.2585231726583133,-24454,-1.3790234078219026,0.04368068802741763,0.016834744203165254,-0.03007057382517142,-0.015813610058941885,-0.15320358861354041
2015-08-04,181276,60578,92908,85447,46797,085692,COPPER-GRADE #1 - COMMODITY EXCHANGE INC.,2.365000009536743,-0.2132107945894658,38650,4.2870411106222805,-32330,-4.812533607078262,0.06448685762681104,0.1149029878946614,-0.015813610058941885,-0.010147961662292593,-0.15513930493534445
2015-08-11,195117,60308,94067,88567,47926,085692,COPPER-GRADE #1 - COMMODITY EXCHANGE INC.,2.3410000801086426,-0.20829041036916313,40641,1.098325205763587,-33759,-0.788300712725347,0.031129801528283502,0.00925668016194332,-0.010147961662292593,-0.018795449494880545,-0.15680027698015128
2015-08-18,191265,60821,89793,83872,47927,085692,COPPER-GRADE #1 - COMMODITY EXCHANGE INC.,2.296999931335449,-0.1879329725773142,35945,-2.4067610715621908,-28972,2.4533997550187836,0.0356300123673169,0.03178323396231426,-0.018795449494880545,0.011319122187812836,-0.15774369199824712
2015-08-25,166991,60331,83656,76236,44390,085692,COPPER-GRADE #1 - COMMODITY EXCHANGE INC.,2.322999954223633,-0.19070488828739274,31846,-2.1430998875905156,-23325,2.9524481739994246,0.09262513885895246,0.04602498836700535,0.011319122187812836,-0.008824771885861282,-0.15871313894792788
2015-09-01,158648,61031,81421,74534,46459,085692,COPPER-GRADE #1 - COMMODITY EXCHANGE INC.,2.302500009536743,-0.17696409661640866,28075,-2.2582055320346606,-20390,1.7575797498068757,0.03116709231112544,0.02060343133125544,-0.008824771885861282,0.059066196491079026,-0.15923459488131303
2015-09-08,159016,60691,73958,72133,52296,085692,COPPER-GRADE #1 - COMMODITY EXCHANGE INC.,2.438499927520752,-0.12474845298586305,19837,-5.1926277040996425,-13267,4.489813927688972,0.06620643097670158,0.057950671746541005,0.059066196491079026,-0.001025146145655853,-0.15827664649532833
2015-09-15,154631,59530,63571,69710,59257,085692,COPPER-GRADE #1 - COMMODITY EXCHANGE INC.,2.436000108718872,-0.0675996404343243,10453,-5.901292951652664,-4041,5.801931881068572,0.07276279978599176,0.093809148585308,-0.001025146145655853,-0.052955739393627965,-0.15582591660178768
2015-09-22,152575,52382,65632,70959,51740,085692,COPPER-GRADE #1 - COMMODITY EXCHANGE INC.,2.306999921798706,-0.12596427986236278,19219,5.6689797000601425,-13250,-5.9554681790844,0.0714431250458439,0.07803311471520329,-0.052955739393627965,-0.02319026392327861,-0.15504008405601333
2015-09-29,151710,52419,69425,72385,49149,085692,COPPER-GRADE #1 - COMMODITY EXCHANGE INC.,2.253499984741211,-0.15316063542284622,23236,2.632803539242995,-17006,-2.461740127805997,0.033052479141639377,0.03143363645316963,-0.02319026392327861,0.046816056600052613,-0.1549918930654193
2015-10-06,153387,54617,66165,72020,55486,085692,COPPER-GRADE #1 - COMMODITY EXCHANGE INC.,2.3589999675750732,-0.10779270733504143,16534,-4.417638916353569,-11548,3.597653417704832,0.05256223236553574,0.04518885264360584,0.046816056600052613,0.013777036480266514,-0.15381191342215986
2015-10-13,156482,54291,60432,70513,60297,085692,COPPER-GRADE #1 - COMMODITY EXCHANGE INC.,2.3914999961853027,-0.06528546414284071,10216,-4.118993135011442,-6141,3.525070573125493,0.04829905970491553,0.0528141697828683,0.013777036480266514,-0.009199278453560167,-0.15165273173242036
2015-10-20,162963,56571,61154,70231,61490,085692,COPPER-GRADE #1 - COMMODITY EXCHANGE INC.,2.369499921798706,-0.0536379423550131,8741,-0.9426004268861594,-4583,0.995641671246533,0.01119791073556988,0.02550010617965598,-0.009199278453560167,-0.00485329484022734,-0.14931904627105352
2015-10-27,165946,58172,59021,71732,65587,085692,COPPER-GRADE #1 - COMMODITY EXCHANGE INC.,2.3580000400543213,-0.03703011823123185,6145,-1.5929996379546278,-849,2.291317661064168,0.04076639066698709,0.031861971278148014,-0.00485329484022734,-0.013146792537114371,-0.14670767585152278
2015-11-03,165386,55293,67071,76694,58720,085692,COPPER-GRADE #1 - COMMODITY EXCHANGE INC.,2.3269999027252197,-0.10867909012854776,17974,7.128222433803767,-11778,-6.585877333590445,0.08735433559307014,0.0893154849465529,-0.013146792537114371,-0.047485974849758916,-0.14584338981236425
2015-11-10,173872,52814,80242,80345,48776,085692,COPPER-GRADE #1 - COMMODITY EXCHANGE INC.,2.2165000438690186,-0.18156459924542193,31569,8.220163738164054,-27428,-9.462711474973698,0.10528883760193927,0.11761964886964887,-0.047485974849758916,-0.050078979850322836,-0.1466371944664322
2015-11-17,193328,61534,90817,84208,49850,085692,COPPER-GRADE #1 - COMMODITY EXCHANGE INC.,2.1054999828338623,-0.1777186956881569,34358,1.604053556639367,-29283,-1.0668767829207693,0.03682734338868251,0.12664833181272195,-0.050078979850322836,-0.02469724350525926,-0.14731287927560013
2015-11-24,186199,64527,98293,83953,46557,085692,COPPER-GRADE #1 - COMMODITY EXCHANGE INC.,2.053499937057495,-0.20083888742689274,37396,1.5714226599354466,-33766,-2.318857071919225,0.027185656271550073,0.06429799778896941,-0.02469724350525926,0.00633066074631583,-0.1484517305128617
2015-12-01,180517,66155,100408,82846,45306,085692,COPPER-GRADE #1 - COMMODITY EXCHANGE INC.,2.066499948501587,-0.2079582532393071,37540,0.07733661297858743,-34253,-0.26154812861508386,0.018400024970347713,0.02247197757004857,0.00633066074631583,-0.008952263095975743,-0.14969144973632928
2015-12-08,179248,65812,100004,81927,43773,085692,COPPER-GRADE #1 - COMMODITY EXCHANGE INC.,2.0480000972747803,-0.21285593144693385,38154,0.3401341701889573,-34192,0.033791831240271,0.01950676213206046,0.004504993486756405,-0.008952263095975743,0.001464853924971532,-0.15098052079164775
2015-12-15,178761,68029,100662,79212,43369,085692,COPPER-GRADE #1 - COMMODITY EXCHANGE INC.,2.0510001182556152,-0.2005079407700785,35843,-1.2892751941444256,-32633,0.8697447112380612,0.025444400029368337,0.01704299577333705,0.001464853924971532,0.022427968183269087,-0.15197106919121636
2015-12-22,170210,63124,93463,79311,43004,085692,COPPER-GRADE #1 - COMMODITY EXCHANGE INC.,2.0969998836517334,-0.21330709124023264,36307,0.259564446383719,-30339,1.2832776724229558,0.003793484037117279,0.0772988817717946,0.022427968183269087,0.013352464426229282,-0.1531737362902167
2015-12-29,167689,59955,90061,78884,43214,085692,COPPER-GRADE #1 - COMMODITY EXCHANGE INC.,2.125,-0.21271520493294133,35670,-0.3742435814581987,-30106,0.13688972445802244,0.005217120673557307,0.043801994453924915,0.013352464426229282,-0.017176459817325407,-0.15431876453334603
2016-01-05,171819,63058,94871,79330,42180,085692,COPPER-GRADE #1 - COMMODITY EXCHANGE INC.,2.0885000228881836,-0.2162159016173997,37150,0.8825862161501351,-31813,-1.0179558587623518,0.012180067484157682,0.050104793926384644,-0.017176459817325407,-0.06487913428199987,-0.1523705124632443
2016-01-12,193520,68662,110687,88452,40280,085692,COPPER-GRADE #1 - COMMODITY EXCHANGE INC.,1.9529999494552612,-0.24892517569243489,48172,6.414890087824979,-42025,-5.9434637612836765,0.08561973712829755,0.11943194553635648,-0.06487913428199987,0.010496704775592614,-0.152033802075205
2016-01-19,199011,68711,112117,92728,43574,085692,COPPER-GRADE #1 - COMMODITY EXCHANGE INC.,1.9735000133514404,-0.24699137233620252,49154,0.5074410913600662,-43406,-0.7136213311285655,0.05553843670672477,0.00817904306855133,0.010496704775592614,0.03065614701323205,-0.15122889156158006
2016-01-26,202900,64968,101795,94258,50133,085692,COPPER-GRADE #1 - COMMODITY EXCHANGE INC.,2.0339999198913574,-0.21747166091670775,44125,-2.5269959951962453,-36827,3.305847415469497,0.05602149718472758,0.08434125075706242,0.03065614701323205,0.008849619761032823,-0.14976982575288883
2016-02-02,201682,63562,99073,90906,48979,085692,COPPER-GRADE #1 - COMMODITY EXCHANGE INC.,2.052000045776367,-0.20788667307940223,41927,-1.0832922621981271,-35511,0.6485953671759488,0.03221217428602066,0.025381990346481385,0.008849619761032823,-0.00657893513806429,-0.14815466880820718
2016-02-09,189518,63452,90280,82362,51598,085692,COPPER-GRADE #1 - COMMODITY EXCHANGE INC.,2.0385000705718994,-0.16232758893614327,30764,-5.534951061572178,-26828,4.305292490157773,0.08333084502836667,0.057912471053521715,-0.00657893513806429,0.005150823576222097,-0.14602225416396095
2016-02-16,191131,60041,87379,84081,55020,085692,COPPER-GRADE #1 - COMMODITY EXCHANGE INC.,2.049000024795532,-0.1520475485400066,29061,-0.8985953840796125,-27338,-0.26910372629512763,0.03695875658694042,0.04281644281644282,0.005150823576222097,0.027086398167865733,-0.14387317529115443
2016-02-23,173541,57954,80901,77038,51058,085692,COPPER-GRADE #1 - COMMODITY EXCHANGE INC.,2.1045000553131104,-0.14970525697097517,25980,-1.611983404052718,-22947,2.2973771915597156,0.08591212840369723,0.0616830506643621,0.027086398167865733,0.01758134468981387,-0.14223728686321396
2016-03-01,160010,55749,80365,73508,47245,085692,COPPER-GRADE #1 - COMMODITY EXCHANGE INC.,2.1414999961853027,-0.16413349165677146,26263,0.16307385574590444,-24616,-0.9617323860067649,0.06081008339337325,0.0201375317748358,0.01758134468981387,0.03595606017388797,-0.14162658334050873
2016-03-08,165888,63178,66056,70111,66455,085692,COPPER-GRADE #1 - COMMODITY EXCHANGE INC.,2.2184998989105225,-0.022038966049382717,3656,-14.128491969251922,-2878,13.58540091244297,0.16553900678060424,0.1682065091229862,0.03595606017388797,0.005634459433536243,-0.13826207488086065
2016-03-15,175443,63343,63890,72119,71009,085692,COPPER-GRADE #1 - COMMODITY EXCHANGE INC.,2.2309999465942383,-0.006326841196285973,1110,-1.5347704475308641,-547,1.4051649305555556,0.04584707394779498,0.018320718681474144,0.005634459433536243,0.023980250263639036,-0.13509034853186314
2016-03-22,178177,62514,61596,72166,73203,085692,COPPER-GRADE #1 - COMMODITY EXCHANGE INC.,2.2844998836517334,0.005820055338231085,-1037,-1.2237592836419806,918,0.8350290407710766,0.015415941500595037,0.025163161711385062,0.023980250263639036,-0.033267664292012666,-0.13293723832878307
2016-03-29,186775,67603,72029,76022,72557,085692,COPPER-GRADE #1 - COMMODITY EXCHANGE INC.,2.2084999084472656,-0.018551733369026904,3465,2.5267009771182587,-4426,-2.9992647760373115,0.030300378922997192,0.11116363011344105,-0.033267664292012666,-0.03328047137465562,-0.1318342160758475
2016-04-05,192906,67537,77622,76425,66055,085692,COPPER-GRADE #1 - COMMODITY EXCHANGE INC.,2.134999990463257,-0.05375675199319876,10370,3.696961584794539,-10085,-3.029848748494177,0.04846294216732173,0.0389848373163221,-0.03328047137465562,0.004683836303478017,-0.13161118376786607
2016-04-12,201236,68479,90800,84007,59754,085692,COPPER-GRADE #1 - COMMODITY EXCHANGE INC.,2.1449999809265137,-0.12052018525512334,24253,7.196769411008471,-22321,-6.342985702881196,0.09657000159987758,0.0886494767043992,0.004683836303478017,0.03636366869843011,-0.13220836619889348
2016-04-19,201891,66318,90834,86690,61270,085692,COPPER-GRADE #1 - COMMODITY EXCHANGE INC.,2.2230000495910645,-0.12590952543699324,25420,0.5799161183883599,-24516,-1.0907591087081834,0.028379291700459584,0.013967369171248219,0.03636366869843011,0.011471011497502515,-0.13274858208417972
2016-04-26,172378,65274,73350,74069,63893,085692,COPPER-GRADE #1 - COMMODITY EXCHANGE INC.,2.248500108718872,-0.05903305526227245,10176,-7.5506089919808215,-8076,8.143007860677297,0.11049419405343501,0.13365650969529086,0.011471011497502515,-0.015121261581485412,-0.13135670285427364
2016-05-03,176458,65651,73111,75186,66922,085692,COPPER-GRADE #1 - COMMODITY EXCHANGE INC.,2.2144999504089355,-0.046832674064083236,8264,-1.109190267899616,-7460,0.35735418672916497,0.029174993666788638,0.004439255704011185,-0.015121261581485412,-0.05622038339474045,-0.13183170119286952
2016-05-10,184768,71365,94191,81612,59207,085692,COPPER-GRADE #1 - COMMODITY EXCHANGE INC.,2.0899999141693115,-0.12126017492206442,22405,8.013804984755579,-22826,-8.708021172176949,0.10041968768419034,0.16184251854357437,-0.05622038339474045,0.0009569825560868939,-0.13476978287939972
2016-05-17,203157,79184,109830,88280,58337,085692,COPPER-GRADE #1 - COMMODITY EXCHANGE INC.,2.0920000076293945,-0.14738847295441457,29943,4.079710772428126,-30646,-4.232334603394527,0.05141286481103828,0.12410720898981027,0.0009569825560868939,-0.010755276321661733,-0.13833129947554615
2016-05-24,210264,72160,113213,101182,59397,085692,COPPER-GRADE #1 - COMMODITY EXCHANGE INC.,2.069499969482422,-0.19872636304835825,41785,5.8289894022849325,-41053,-5.1226391411568395,0.08694785744088579,0.05614086193782266,-0.010755276321661733,0.01352989454513942,-0.14219373414183495
2016-05-31,217128,71316,110143,102473,61117,085692,COPPER-GRADE #1 - COMMODITY EXCHANGE INC.,2.0975000858306885,-0.1904682951991452,41356,-0.20402922040862917,-38827,1.058669101700719,0.018405770523870654,0.021569610766068368,0.01352989454513942,-0.022169232740058553,-0.1444699750370068
2016-06-07,227927,72543,111837,101886,65651,085692,COPPER-GRADE #1 - COMMODITY EXCHANGE INC.,2.0510001182556152,-0.15897633891552998,36235,-2.3585166353487343,-39294,-0.21508050550827162,0.030566382351361193,0.015842282243193406,-0.022169232740058553,-0.0031691883701957524,-0.1455459636158651
2016-06-14,239071,71360,116171,108111,62804,085692,COPPER-GRADE #1 - COMMODITY EXCHANGE INC.,2.0445001125335693,-0.1895127388934668,45307,3.9802217376616196,-44811,-2.4205118305422353,0.05307901588508908,0.029419136036175353,-0.0031691883701957524,0.035216328843865385,-0.1469798504588694
2016-06-21,215529,63839,96765,95785,61300,085692,COPPER-GRADE #1 - COMMODITY EXCHANGE INC.,2.116499900817871,-0.16000167030886794,34485,-4.526688724270196,-32926,4.971326509697955,0.08804150619091575,0.16766083036537072,0.035216328843865385,0.025277665005039918,-0.1472953282307601
2016-06-28,167927,53692,73506,83357,60873,085692,COPPER-GRADE #1 - COMMODITY EXCHANGE INC.,2.1700000762939453,-0.13389151238335706,22484,-5.568160201179424,-19814,6.083636076815649,0.08912847535186855,0.26262991556471016,0.025277665005039918,0.005299484488509698,-0.14701188411169902
2016-07-05,164665,50675,70144,83339,61420,085692,COPPER-GRADE #1 - COMMODITY EXCHANGE INC.,2.18149995803833,-0.13311268332675433,21919,-0.3364557218315101,-19469,0.20544641421570087,0.0039030388438715384,0.052797987071569866,0.005299484488509698,0.013522809166552463,-0.14598773729711007
2016-07-12,166225,54430,68660,81522,65891,085692,COPPER-GRADE #1 - COMMODITY EXCHANGE INC.,2.2109999656677246,-0.09403519326214468,15631,-3.818662132207816,-14230,3.1816111499104247,0.042655668088974516,0.04256235275002031,0.013522809166552463,0.022840306133342203,-0.14461834941287657
2016-07-19,178364,66010,63646,79046,79937,085692,COPPER-GRADE #1 - COMMODITY EXCHANGE INC.,2.2614998817443848,0.004995402659729542,-891,-9.939539780418109,2364,9.982854564596181,0.10392306095620286,0.1279848213734806,0.022840306133342203,-0.016139720990682727,-0.14148069573696181
2016-07-26,187184,69284,64466,80625,84320,085692,COPPER-GRADE #1 - COMMODITY EXCHANGE INC.,2.2249999046325684,0.019739935037182667,-3695,-1.572066111995694,4818,1.3758381736224798,0.036145381793931314,0.030609345794392524,-0.016139720990682727,-0.008314540233592349,-0.1373838567284452
2016-08-02,188805,68768,66086,82290,85727,085692,COPPER-GRADE #1 - COMMODITY EXCHANGE INC.,2.2065000534057617,0.018203967055957206,-3437,0.1378322933584067,2682,-1.1411231729207625,0.018283864132796087,0.015839352188292525,-0.008314540233592349,-0.025832838811539638,-0.1329335728506486
2016-08-09,188297,66712,71890,81248,78533,085692,COPPER-GRADE #1 - COMMODITY EXCHANGE INC.,2.149499893188477,-0.014418710866344126,2715,3.258388284208575,-5178,-4.163025343608485,0.0515455529756354,0.05670913839627134,-0.025832838811539638,0.010467568860213605,-0.12920527093713285
2016-08-16,180360,61208,66282,80860,77040,085692,COPPER-GRADE #1 - COMMODITY EXCHANGE INC.,2.171999931335449,-0.021179862497227767,3820,0.5868388768806725,-5074,0.055231894294651536,0.011912602913236226,0.08715977723743039,0.010467568860213605,-0.026243058748008252,-0.12599848035866967
2016-08-23,192196,70207,76873,78581,76444,085692,COPPER-GRADE #1 - COMMODITY EXCHANGE INC.,2.115000009536743,-0.01111885783262919,2137,-0.9331337325349301,-6666,-0.8826790862719006,0.01854539590388647,0.13319282023388632,-0.026243058748008252,-0.0217494106890207,-0.12254490284992421
2016-08-30,187028,69279,91152,83132,62594,085692,COPPER-GRADE #1 - COMMODITY EXCHANGE INC.,2.069000005722046,-0.10981243450178584,20538,9.574080626027596,-21873,-7.9122354263356165,0.12627122133318694,0.09478841371056716,-0.0217494106890207,0.007249929851469439,-0.12125352473233532
2016-09-06,203453,79928,110153,88295,59323,085692,COPPER-GRADE #1 - COMMODITY EXCHANGE INC.,2.0840001106262207,-0.14240143915302306,28972,4.50948521077058,-30225,-4.465641508223368,0.05713395385386606,0.15598613222783972,0.007249929851469439,0.005518177127605384,-0.12159300523554992
2016-09-13,203945,88681,113974,80099,55217,085692,COPPER-GRADE #1 - COMMODITY EXCHANGE INC.,2.0954999923706055,-0.12200348133075094,24882,-2.010292303382108,-25293,2.4241471003130943,0.09091312187767892,0.062046334904147446,0.005518177127605384,0.028632757336192638,-0.12263923294509659
2016-09-20,190574,82274,95425,74737,61223,085692,COPPER-GRADE #1 - COMMODITY EXCHANGE INC.,2.1554999351501465,-0.07091208664350857,13514,-5.574051827698645,-13151,5.953565912378337,0.0836128273021477,0.14043973235640042,0.028632757336192638,0.002783596447314185,-0.12158053692165709
2016-09-27,179904,74769,76859,72312,70341,085692,COPPER-GRADE #1 - COMMODITY EXCHANGE INC.,2.1614999771118164,-0.010955843116328709,1971,-6.056964748601593,-2090,5.804044623086045,0.08091662986407576,0.17194053868678608,0.002783596447314185,-0.0013879347733528613,-0.11884582937730098
2016-10-04,181809,77097,76198,70272,71224,085692,COPPER-GRADE #1 - COMMODITY EXCHANGE INC.,2.1584999561309814,0.0052362644313537834,-952,-1.6247554251156173,899,1.6614416577730347,0.020657827783117543,0.019498352849081836,-0.0013879347733528613,0.009265685120681155,-0.1166721953048703
2016-10-11,185814,79132,74806,69184,72810,085692,COPPER-GRADE #1 - COMMODITY EXCHANGE INC.,2.178499937057495,0.019514137793707687,-3626,-1.470774274100842,4326,1.8849451897320815,0.018831781624575685,0.022262209460951813,0.009265685120681155,-0.03695198062532978,-0.11504143372916745
2016-10-18,207729,87535,98677,77369,68856,085692,COPPER-GRADE #1 - COMMODITY EXCHANGE INC.,2.0980000495910645,-0.040981278492651485,8513,6.532876962984489,-11142,-8.324453485743808,0.08301590015387246,0.17331858312031448,-0.03695198062532978,0.016444176757030027,-0.11479803634719897
2016-10-25,213569,90935,104689,79101,66345,085692,COPPER-GRADE #1 - COMMODITY EXCHANGE INC.,2.132499933242798,-0.05972776947965295,12756,2.0425650727630713,-13754,-1.2574074876401464,0.0291723388749089,0.04811270600744285,0.016444176757030027,0.043141857214267,-0.11523452964043782
2016-11-01,203042,88669,77371,73188,79722,085692,COPPER-GRADE #1 - COMMODITY EXCHANGE INC.,2.2244999408721924,0.03218053407669349,-6534,-9.032209730812992,11298,11.730166831328518,0.12615263880714145,0.1781739339918092,0.043141857214267,0.06945381512072202,-0.11252569071341395
2016-11-08,233922,118385,78749,69406,107339,085692,COPPER-GRADE #1 - COMMODITY EXCHANGE INC.,2.378999948501587,0.16216089123725003,-37933,-15.46428817683041,39636,13.956718314437408,0.17765141871057172,0.15773027483843477,0.06945381512072202,0.051702458016431585,-0.10591558512720874
2016-11-15,238615,117916,72921,70609,113873,085692,COPPER-GRADE #1 - COMMODITY EXCHANGE INC.,2.502000093460083,0.18131299373467719,-43264,-2.2789647831328392,44995,2.290934585032618,0.041939050964321725,0.03299674591405231,0.051702458016431585,0.0161870200242058,-0.09901112956138498
2016-11-22,236293,118089,71777,67936,115984,085692,COPPER-GRADE #1 - COMMODITY EXCHANGE INC.,2.5425000190734863,0.20334076760631928,-48048,-2.0049032961046036,46312,0.5519351256207699,0.02601130926489778,0.006936470984799806,0.0161870200242058,0.020648971147648076,-0.09123844388766937
2016-11-29,230420,121067,67706,66855,119455,085692,COPPER-GRADE #1 - COMMODITY EXCHANGE INC.,2.5950000286102295,0.22827879524346845,-52600,-1.9264218576089855,53361,2.9831607368817528,0.0244323976168751,0.0373411451849576,0.020648971147648076,0.029672409200880656,-0.08284926987838523
2016-12-06,236290,123820,67429,66365,123834,085692,COPPER-GRADE #1 - COMMODITY EXCHANGE INC.,2.671999931335449,0.24321384739091795,-57469,-2.113097821369673,56391,1.3149900182275844,0.025599503677727013,0.015843220095268472,0.029672409200880656,-0.029565867595594986,-0.07407869720842654
2016-12-13,236822,127666,66551,64364,125034,085692,COPPER-GRADE #1 - COMMODITY EXCHANGE INC.,2.5929999351501465,0.2561839693947353,-60670,-1.354691269203098,61115,1.9992382242160058,0.016900917644325705,0.024323308464243604,-0.029565867595594986,-0.036058581276095736,-0.06529616047448782
2016-12-20,233042,119225,67199,68111,120663,085692,COPPER-GRADE #1 - COMMODITY EXCHANGE INC.,2.499500036239624,0.22550441551308348,-52552,3.4278909898573615,52026,-3.8379035731477646,0.04300380348988738,0.04875445221645282,-0.036058581276095736,0.003400624381001194,-0.056857477652308655
2016-12-27,227733,112505,66742,70391,118773,085692,COPPER-GRADE #1 - COMMODITY EXCHANGE INC.,2.507999897003174,0.21245054515595016,-48382,1.7893770221676781,45763,-2.6874983908480017,0.022044363620984966,0.04003972172477085,0.003400624381001194,-0.01076553090819421,-0.04868121322752229
2017-01-03,223874,109243,64759,70583,117526,085692,COPPER-GRADE #1 - COMMODITY EXCHANGE INC.,2.4809999465942383,0.2096849120487417,-46943,0.631880315984069,44484,-0.5616226019066187,0.007649820051140562,0.03014333168584269,-0.01076553090819421,0.04937522991393095,-0.040490812964711874
2017-01-10,236637,116854,69151,71308,121407,085692,COPPER-GRADE #1 - COMMODITY EXCHANGE INC.,2.6034998893737793,0.21171245409635855,-50099,-1.4097215397947058,47703,1.4378623690111403,0.023900578574579043,0.0645305233730276,0.04937522991393095,0.004993282887067352,-0.03163239700723507
2017-01-17,251782,118944,72445,75868,125140,085692,COPPER-GRADE #1 - COMMODITY EXCHANGE INC.,2.616499900817871,0.19569309958614992,-49272,0.3494804278282771,46499,-0.5087961730414094,0.04125706439544695,0.028131188312807948,0.004993282887067352,0.032103999163143104,-0.023119234085651377
2017-01-24,270892,128015,77705,82224,133948,085692,COPPER-GRADE #1 - COMMODITY EXCHANGE INC.,2.700500011444092,0.19093956263012565,-51724,-0.9738583377683869,50310,1.5136109809279457,0.07014784523435043,0.06966264825977056,0.032103999163143104,0.007776303780141713,-0.015265172094366118
2017-01-31,291702,134989,77713,89428,147207,085692,COPPER-GRADE #1 - COMMODITY EXCHANGE INC.,2.7214999198913574,0.19807543314752726,-57779,-2.2352081272241335,57276,2.5715045110228427,0.08647495087370845,0.03282526727534297,0.007776303780141713,-0.035090940724487596,-0.007458208513079012
2017-02-07,291924,131026,79467,93332,147984,085692,COPPER-GRADE #1 - COMMODITY EXCHANGE INC.,2.625999927520752,0.18721311026157494,-54652,1.0719844224585364,51559,-1.9598768606317405,0.019397802052081088,0.02716004807760828,-0.035090940724487596,0.03998477607446804,-0.0007362719900459687
2017-02-14,296125,131446,86203,92457,140974,085692,COPPER-GRADE #1 - COMMODITY EXCHANGE INC.,2.7309999465942383,0.16383959476572393,-48517,2.1015743823734945,45243,-2.163576821364465,0.033778718336467735,0.03287862567712234,0.03998477607446804,0.005309462258276998,0.005338480765833465
2017-02-21,283805,128204,85410,93995,141913,085692,COPPER-GRADE #1 - COMMODITY EXCHANGE INC.,2.745500087738037,0.16884128186607,-47918,0.2022794428028704,42794,-0.8270156184043901,0.010499855876019466,0.018889211381276506,0.005309462258276998,-0.015115676644150255,0.011464375743468948
2017-02-28,267935,120913,82915,90031,132757,085692,COPPER-GRADE #1 - COMMODITY EXCHANGE INC.,2.7039999961853027,0.15946404911639017,-42726,1.8294251334543086,37998,-1.6898927080213528,0.05889006589223836,0.04801106815550366,-0.015115676644150255,-0.034948248884308586,0.017687405373722057
2017-03-07,267379,117779,88060,87052,123421,085692,COPPER-GRADE #1 - COMMODITY EXCHANGE INC.,2.609499931335449,0.13602040549182995,-36369,2.3725903670666395,29719,-3.089928527441357,0.058511067927952756,0.04022075505613611,-0.034948248884308586,0.005556674276813611,0.020727008672591533
2017-03-14,260056,110578,88139,92375,118993,085692,COPPER-GRADE #1 - COMMODITY EXCHANGE INC.,2.624000072479248,0.10235487741101916,-26618,3.646883263083488,22439,-2.722726915726366,0.0461328110215359,0.036635013612323054,0.005556674276813611,-0.005335433306674742,0.022817041722732016
2017-03-21,269323,111829,90159,96185,122042,085692,COPPER-GRADE #1 - COMMODITY EXCHANGE INC.,2.609999895095825,0.0960073963233738,-25857,0.2926292798474175,21670,-0.29570554034515645,0.03143057458517965,0.01619403132859378,-0.005335433306674742,0.02260537073953528,0.024551413664753993
2017-03-28,273316,112041,82176,100198,129841,085692,COPPER-GRADE #1 - COMMODITY EXCHANGE INC.,2.6689999103546143,0.10845687775322338,-29643,-1.405747002669657,29865,3.042814761457432,0.05134781493572829,0.0421950704624209,0.02260537073953528,-0.023604333411912926,0.026993886955566496
2017-04-04,277949,111665,84797,97060,126943,085692,COPPER-GRADE #1 - COMMODITY EXCHANGE INC.,2.6059999465942383,0.10751252927695369,-29883,-0.08781044651612054,26868,-1.0965329508700552,0.026946067686593484,0.015254858445908114,-0.023604333411912926,0.0,0.03009521928768481
2017-04-11,284852,114238,88393,97209,127474,085692,COPPER-GRADE #1 - COMMODITY EXCHANGE INC.,2.6059999465942383,0.1062481569376378,-30265,-0.13743528489039356,25845,-0.36805313204940476,0.0030264862050088347,0.030444502568708637,0.0,-0.029547162050348574,0.034456148945237915
2017-04-18,275401,106292,90249,103458,121850,085692,COPPER-GRADE #1 - COMMODITY EXCHANGE INC.,2.5290000438690186,0.06678261879949601,-18392,4.1681294145731815,16043,-3.441085195118869,0.0526967528893781,0.049872545677492226,-0.029547162050348574,0.02095688903826054,0.038161767103631936
2017-04-25,260513,103581,91123,101785,113775,085692,COPPER-GRADE #1 - COMMODITY EXCHANGE INC.,2.5820000171661377,0.0460245745893679,-11990,2.324610295532696,12458,-1.3017381926717768,0.04522174800519577,0.018412564713616568,0.02095688903826054,0.01665375001858327,0.0401821061392404
2017-05-02,248643,104855,86317,92346,111828,085692,COPPER-GRADE #1 - COMMODITY EXCHANGE INC.,2.625,0.07835330172174564,-19482,-2.8758641603298107,18538,2.3338566597444275,0.05576616023587724,0.03180382064319043,0.01665375001858327,-0.0514285677955264,0.04258952875050634
2017-05-09,243123,98601,90520,92701,101001,085692,COPPER-GRADE #1 - COMMODITY EXCHANGE INC.,2.490000009536743,0.03413909831649001,-8300,4.497210860551071,8081,-4.2056281495960075,0.0577278499963862,0.05529264333416173,-0.0514285677955264,0.021887591481160484,0.045577976312786234
2017-05-16,250251,96922,88276,100625,107913,085692,COPPER-GRADE #1 - COMMODITY EXCHANGE INC.,2.5445001125335693,0.029122760748208798,-7288,0.4162502107986492,8646,0.23239265721466087,0.07114290920599603,0.02118273415479649,0.021887591481160484,0.018078208599053625,0.04897242311475976
2017-05-23,256097,97688,84657,105830,116559,085692,COPPER-GRADE #1 - COMMODITY EXCHANGE INC.,2.5905001163482666,0.04189428224461825,-10729,-1.3750194804416365,13031,1.752240750286712,0.062282756791028335,0.024047821437385177,0.018078208599053625,-0.0113877654137996,0.05359974321654777
2017-05-30,249317,96704,87060,106516,116079,085692,COPPER-GRADE #1 - COMMODITY EXCHANGE INC.,2.561000108718872,0.03835679075233538,-9563,0.45529623541080133,9644,-1.3225457541478425,0.0052382128978638335,0.018431248775603492,-0.0113877654137996,-0.006442794019855258,0.05800022563869163
2017-06-06,253643,97394,84668,107435,120761,085692,COPPER-GRADE #1 - COMMODITY EXCHANGE INC.,2.5445001125335693,0.05253841028532228,-13326,-1.5093234717247521,12726,1.236177236209324,0.02454468965275465,0.016928299150838724,-0.006442794019855258,0.019060648642803768,0.062067816969477246
2017-06-13,260631,108011,89213,98675,119272,085692,COPPER-GRADE #1 - COMMODITY EXCHANGE INC.,2.5929999351501465,0.07902743725803914,-20597,-2.866627504011544,18798,2.39391585811554,0.04702519419858957,0.07687705350261631,0.019060648642803768,-0.014654789565486048,0.06723205112623698
2017-06-20,271774,103559,90780,105947,120070,085692,COPPER-GRADE #1 - COMMODITY EXCHANGE INC.,2.555000066757202,0.051965971726508055,-14123,2.4839715920209033,12779,-2.309395275312607,0.03570527880646146,0.030971652627624923,-0.014654789565486048,0.03581214930657528,0.07130835193460959
2017-06-27,253503,106572,92884,95179,110189,085692,COPPER-GRADE #1 - COMMODITY EXCHANGE INC.,2.6465001106262207,0.05921034465075364,-15010,-0.3263741196729636,13688,0.33446908092753536,0.10054633633282692,0.025654781004331783,0.03581214930657528,0.0068013930527179856,0.07502184918526557
2017-07-11,264039,112768,100762,96163,111064,085692,COPPER-GRADE #1 - COMMODITY EXCHANGE INC.,2.6644999980926514,0.05643484485246498,-14901,0.04299751876703629,12006,-0.6635029960197709,0.008970838742055813,0.06591111319252564,0.0068013930527179856,0.022142996922883684,0.07866699395794287
2017-07-18,276841,121936,106606,99519,117099,085692,COPPER-GRADE #1 - COMMODITY EXCHANGE INC.,2.7235000133514404,0.06350215466639696,-17580,-1.0146228398077557,15330,1.2589049344983128,0.0433528146322097,0.06568595706697238,0.022142996922883684,0.04295946481485413,0.08169655834118404
2017-07-25,298264,137242,112985,101929,125270,085692,COPPER-GRADE #1 - COMMODITY EXCHANGE INC.,2.8405001163482666,0.07825617573693104,-23341,-2.080977889835682,24257,3.224594622906289,0.04657150779712939,0.08666131152913155,0.04295946481485413,0.01355389212334046,0.08310541936189947
2017-08-01,321510,153081,121866,102487,135048,085692,COPPER-GRADE #1 - COMMODITY EXCHANGE INC.,2.878999948501587,0.1012752324966564,-32561,-3.091221200010729,31215,2.3328326583161227,0.04351358747132002,0.08990823686019488,0.01355389212334046,0.02205632757040532,0.08467340585150472
2017-08-08,328814,157369,124233,101644,135571,085692,COPPER-GRADE #1 - COMMODITY EXCHANGE INC.,2.942500114440918,0.10317991326403377,-33927,-0.4248701440079624,33136,0.5974930795309633,0.005758489134329616,0.023632644654512397,0.02205632757040532,-0.01971115904240406,0.0863075586631985
2017-08-15,333951,163551,126722,97858,135003,085692,COPPER-GRADE #1 - COMMODITY EXCHANGE INC.,2.884500026702881,0.1112288928615276,-37145,-0.9786687914748157,36829,1.1231273607571453,0.0186978497902182,0.029871879230930883,-0.01971115904240406,0.03536141346798383,0.08872385873488833
2017-08-22,329725,164982,124136,96991,138053,085692,COPPER-GRADE #1 - COMMODITY EXCHANGE INC.,2.986500024795532,0.12453408143149594,-41062,-1.172926567071217,40846,1.2028710798889657,0.016664964857643676,0.013893981004295824,0.03536141346798383,0.031642412210032944,0.09152604996428687
2017-08-29,329513,166629,122977,100159,144985,085692,COPPER-GRADE #1 - COMMODITY EXCHANGE INC.,3.0810000896453857,0.13603712144892613,-44826,-1.1415573584047312,43652,0.8510122071423156,0.041200274124596155,0.009689025779852627,0.031642412210032944,0.008601098954076791,0.09435597264277831
2017-09-05,330702,172088,123223,97890,149529,085692,COPPER-GRADE #1 - COMMODITY EXCHANGE INC.,3.1075000762939453,0.1561496452999982,-51639,-2.067596726077575,48865,1.5820316649115513,0.02753628460223346,0.019318616644825287,0.008601098954076791,-0.029605794165937782,0.09947062802358188
2017-09-12,316294,161636,115022,93018,144830,085692,COPPER-GRADE #1 - COMMODITY EXCHANGE INC.,3.015500068664551,0.16380962016351874,-51812,-0.05231295849435443,46614,-0.6806732345132476,0.040239985200632336,0.06742259396077467,-0.029605794165937782,-0.02188691203394333,0.10535930224120767
2017-09-19,289998,142821,110234,89998,128801,085692,COPPER-GRADE #1 - COMMODITY EXCHANGE INC.,2.94950008392334,0.13380437106462803,-38803,4.112945550658564,32587,-4.434798004388322,0.08706164104954776,0.09327221355041394,-0.02188691203394333,-0.017630121816168298,0.11027868401804188
2017-09-26,275999,136358,106222,85947,122343,085692,COPPER-GRADE #1 - COMMODITY EXCHANGE INC.,2.8975000381469727,0.1318700430074022,-36396,0.8300057241774081,30136,-0.8451782426085698,0.050453694368428635,0.04318163080220958,-0.017630121816168298,0.01760133879744541,0.11417834035748248
2017-10-03,273497,140250,106421,80495,120284,085692,COPPER-GRADE #1 - COMMODITY EXCHANGE INC.,2.948499917984009,0.1454824001725796,-39789,-1.229352280261885,33829,1.3380483262620515,0.037409290812286146,0.016584843779771437,0.01760133879744541,0.03289812608732734,0.11718676811303842
2017-10-10,289779,148019,107281,81658,128254,085692,COPPER-GRADE #1 - COMMODITY EXCHANGE INC.,3.0455000400543213,0.1607984015404843,-46596,-2.488875563534518,40738,2.526170305341558,0.043508708411143716,0.03379945162553858,0.03289812608732734,0.04432769288712568,0.12017834767282938
2017-10-17,306618,155965,104478,86744,141458,085692,COPPER-GRADE #1 - COMMODITY EXCHANGE INC.,3.180500030517578,0.17844353560456333,-54714,-2.8014452393030553,51487,3.7093785263942527,0.08014828967318428,0.041271986576717365,0.04432769288712568,0.0018865090093060921,0.12323468224611506
2017-10-24,308996,155756,102504,87457,144264,085692,COPPER-GRADE #1 - COMMODITY EXCHANGE INC.,3.186500072479248,0.18384380380328547,-56807,-0.6826083269736284,53252,0.5756348290054727,0.01518636636299688,0.00845272206303725,0.0018865090093060921,-0.02965638245736113,0.12755824152103692
2017-10-31,299573,145513,97920,87595,140038,085692,COPPER-GRADE #1 - COMMODITY EXCHANGE INC.,3.0920000076293945,0.17505916754847733,-52443,1.412316017035819,47593,-1.8314152934018564,0.01917120979822785,0.06090792949189305,-0.02965638245736113,-0.003072453647943063,0.13207337492542404
2017-11-07,299392,140327,97752,85071,134710,085692,COPPER-GRADE #1 - COMMODITY EXCHANGE INC.,3.0824999809265137,0.1657993533561351,-49639,0.9359989051082709,42575,-1.6750508223371268,0.03572647317102024,0.022488333704358637,-0.003072453647943063,-0.007299282493494097,0.13464296760387484
2017-11-14,283153,132942,93228,84856,130500,085692,COPPER-GRADE #1 - COMMODITY EXCHANGE INC.,3.059999942779541,0.16119906905453943,-45644,1.3343709918768705,39714,-0.9556033561351004,0.020547372722375973,0.05265508246009639,-0.007299282493494097,0.02140523601491906,0.1346244710234381
2017-11-21,277126,130954,90341,85241,131154,085692,COPPER-GRADE #1 - COMMODITY EXCHANGE INC.,3.125499963760376,0.16567554108961266,-45913,-0.0950016422216964,40613,0.31749619463682177,0.004801404838374269,0.02202941774554328,0.02140523601491906,-0.017597206013411748,0.13432375078026376
2017-11-28,273314,132756,88833,81417,132288,085692,COPPER-GRADE #1 - COMMODITY EXCHANGE INC.,3.070499897003174,0.18612657968490454,-50871,-1.789077892366649,43923,1.1944025461342493,0.02320020589129875,0.01493756459030006,-0.017597206013411748,-0.04885193355494111,0.13399270870485197
2017-12-05,258050,116872,90219,80412,115624,085692,COPPER-GRADE #1 - COMMODITY EXCHANGE INC.,2.9205000400543213,0.13645417554737455,-35212,5.729307682738535,26653,-6.318739618168115,0.09013140443591994,0.08339329087212868,-0.04885193355494111,0.02705016096621371,0.13222685063377324
2017-12-12,235080,106244,78490,79385,110514,085692,COPPER-GRADE #1 - COMMODITY EXCHANGE INC.,2.999500036239624,0.13241875106346776,-31129,1.5822515016469676,27754,0.4266614997093587,0.03231717913206494,0.12102265960786861,0.02705016096621371,0.042673785442358,0.13009617570439921
2017-12-19,249462,118876,76178,83794,126860,085692,COPPER-GRADE #1 - COMMODITY EXCHANGE INC.,3.127500057220459,0.1726355116210084,-43066,-5.07784583971414,42698,6.356984856219159,0.09852649368158212,0.07661468106268007,0.042673785442358,0.04108712466512765,0.128489474593366
2017-12-26,268478,136816,83547,83321,136134,085692,COPPER-GRADE #1 - COMMODITY EXCHANGE INC.,3.25600004196167,0.19671257980169699,-52813,-3.9072083122880437,53269,4.237519141191845,0.044414572463603016,0.11485140427385723,0.04108712466512765,,0.1279357854450701
