,Open_Interest_All,NonComm_Positions_Long_All,NonComm_Positions_Short_All,Comm_Positions_Long_All,Comm_Positions_Short_All,CFTC_Contract_Market_Code,Market_and_Exchange_Names,HO_Close,HP,NetLong_Comm,Q_Comm,NetLong_NonComm,Q_NonComm,PT_Comm,PT_NonComm,Ret,Ret_Lead,HP_Smooth_52w,Basis
2015-01-06,359244,62178,86465,190168,166416,022651,"#2 HEATING OIL, NY HARBOR-ULSD - NEW YORK MERCANTILE EXCHANGE",1.726199984550476,-0.06611662268541715,23752,,-24287,,,,,-0.0539914083954085,,
2015-01-13,373833,67320,96043,194294,166134,022651,"#2 HEATING OIL, NY HARBOR-ULSD - NEW YORK MERCANTILE EXCHANGE",1.6330000162124634,-0.07532775330160793,28160,1.227021188941221,-28723,-1.2348153344245136,0.01222990444693531,0.09010608277272088,-0.0539914083954085,-0.0039191604804491575,,
2015-01-20,377479,69672,101341,198419,167793,022651,"#2 HEATING OIL, NY HARBOR-ULSD - NEW YORK MERCANTILE EXCHANGE",1.6266000270843506,-0.08113299017958615,30626,0.6596528396369502,-31669,-0.7880524191283274,0.01579413017596365,0.044733441317326754,-0.0039191604804491575,0.02225496540468197,,-0.02938276070883103
2015-01-27,392614,68386,99776,208750,182828,022651,"#2 HEATING OIL, NY HARBOR-ULSD - NEW YORK MERCANTILE EXCHANGE",1.6627999544143677,-0.06602413566505524,25922,-1.2461620381531158,-31390,0.07391139639556107,0.06477892016405416,0.01695388970159727,0.02225496540468197,0.11047635898629649,,-0.011956394823299835
2015-02-03,379514,67464,103147,200968,171529,022651,"#2 HEATING OIL, NY HARBOR-ULSD - NEW YORK MERCANTILE EXCHANGE",1.846500039100647,-0.07757026091264091,29439,0.8957907766916107,-35683,-1.093440376553052,0.051224573620727146,0.025162504176166837,0.11047635898629649,-0.007473612073676583,,0.018532398228848848
2015-02-10,397329,64159,101190,212779,183731,022651,"#2 HEATING OIL, NY HARBOR-ULSD - NEW YORK MERCANTILE EXCHANGE",1.83270001411438,-0.0731081798710892,29048,-0.10302650231612008,-37031,-0.355191112844322,0.06056089379839096,0.031823597360733966,-0.007473612073676583,0.07895450975627227,,0.029883640698356587
2015-02-17,395666,65298,95098,212335,191748,022651,"#2 HEATING OIL, NY HARBOR-ULSD - NEW YORK MERCANTILE EXCHANGE",1.9773999452590945,-0.05203125868788321,20587,-2.1294695328053073,-29800,1.8199023982644107,0.020938767530433104,0.04508217162522756,0.07895450975627227,0.02604428250854096,,0.049792571608697066
2015-02-24,368870,67275,92056,198432,185441,022651,"#2 HEATING OIL, NY HARBOR-ULSD - NEW YORK MERCANTILE EXCHANGE",2.028899908065796,-0.03521836961531163,12991,-1.9198010443151547,-24781,1.2684941339412534,0.052647620436967434,0.031500461303826624,0.02604428250854096,-0.04406325489966112,,0.05069348008955597
2015-03-03,375130,67612,83020,201161,197317,022651,"#2 HEATING OIL, NY HARBOR-ULSD - NEW YORK MERCANTILE EXCHANGE",1.9394999742507937,-0.010247114333697651,3844,-2.4797354081383687,-15408,2.541003605606311,0.036651960710503466,0.06222449413139306,-0.04406325489966112,-0.0649651607081998,,0.013276951236467119
2015-03-10,385006,64978,85728,205761,195933,022651,"#2 HEATING OIL, NY HARBOR-ULSD - NEW YORK MERCANTILE EXCHANGE",1.8135000467300415,-0.025526874905845622,9828,1.595180337483006,-20750,-1.4240396662490338,0.014896911579460983,0.035446498480485186,-0.0649651607081998,-0.06594985085199312,,-0.001007913610072676
2015-03-17,378817,62193,86661,205647,187683,022651,"#2 HEATING OIL, NY HARBOR-ULSD - NEW YORK MERCANTILE EXCHANGE",1.6938999891281128,-0.04742131424936051,17964,2.113213820044363,-24468,-0.9656992358560647,0.021264586988025323,0.02497749472637618,-0.06594985085199312,0.00743849362921023,,-0.03794436386103435
2015-03-24,364661,57338,87832,199981,177114,022651,"#2 HEATING OIL, NY HARBOR-ULSD - NEW YORK MERCANTILE EXCHANGE",1.7065000534057615,-0.0627075557846877,22867,1.2942924947930003,-30494,-1.5907417037778135,0.043052811625717655,0.041509953847213614,0.00743849362921023,0.0066803305027678395,,-0.042787407186983935
2015-03-31,364522,59271,88193,196488,172795,022651,"#2 HEATING OIL, NY HARBOR-ULSD - NEW YORK MERCANTILE EXCHANGE",1.717900037765503,-0.06499744871365788,23693,0.22651174652622572,-28922,0.431085309369524,0.021154507518623928,0.01555633917430695,0.0066803305027678395,0.03836076995084925,,-0.029633823318320394
2015-04-07,363677,57424,91220,196710,169791,022651,"#2 HEATING OIL, NY HARBOR-ULSD - NEW YORK MERCANTILE EXCHANGE",1.7838000059127808,-0.07401897837916613,26919,0.8849945956622646,-33796,-1.3370935087594165,0.008802158793564002,0.03278975269772073,0.03836076995084925,0.010034751666360586,,-0.003373247198765683
2015-04-14,365300,62741,86680,192600,175941,022651,"#2 HEATING OIL, NY HARBOR-ULSD - NEW YORK MERCANTILE EXCHANGE",1.801699995994568,-0.045603613468382154,16659,-2.821184732606131,-23939,2.7103721159160465,0.027839507680285234,0.06596796969636129,0.010034751666360586,0.028584094422597017,,0.015507717791068873
2015-04-21,360816,63688,84304,186461,179015,022651,"#2 HEATING OIL, NY HARBOR-ULSD - NEW YORK MERCANTILE EXCHANGE",1.8531999588012695,-0.02063655713715578,7446,-2.522036682179031,-20616,0.9096632904462085,0.02520822160689074,0.022453916427915024,0.028584094422597017,0.03421111134554433,,0.02069927091233919
2015-04-28,360668,67832,81786,188637,188801,022651,"#2 HEATING OIL, NY HARBOR-ULSD - NEW YORK MERCANTILE EXCHANGE",1.916599988937378,0.00045471181252564687,-164,-2.109108243536872,-13954,1.8463704492040263,0.03169262236446781,0.04452672806747851,0.03421111134554433,0.051079992879536906,,0.027418340121354537
2015-05-05,354999,70204,81005,185456,189118,022651,"#2 HEATING OIL, NY HARBOR-ULSD - NEW YORK MERCANTILE EXCHANGE",2.0144999027252197,0.010315522015554973,-3662,-0.9698670245211662,-10801,0.8742111859105881,0.009338608659437121,0.020851933416661708,0.051079992879536906,-0.007743781381573278,,0.030507369276065163
2015-05-12,367727,71442,82731,195561,200003,022651,"#2 HEATING OIL, NY HARBOR-ULSD - NEW YORK MERCANTILE EXCHANGE",1.998900055885315,0.012079613408860377,-4442,-0.21971892878571486,-11289,-0.13746517595824215,0.05306347392583754,0.019225156155747117,-0.007743781381573278,-0.034869178408931445,,0.02618696311812472
2015-05-19,362911,70615,76520,190353,202498,022651,"#2 HEATING OIL, NY HARBOR-ULSD - NEW YORK MERCANTILE EXCHANGE",1.9292000532150269,0.03346550531673055,-12145,-2.094760515273559,-5905,1.4641296396511543,0.019607942960562657,0.04783362218370884,-0.034869178408931445,-0.015032159998487282,,0.010613018265614602
2015-05-26,352075,66685,74741,187660,198542,022651,"#2 HEATING OIL, NY HARBOR-ULSD - NEW YORK MERCANTILE EXCHANGE",1.9002000093460083,0.030908187176027835,-10882,0.34801921132178415,-8056,-0.5927073028924447,0.017216378993376524,0.0403674006194052,-0.015032159998487282,0.02383959932830737,,-0.001642630105799292
2015-06-02,342066,65847,70931,179885,193648,022651,"#2 HEATING OIL, NY HARBOR-ULSD - NEW YORK MERCANTILE EXCHANGE",1.9455000162124632,0.04023492542374863,-13763,-0.8182915571966201,-5084,0.8441383228005396,0.033916682060219576,0.03398207314041732,0.02383959932830737,-0.014186609993592447,,-0.008487295527794612
2015-06-09,353855,65362,66699,183729,196972,022651,"#2 HEATING OIL, NY HARBOR-ULSD - NEW YORK MERCANTILE EXCHANGE",1.9178999662399292,0.03742493394186885,-13243,0.15201744692544714,-1337,1.0954026415954816,0.018828424406555275,0.03571834228121853,-0.014186609993592447,-0.017206315736739253,,-0.010113052232431334
2015-06-16,368951,65727,60368,198471,211635,022651,"#2 HEATING OIL, NY HARBOR-ULSD - NEW YORK MERCANTILE EXCHANGE",1.8848999738693235,0.03567953468075707,-13164,0.02232552881830128,5359,1.8923005185739923,0.07170097486991169,0.053102819302906536,-0.017206315736739253,0.013953033601031839,,-0.005662372616467365
2015-06-23,371685,65238,59819,197758,218379,022651,"#2 HEATING OIL, NY HARBOR-ULSD - NEW YORK MERCANTILE EXCHANGE",1.9112000465393064,0.05547977454026931,-20621,-2.0211355979520316,5419,0.016262322096972225,0.017919579369294246,0.008300215101913528,0.013953033601031839,-0.012871509205037768,,0.0015986482803796213
2015-06-30,367511,64368,58356,194327,211198,022651,"#2 HEATING OIL, NY HARBOR-ULSD - NEW YORK MERCANTILE EXCHANGE",1.8866000175476072,0.04590610893279385,-16871,1.0089188425683038,6012,0.15954369963813445,0.026168546945317797,0.01901013656660474,-0.012871509205037768,-0.09291847793256991,-0.02214385425543876,-0.007606708120520081
2015-07-07,376020,59056,59642,207940,210099,022651,"#2 HEATING OIL, NY HARBOR-ULSD - NEW YORK MERCANTILE EXCHANGE",1.711300015449524,0.005741715866177331,-2159,4.003145484080749,-586,-1.7953204121781388,0.03519288870177185,0.055586446275421655,-0.09291847793256991,0.008180879353972381,-0.021111055362045574,-0.027639287527112096
2015-07-14,376772,58970,57122,203834,211359,022651,"#2 HEATING OIL, NY HARBOR-ULSD - NEW YORK MERCANTILE EXCHANGE",1.7252999544143677,0.019972290934570508,-7525,-1.4270517525663529,1848,0.6473059943620021,0.012924109992220486,0.02244771388209351,0.008180879353972381,-0.027183629502520734,-0.019643792994309284,-0.021135814512019596
2015-07-21,391674,61904,57390,205917,216678,022651,"#2 HEATING OIL, NY HARBOR-ULSD - NEW YORK MERCANTILE EXCHANGE",1.6784000396728516,0.027474379203112794,-10761,-0.8588748633125605,4514,0.7075897359676409,0.01751558821093482,0.026841249350344525,-0.027183629502520734,-0.04408960867761791,-0.018019028435777486,-0.03169521259300725
2015-07-28,400345,67248,54691,208665,224162,022651,"#2 HEATING OIL, NY HARBOR-ULSD - NEW YORK MERCANTILE EXCHANGE",1.6044000387191772,0.038709113389701386,-15497,-1.209168849604518,12557,2.053493466505308,0.023639930041332913,0.0659592091127531,-0.04408960867761791,-0.03546498568990741,-0.01612809037492819,-0.03978368915180592
2015-08-04,409973,73207,67658,212009,221121,022651,"#2 HEATING OIL, NY HARBOR-ULSD - NEW YORK MERCANTILE EXCHANGE",1.5475000143051147,0.022225853897695703,-9112,1.5948744208120498,5549,-1.7504902022006021,0.014741532565280631,0.1343555886842012,-0.03546498568990741,0.009951491256200873,-0.01489086636613387,-0.0249479647221962
2015-08-11,432352,73659,69135,219567,224233,022651,"#2 HEATING OIL, NY HARBOR-ULSD - NEW YORK MERCANTILE EXCHANGE",1.5628999471664429,0.01079213233661461,-4666,1.084461659670271,4524,-0.25001646449888165,0.024042361424064893,0.013508970965166603,0.009951491256200873,-0.00275129466296431,-0.014088272656672982,-0.024494232501300405
2015-08-18,423212,69951,68019,214122,220575,022651,"#2 HEATING OIL, NY HARBOR-ULSD - NEW YORK MERCANTILE EXCHANGE",1.5585999488830566,0.015247677287033449,-6453,-0.41332062763674043,1932,-0.5995115091407002,0.020941023287485306,0.03496412263535551,-0.00275129466296431,-0.10483763642220967,-0.013199304476560666,-0.01825419816401239
2015-08-25,435992,70319,72958,232506,231367,022651,"#2 HEATING OIL, NY HARBOR-ULSD - NEW YORK MERCANTILE EXCHANGE",1.39520001411438,-0.002612433255656067,1139,1.7938999839324028,-2639,-1.0800733438560342,0.06289652555764186,0.037040139031386754,-0.10483763642220967,0.13094899377004987,-0.012887925911239943,-0.033841835920482025
2015-09-01,415701,61095,66993,231877,226413,022651,"#2 HEATING OIL, NY HARBOR-ULSD - NEW YORK MERCANTILE EXCHANGE",1.5779000520706177,-0.013144062679666394,5464,0.99199067872805,-5898,-0.7474907796473329,0.012182242684762923,0.11858253700580851,0.13094899377004987,0.010076618351611888,-0.012895244104623555,0.008293402950795963
2015-09-08,399246,60902,65701,220803,219283,022651,"#2 HEATING OIL, NY HARBOR-ULSD - NEW YORK MERCANTILE EXCHANGE",1.5937999486923218,-0.003807176527754818,1520,-0.9487588434956855,-4799,0.2643727101931436,0.041364642365355864,0.011729579867775645,0.010076618351611888,-0.058853025292968875,-0.012642797783043868,0.008324425883897734
2015-09-15,410649,59243,65559,224382,218179,022651,"#2 HEATING OIL, NY HARBOR-ULSD - NEW YORK MERCANTILE EXCHANGE",1.5,-0.01510535761684553,6203,1.1729610315444612,-6316,-0.3799662363555302,0.010581592142100185,0.014430858479832054,-0.058853025292968875,0.021333297093709236,-0.012709353454227697,-0.005682376563384292
2015-09-22,389170,58113,65966,215293,205787,022651,"#2 HEATING OIL, NY HARBOR-ULSD - NEW YORK MERCANTILE EXCHANGE",1.531999945640564,-0.024426343243312693,9506,0.8043365501925002,-7853,-0.374285582090788,0.0510140590861594,0.012387269400946171,0.021333297093709236,-0.022454299926692678,-0.013017695290782566,0.025547340845692542
2015-09-29,385757,56633,67705,213006,203694,022651,"#2 HEATING OIL, NY HARBOR-ULSD - NEW YORK MERCANTILE EXCHANGE",1.497599959373474,-0.024139548990685846,9312,-0.04984968008839325,-11072,-0.8271449495079272,0.010511159107271418,0.025889108719779955,-0.022454299926692678,0.0760550671153255,-0.013302871026677522,-0.01255281033510433
2015-10-06,385732,55502,60633,210247,210327,022651,"#2 HEATING OIL, NY HARBOR-ULSD - NEW YORK MERCANTILE EXCHANGE",1.6115000247955322,0.00020739788246762,-80,-2.434693343218658,-5131,1.540088708694852,0.02233138520212852,0.07063331467688466,0.0760550671153255,-0.0873099475508724,-0.012965114303948894,0.004012200097161992
2015-10-13,376990,53315,66590,203122,193849,022651,"#2 HEATING OIL, NY HARBOR-ULSD - NEW YORK MERCANTILE EXCHANGE",1.4708000421524048,-0.024597469428897317,9273,2.4247404933995624,-13275,-2.1113104435203716,0.05945774376465787,0.067920437012635,-0.0873099475508724,-0.015025897706793634,-0.01324883028260617,-0.0030987670403125034
2015-10-20,394212,59181,69376,215100,208927,022651,"#2 HEATING OIL, NY HARBOR-ULSD - NEW YORK MERCANTILE EXCHANGE",1.448699951171875,-0.015659086988726877,6173,-0.8223029788588557,-10195,0.8169977983500889,0.0638072575567122,0.06730088598831646,-0.015025897706793634,-0.016773645357165412,-0.013306217347037616,-0.012258600070386722
2015-10-27,378501,57266,71918,210608,200747,022651,"#2 HEATING OIL, NY HARBOR-ULSD - NEW YORK MERCANTILE EXCHANGE",1.424399971961975,-0.026052771326892134,9861,0.9355372236258662,-14652,-1.130609925623776,0.030805508623937963,0.034501176616299235,-0.016773645357165412,0.09941028894025838,-0.01360264883494121,-0.010821952538633266
2015-11-03,355913,55316,70027,198600,190858,022651,"#2 HEATING OIL, NY HARBOR-ULSD - NEW YORK MERCANTILE EXCHANGE",1.565999984741211,-0.021752506932874047,7742,-0.5598400004227202,-14711,-0.015587805580434398,0.056224291194429184,0.030643913102446886,0.09941028894025838,-0.050766258442088374,-0.013787872882621503,-0.004936967210677072
2015-11-10,369963,55687,66715,218168,205288,022651,"#2 HEATING OIL, NY HARBOR-ULSD - NEW YORK MERCANTILE EXCHANGE",1.4865000247955322,-0.034814292240034815,12880,1.4436112195958,-11028,1.0348034491575187,0.08028697196402933,0.030089377624548618,-0.050766258442088374,-0.07965016865728403,-0.014255126646119574,0.004202279899252804
2015-11-17,374351,56635,73893,218454,197774,022651,"#2 HEATING OIL, NY HARBOR-ULSD - NEW YORK MERCANTILE EXCHANGE",1.3681000471115112,-0.05524227262649225,20680,2.1083189400021083,-17258,-1.683952179001684,0.018739729186887957,0.06225484187300809,-0.07965016865728403,0.02309772486364481,-0.015146151558736373,-0.012016859992262825
2015-11-24,362990,54912,79605,206525,182327,022651,"#2 HEATING OIL, NY HARBOR-ULSD - NEW YORK MERCANTILE EXCHANGE",1.3997000455856323,-0.06666299347089452,24198,0.9397597441972908,-24693,-1.9861039505704539,0.0704021067141226,0.05527182437907476,0.02309772486364481,-0.0219333332481656,-0.016242254578143992,-0.001979060372594458
2015-12-01,345784,58434,76870,191938,171417,022651,"#2 HEATING OIL, NY HARBOR-ULSD - NEW YORK MERCANTILE EXCHANGE",1.36899995803833,-0.059346297110334775,20521,-1.012975564065126,-18436,1.7237389459764731,0.07017104484594955,0.04624401348075445,-0.0219333332481656,-0.08020451751845437,-0.017140255464231303,-0.032846600268138605
2015-12-08,347675,58261,74473,196656,182536,022651,"#2 HEATING OIL, NY HARBOR-ULSD - NEW YORK MERCANTILE EXCHANGE",1.2591999769210815,-0.040612641115984754,14120,-1.8511556347315088,-16212,0.6431760868056359,0.04176512162703855,0.019362032335347387,-0.08020451751845437,-0.08934240341344524,-0.017619283742838516,-0.040480983546174715
2015-12-15,350446,64715,78081,198382,188203,022651,"#2 HEATING OIL, NY HARBOR-ULSD - NEW YORK MERCANTILE EXCHANGE",1.1467000246047974,-0.02904584443823014,10179,-1.1335298770403395,-13366,0.8185805709355001,0.019123866678738183,0.07046415865990643,-0.08934240341344524,-0.0515392261137263,-0.017847814956746345,-0.04300733097231026
2015-12-22,353619,61397,75093,201701,189469,022651,"#2 HEATING OIL, NY HARBOR-ULSD - NEW YORK MERCANTILE EXCHANGE",1.0875999927520752,-0.03459090150698916,12232,0.5858249202444885,-13696,-0.09416572025361968,0.011721246516859678,0.046201186900139204,-0.0515392261137263,0.03852522894299848,-0.01817611077145699,-0.06267877960772213
2015-12-29,343460,62664,71240,189929,183728,022651,"#2 HEATING OIL, NY HARBOR-ULSD - NEW YORK MERCANTILE EXCHANGE",1.1295000314712524,-0.01805450416351249,6201,-1.7055079054010107,-8576,1.4478860016005928,0.04686918751689383,0.03823634842872506,0.03852522894299848,-0.0037184431805482587,-0.018173772182842673,-0.046714560727297946
2016-01-05,345966,65815,68854,182054,184381,022651,"#2 HEATING OIL, NY HARBOR-ULSD - NEW YORK MERCANTILE EXCHANGE",1.125300049781799,0.006726094471711093,-2327,-2.4829674489023468,-3039,1.6121236825248935,0.023272886050732054,0.041115624234233566,-0.0037184431805482587,-0.12014575461659194,-0.016772950699051745,-0.026876674633156794
2016-01-12,345023,68490,63458,178974,185470,022651,"#2 HEATING OIL, NY HARBOR-ULSD - NEW YORK MERCANTILE EXCHANGE",0.9901000261306764,0.018827730325224695,-6496,-1.2050317083181585,5032,2.3328882028869886,0.011439343218711243,0.06116803589292752,-0.12014575461659194,-0.08221395279620503,-0.014962268321612656,-0.034818746731153316
2016-01-19,361345,69154,69492,192685,194055,022651,"#2 HEATING OIL, NY HARBOR-ULSD - NEW YORK MERCANTILE EXCHANGE",0.9086999893188475,0.003791390499384245,-1370,1.4856980549122811,-338,-1.556417977931906,0.057651135129544395,0.048310084676081534,-0.08221395279620503,0.06492793656024487,-0.013329107154709379,-0.04279083810119572
2016-01-26,349566,70030,65395,188551,194543,022651,"#2 HEATING OIL, NY HARBOR-ULSD - NEW YORK MERCANTILE EXCHANGE",0.9677000045776368,0.01714125515639393,-5992,-1.2791099918360571,4635,1.3762470768932737,0.012064924013427514,0.03672143252722909,0.06492793656024487,0.04464195082915556,-0.01172977271583536,-0.035925204959009735
2016-02-02,358889,67586,65080,200418,203779,022651,"#2 HEATING OIL, NY HARBOR-ULSD - NEW YORK MERCANTILE EXCHANGE",1.0109000205993652,0.009365012580491461,-3361,0.752647568699473,2506,-0.609040925032755,0.05220968982946435,0.0207965869175222,0.04464195082915556,-0.03561184352345337,-0.010057940533275118,-0.02347075074866889
2016-02-09,358222,70436,66950,198339,200069,022651,"#2 HEATING OIL, NY HARBOR-ULSD - NEW YORK MERCANTILE EXCHANGE",0.9749000072479248,0.004829407462411577,-1730,0.4544580636352744,3486,0.2730649309396499,0.014530330716250678,0.03435575677288807,-0.03561184352345337,0.05344131990324352,-0.00855914077686164,-0.0020661101689662007
2016-02-16,367721,69009,65042,205961,210886,022651,"#2 HEATING OIL, NY HARBOR-ULSD - NEW YORK MERCANTILE EXCHANGE",1.0269999504089355,0.013393306338229256,-4925,-0.8919050197921959,3967,0.1342742768450849,0.04423445532773416,0.024878590984028465,0.05344131990324352,-0.004771157618599919,-0.007300976064821018,0.03135315350989802
2016-02-23,373763,68869,70362,213914,212763,022651,"#2 HEATING OIL, NY HARBOR-ULSD - NEW YORK MERCANTILE EXCHANGE",1.0220999717712402,-0.0030794915494578115,1151,1.652339681443268,-1493,-1.4848213727255175,0.023038504536218262,0.03921540461535147,-0.004771157618599919,0.07572641741377062,-0.006682920717400753,0.014322015946747627
2016-03-01,364300,65582,70792,213954,210106,022651,"#2 HEATING OIL, NY HARBOR-ULSD - NEW YORK MERCANTILE EXCHANGE",1.0994999408721924,-0.010562723030469394,3848,0.7215802527269954,-5210,-0.9944804595425443,0.006359949063811725,0.027255928549430243,0.07572641741377062,0.09140528623566868,-0.006688990115415594,0.021953434263231215
2016-03-08,363738,65163,69242,206972,206262,022651,"#2 HEATING OIL, NY HARBOR-ULSD - NEW YORK MERCANTILE EXCHANGE",1.2000000476837158,-0.001951954428737168,710,-0.8613779851770519,-4079,0.31045841339555313,0.026198231510475904,0.014649752613370039,0.09140528623566868,-0.018583336727486577,-0.006235626260086584,0.05254545326865056
2016-03-15,358306,64545,67621,201557,203953,022651,"#2 HEATING OIL, NY HARBOR-ULSD - NEW YORK MERCANTILE EXCHANGE",1.1777000427246094,0.006687021707702355,-2396,-0.8539113317827668,-3076,0.2757479284539971,0.01904761904761905,0.01694081685153519,-0.018583336727486577,0.06317393684387818,-0.005195081337835375,0.03531338015830364
2016-03-22,378646,62999,63507,216132,226173,022651,"#2 HEATING OIL, NY HARBOR-ULSD - NEW YORK MERCANTILE EXCHANGE",1.2520999908447266,0.026518172646746566,-10041,-2.1336511250160477,-508,0.7167058324448934,0.08318920202122969,0.044740960903040174,0.06317393684387818,-0.07715033718682451,-0.0034792019449231782,0.05157730119818292
2016-03-29,377333,64101,62948,211442,219877,022651,"#2 HEATING OIL, NY HARBOR-ULSD - NEW YORK MERCANTILE EXCHANGE",1.155500054359436,0.022354260030265045,-8435,0.42414286695224557,1153,0.43866830760129516,0.025470707295528368,0.013073695975568482,-0.07715033718682451,-0.07001304132027975,-0.0017993613921554298,0.014604224563088864
2016-04-05,382411,65573,65789,210635,211213,022651,"#2 HEATING OIL, NY HARBOR-ULSD - NEW YORK MERCANTILE EXCHANGE",1.0745999813079834,0.0015114627978797682,-578,2.082245655694042,-216,-0.3628095077822507,0.02245121465551573,0.03283293494313424,-0.07001304132027975,0.1873255429813505,-0.0003468529079814702,-0.025977712440197444
2016-04-12,387559,66282,61723,211782,222227,022651,"#2 HEATING OIL, NY HARBOR-ULSD - NEW YORK MERCANTILE EXCHANGE",1.2759000062942505,0.02695073524289205,-10445,-2.5802082053079016,4559,1.2486565501515385,0.028020156264040606,0.03730323034256474,0.1873255429813505,-0.0099537280348313,0.001048423028773803,0.025505964977945245
2016-04-19,395331,68133,66444,218985,229121,022651,"#2 HEATING OIL, NY HARBOR-ULSD - NEW YORK MERCANTILE EXCHANGE",1.263200044631958,0.025639274430793436,-10136,0.07972979597945087,1689,-0.7405324092589773,0.031459074415428494,0.04883449623635539,-0.0099537280348313,0.0548606189408003,0.0019383428666189804,0.00752373470205327
2016-04-26,393354,66810,62635,217303,233294,022651,"#2 HEATING OIL, NY HARBOR-ULSD - NEW YORK MERCANTILE EXCHANGE",1.3324999809265137,0.04065294874337111,-15991,-1.4810374091584013,4175,0.6288401364932171,0.01299387257349694,0.03964618177604388,0.0548606189408003,0.0006754447647214779,0.0027113858845198547,0.03975407871719231
2016-05-03,393146,68958,61848,213789,234903,022651,"#2 HEATING OIL, NY HARBOR-ULSD - NEW YORK MERCANTILE EXCHANGE",1.333400011062622,0.053705239274976724,-21114,-1.3023891964998449,7110,0.7461472363316504,0.011417631693901385,0.022437808663211167,0.0006754447647214779,0.0030748200551256044,0.0035458035241241193,0.05659483752015363
2016-05-10,389661,69791,61120,210339,231864,022651,"#2 HEATING OIL, NY HARBOR-ULSD - NEW YORK MERCANTILE EXCHANGE",1.337499976158142,0.05524032428187579,-21525,-0.10454131544006552,8671,0.3970535119268669,0.01467425594127584,0.01192413166196882,0.0030748200551256044,0.0971214810865435,0.004375817194759031,0.012090898530783026
2016-05-17,399144,67647,59227,206755,227552,022651,"#2 HEATING OIL, NY HARBOR-ULSD - NEW YORK MERCANTILE EXCHANGE",1.4673999547958374,0.05210400256549015,-20797,0.18682906423788884,8420,-0.06441496582927211,0.018180687854443975,0.031818970001734004,0.0971214810865435,0.0145155227576097,0.004734249834158253,0.03819431274974947
2016-05-24,413495,72773,61239,222449,249286,022651,"#2 HEATING OIL, NY HARBOR-ULSD - NEW YORK MERCANTILE EXCHANGE",1.488700032234192,0.06490284042128684,-26837,-1.5132383300262562,11534,0.7801695628645301,0.0793411555216382,0.05326388681610602,0.0145155227576097,0.005911137472162542,0.00538799316579785,0.028438580042419257
2016-05-31,409390,75921,63725,217640,247814,022651,"#2 HEATING OIL, NY HARBOR-ULSD - NEW YORK MERCANTILE EXCHANGE",1.497499942779541,0.07370478028285986,-30174,-0.8070230595291358,12196,0.16009867108429363,0.013494351751193458,0.0403448720335706,0.005911137472162542,0.029382324704623652,0.006031644220780758,0.029709995027708266
2016-06-07,416893,75842,66151,223089,254057,022651,"#2 HEATING OIL, NY HARBOR-ULSD - NEW YORK MERCANTILE EXCHANGE",1.5414999723434448,0.07428284955612112,-30968,-0.19394709201494906,9691,-0.611885976697037,0.024504030212974644,0.017641714732416387,0.029382324704623652,-0.02562439104854597,0.00674045029028561,0.03607405270716638
2016-06-14,412607,77881,63445,216290,250845,022651,"#2 HEATING OIL, NY HARBOR-ULSD - NEW YORK MERCANTILE EXCHANGE",1.5019999742507937,0.08374797325299861,-34555,-0.8604126238627177,14436,1.1381817396790064,0.021430635683474798,0.03357485529909571,-0.02562439104854597,0.009786987599455621,0.007664843339751793,0.006027943857472963
2016-06-21,404416,75014,60156,216277,246856,022651,"#2 HEATING OIL, NY HARBOR-ULSD - NEW YORK MERCANTILE EXCHANGE",1.516700029373169,0.07561273540117107,-30579,0.9636288284008754,14858,0.10227650039868447,0.008641146279794357,0.045542649996300956,0.009786987599455621,-0.030065310058113637,0.008052015663999905,0.00485222358177594
2016-06-28,381857,71429,56578,206079,234308,022651,"#2 HEATING OIL, NY HARBOR-ULSD - NEW YORK MERCANTILE EXCHANGE",1.4710999727249146,0.07392557947084903,-28229,0.5810848235480297,14851,-0.0017308909637600888,0.05165002599985921,0.05595787730358496,-0.030065310058113637,-0.017333927259399418,0.00859085163588558,-0.004138649608394571
2016-07-05,375277,73354,59573,200109,228474,022651,"#2 HEATING OIL, NY HARBOR-ULSD - NEW YORK MERCANTILE EXCHANGE",1.4456000328063965,0.07558416849420561,-28365,-0.03561542671733135,13781,-0.280209607261357,0.027541923034744727,0.0370127964973256,-0.017333927259399418,0.012174833910193472,0.009933975724886124,-0.015935457839711707
2016-07-12,367029,75458,60419,188346,216115,022651,"#2 HEATING OIL, NY HARBOR-ULSD - NEW YORK MERCANTILE EXCHANGE",1.4631999731063845,0.07565887164229529,-27769,0.1588160212323164,15039,0.3352190515272719,0.05963986639008458,0.021710811984368215,0.012174833910193472,-0.05405960513470087,0.011004871507726987,-0.006379660781299019
2016-07-19,370482,70379,59592,198996,215219,022651,"#2 HEATING OIL, NY HARBOR-ULSD - NEW YORK MERCANTILE EXCHANGE",1.3840999603271484,0.04378890202492969,-16223,3.1458004680829035,10787,-1.158491563336957,0.027874413046364812,0.045440906048272306,-0.05405960513470087,-0.04197672623944593,0.011318612331223464,-0.022573885866730738
2016-07-26,368432,68058,55245,199813,218479,022651,"#2 HEATING OIL, NY HARBOR-ULSD - NEW YORK MERCANTILE EXCHANGE",1.3259999752044678,0.05066335171754897,-18666,-0.6594112534482107,12813,0.5468551778493962,0.009746779761506317,0.05407816517035271,-0.04197672623944593,-0.05052792814790308,0.011548501529835917,-0.02562437413072333
2016-08-02,393209,71313,58584,208873,224522,022651,"#2 HEATING OIL, NY HARBOR-ULSD - NEW YORK MERCANTILE EXCHANGE",1.258999943733215,0.03979817349043384,-15649,0.8188756676944458,12729,-0.02279932253441612,0.03484811776785611,0.05076329707383542,-0.05052792814790308,0.05695003918567676,0.01188643075277319,-0.034174716295150204
2016-08-09,398408,72124,63220,202748,218225,022651,"#2 HEATING OIL, NY HARBOR-ULSD - NEW YORK MERCANTILE EXCHANGE",1.3307000398635864,0.038847111503785066,-15477,0.04374264068218174,8904,-0.9727651198217742,0.029507830668475177,0.040245596406194586,0.05695003918567676,0.09814381278543105,0.012425949582911083,-0.02265832711406705
2016-08-16,401075,71247,56483,203583,226704,022651,"#2 HEATING OIL, NY HARBOR-ULSD - NEW YORK MERCANTILE EXCHANGE",1.461300015449524,0.05764757214984729,-23121,-1.9186361719644183,14764,1.4708539989156844,0.021646017657981766,0.05961011508651061,0.09814381278543105,0.027714997047300294,0.013241332176426732,0.015526142623238547
2016-08-23,402986,78195,57318,207039,243490,022651,"#2 HEATING OIL, NY HARBOR-ULSD - NEW YORK MERCANTILE EXCHANGE",1.5017999410629272,0.09045227377626022,-36451,-3.3235679112385466,20877,1.5241538365642338,0.04492940521031943,0.05743360415605883,0.027714997047300294,-0.020442115822886686,0.015031038080886662,0.03253517448442844
2016-08-30,387074,77924,56263,199509,237345,022651,"#2 HEATING OIL, NY HARBOR-ULSD - NEW YORK MERCANTILE EXCHANGE",1.4710999727249146,0.09774875088484372,-37836,-0.3436843959839796,21661,0.19454770140898195,0.031303364510797654,0.009881732209528494,-0.020442115822886686,-0.04255320355827297,0.017163592187896475,0.03978947762502302
2016-09-06,382084,71262,53883,205116,230434,022651,"#2 HEATING OIL, NY HARBOR-ULSD - NEW YORK MERCANTILE EXCHANGE",1.4084999561309814,0.06626291600799825,-25318,3.2340069340746216,17379,-1.1062484176152365,0.02874067271266215,0.07225218746254344,-0.04255320355827297,0.010223646282625065,0.018511093967430187,0.015593657106049052
2016-09-13,385339,69160,51630,206323,231758,022651,"#2 HEATING OIL, NY HARBOR-ULSD - NEW YORK MERCANTILE EXCHANGE",1.4228999614715576,0.0660068147786754,-25435,-0.030621538719234512,17530,0.039520105526533435,0.005777470376482888,0.036054309131550624,0.010223646282625065,-0.01257993574142413,0.02007094343657482,-0.0062838712413401205
2016-09-20,400134,69246,52792,207219,232031,022651,"#2 HEATING OIL, NY HARBOR-ULSD - NEW YORK MERCANTILE EXCHANGE",1.4049999713897705,0.06200922690898549,-24812,0.1616758231064076,16454,-0.2792346479333781,0.0026613545816733066,0.010226322948589784,-0.01257993574142413,0.0034875293505154392,0.021733165939503633,-0.016472837458849497
2016-09-27,399090,72384,53730,212153,237554,022651,"#2 HEATING OIL, NY HARBOR-ULSD - NEW YORK MERCANTILE EXCHANGE",1.4098999500274658,0.06364729760204466,-25401,-0.1472006877695972,18654,0.5498158117030795,0.023252918011060535,0.032319964476584674,0.0034875293505154392,0.10248955407319693,0.02342137452782537,-0.010409482072763643
2016-10-04,391294,73866,47003,206725,249395,022651,"#2 HEATING OIL, NY HARBOR-ULSD - NEW YORK MERCANTILE EXCHANGE",1.5543999671936035,0.10904843928094987,-42670,-4.327094139166604,26863,2.056929514645819,0.037860650705954575,0.06791650464552532,0.10248955407319693,0.02116570797159234,0.02551447147779618,0.025575343348158756
2016-10-11,411530,75348,46729,207084,258079,022651,"#2 HEATING OIL, NY HARBOR-ULSD - NEW YORK MERCANTILE EXCHANGE",1.587299942970276,0.12391563191018881,-50995,-2.127556262043374,28619,0.44876742296074046,0.019440497202056053,0.014384363967004432,0.02116570797159234,-0.011780939385457545,0.028370492657393994,0.028238235447269992
2016-10-18,420723,80183,54528,212303,257724,022651,"#2 HEATING OIL, NY HARBOR-ULSD - NEW YORK MERCANTILE EXCHANGE",1.568600058555603,0.10795939371035099,-45421,1.3544577552061818,25655,-0.7202391077199718,0.011858893212517579,0.09378595660339542,-0.011780939385457545,-0.003506361083754239,0.030747771132376256,0.028432404017909134
2016-10-25,412448,80399,53266,213546,256306,022651,"#2 HEATING OIL, NY HARBOR-ULSD - NEW YORK MERCANTILE EXCHANGE",1.563099980354309,0.1036736752269377,-42760,0.6324826548584223,27133,0.3513000240062939,0.005663485523100891,0.011057494482474844,-0.003506361083754239,-0.02955667429033637,0.033242510489180685,0.026731498886305202
2016-11-01,387430,82001,48790,195620,241832,022651,"#2 HEATING OIL, NY HARBOR-ULSD - NEW YORK MERCANTILE EXCHANGE",1.5168999433517456,0.11927832124512815,-46212,-0.8369539917759329,33211,1.4736403134455738,0.07406526887521374,0.04647108746014634,-0.02955667429033637,-0.049970297875490566,0.0359546418002961,-0.005937156783407255
2016-11-08,392006,78280,50836,198631,230889,022651,"#2 HEATING OIL, NY HARBOR-ULSD - NEW YORK MERCANTILE EXCHANGE",1.441100001335144,0.08228955679249808,-32258,3.60168288465013,27444,-1.4885269597088506,0.032487427826410877,0.04466526224480312,-0.049970297875490566,0.0019429517662721274,0.03820663889707559,-0.023989017534163874
2016-11-15,404085,78858,54687,202190,231077,022651,"#2 HEATING OIL, NY HARBOR-ULSD - NEW YORK MERCANTILE EXCHANGE",1.4438999891281128,0.07148743457440886,-28887,0.8599358173089187,24171,-0.8349361999561232,0.008648246923952205,0.03316485079935602,0.0019429517662721274,0.0570676396932015,0.04064374865093907,-0.02048090455244248
2016-11-22,398285,78658,53126,194863,228501,022651,"#2 HEATING OIL, NY HARBOR-ULSD - NEW YORK MERCANTILE EXCHANGE",1.5262999534606934,0.0844571098585184,-33638,-1.1757427273964636,25532,0.33681032456042664,0.02339121890382744,0.013362775450737571,0.0570676396932015,-0.04166936123563403,0.043549904484197,-0.0051422941370803206
2016-11-29,388453,78389,47020,189281,229817,022651,"#2 HEATING OIL, NY HARBOR-ULSD - NEW YORK MERCANTILE EXCHANGE",1.4627000093460083,0.10435239269615629,-40536,-1.7319256311435278,31369,1.4655334747730897,0.016459157524015864,0.0508336722244815,-0.04166936123563403,0.11977848115450862,0.046697956211244916,-0.008190719459765025
2016-12-06,410034,88770,40296,191609,255528,022651,"#2 HEATING OIL, NY HARBOR-ULSD - NEW YORK MERCANTILE EXCHANGE",1.6378999948501587,0.1558870727793305,-63919,-6.0195184488213505,48474,4.403364113547843,0.06270785016672742,0.13252909364201262,0.11977848115450862,0.022467810616839445,0.0504767968630779,0.03370546270126251
2016-12-13,446194,89735,40152,216193,283048,022651,"#2 HEATING OIL, NY HARBOR-ULSD - NEW YORK MERCANTILE EXCHANGE",1.6747000217437744,0.1498339287395169,-66855,-0.7160381821995249,49583,0.2704653760419868,0.10436642823806538,0.008538190889003518,0.022467810616839445,-0.003523034150076265,0.05391679250111149,0.038654343716799676
2016-12-20,440699,90267,48332,216784,276451,022651,"#2 HEATING OIL, NY HARBOR-ULSD - NEW YORK MERCANTILE EXCHANGE",1.6687999963760376,0.13539172995627402,-59667,1.6109584620142807,41935,-1.7140526318148608,0.014573175058542075,0.06285759637515423,-0.003523034150076265,0.018336500365849995,0.0571856892600204,0.0239737924439
2016-12-27,439089,95230,47004,220122,290924,022651,"#2 HEATING OIL, NY HARBOR-ULSD - NEW YORK MERCANTILE EXCHANGE",1.6993999481201172,0.16124749196632118,-70802,-2.52666786173783,48226,1.4275049410141616,0.034852048543575334,0.04422993095884247,0.018336500365849995,-0.013357627879569955,0.06063380457020951,0.03851367431481661
2017-01-03,429039,101869,47210,209599,288522,022651,"#2 HEATING OIL, NY HARBOR-ULSD - NEW YORK MERCANTILE EXCHANGE",1.676699995994568,0.18395297397206314,-78923,-1.8495111469428747,54659,1.4650788336760885,0.025947510745381142,0.0459152529866715,-0.013357627879569955,-0.038945540614876095,0.06404201379137013,0.005963097579310584
2017-01-10,418260,93307,46439,205440,274598,022651,"#2 HEATING OIL, NY HARBOR-ULSD - NEW YORK MERCANTILE EXCHANGE",1.6114000082015991,0.16534691340314636,-69158,2.2760168655996305,46868,-1.8159188325536841,0.03766993446352164,0.06678545360869005,-0.038945540614876095,0.02308549948536709,0.06685969038902248,-0.009416623125842592
2017-01-17,434436,98157,48688,214000,286401,022651,"#2 HEATING OIL, NY HARBOR-ULSD - NEW YORK MERCANTILE EXCHANGE",1.6485999822616575,0.16665515749155227,-72401,-0.7753550423181753,49469,0.6218619997130972,0.04069336392213445,0.048343491436548744,0.02308549948536709,-0.0043066760601407905,0.06999168590810262,-0.0027239988792915866
2017-01-24,423582,98782,50991,201982,273077,022651,"#2 HEATING OIL, NY HARBOR-ULSD - NEW YORK MERCANTILE EXCHANGE",1.6414999961853027,0.16784235401882044,-71095,0.3006196539881594,47791,-0.38624791683930426,0.05334495294268712,0.019549585038691888,-0.0043066760601407905,-0.018154089717427158,0.07288978396314928,-0.00841640504909927
2017-01-31,405318,96897,49013,192102,257921,022651,"#2 HEATING OIL, NY HARBOR-ULSD - NEW YORK MERCANTILE EXCHANGE",1.6117000579833984,0.16238854430348518,-65819,1.2455675642496613,47884,0.021955607178775302,0.0556327121058257,0.026475224453430198,-0.018154089717427158,0.006452774868490163,0.07583254418859148,-0.009626387072657665
2017-02-07,415983,94740,50046,201993,262104,022651,"#2 HEATING OIL, NY HARBOR-ULSD - NEW YORK MERCANTILE EXCHANGE",1.622099995613098,0.1445035013450069,-60111,1.4082769578454448,44694,-0.7870363517040941,0.03032555694176002,0.022032516956059286,0.006452774868490163,0.0099254355849836,0.07851858445556446,0.0017678136403468344
2017-02-14,441884,91210,53883,222403,279430,022651,"#2 HEATING OIL, NY HARBOR-ULSD - NEW YORK MERCANTILE EXCHANGE",1.638200044631958,0.1290542314272524,-57027,0.7413764504799475,37327,-1.7709858335556983,0.07519633025329144,0.05077433094635854,0.0099254355849836,0.002624831013450679,0.08074283301496875,-0.0015217961756684127
2017-02-21,437684,91738,55197,227664,283792,022651,"#2 HEATING OIL, NY HARBOR-ULSD - NEW YORK MERCANTILE EXCHANGE",1.6425000429153442,0.12823863792142276,-56128,0.2034470585040418,36541,-0.17787473635614776,0.01881491271976475,0.012536155442882908,0.002624831013450679,-0.013211582367012364,0.08326818165863953,0.00021221541808955972
2017-02-28,405810,89518,52448,208614,262103,022651,"#2 HEATING OIL, NY HARBOR-ULSD - NEW YORK MERCANTILE EXCHANGE",1.6208000183105469,0.1318079889603509,-53489,0.602946417963645,37070,0.12086345399877538,0.08654669366094703,0.03500133834861868,-0.013211582367012364,-0.004257201394266219,0.08600607996615531,0.0014468176294030058
2017-03-07,393821,83348,46002,201326,250432,022651,"#2 HEATING OIL, NY HARBOR-ULSD - NEW YORK MERCANTILE EXCHANGE",1.6138999462127686,0.12469116679912956,-49106,1.08006209802617,37346,0.06801212390034746,0.041967159408355804,0.09753382296095864,-0.004257201394266219,-0.0755932728701394,0.08844152460515274,-0.0012303859051077206
2017-03-14,424538,82912,51581,222350,259650,022651,"#2 HEATING OIL, NY HARBOR-ULSD - NEW YORK MERCANTILE EXCHANGE",1.4918999671936035,0.0878602151044194,-37300,2.997808649107082,31331,-1.52734364089269,0.06274273858921162,0.044723517209074075,-0.0755932728701394,0.0076412525038025425,0.09000254755508962,-0.022868815783895227
2017-03-21,420771,80408,55042,227893,256431,022651,"#2 HEATING OIL, NY HARBOR-ULSD - NEW YORK MERCANTILE EXCHANGE",1.5032999515533447,0.06782311518617015,-28538,2.063890629342956,25366,-1.4050567911470822,0.018091195150353897,0.04403839055001846,0.0076412525038025425,0.008913775195680707,0.09079687337315545,-0.02158652254412819
2017-03-28,418596,80363,55017,229234,259546,022651,"#2 HEATING OIL, NY HARBOR-ULSD - NEW YORK MERCANTILE EXCHANGE",1.516700029373169,0.07241349654559527,-30312,-0.4216070023837194,25346,-0.0047531792827927785,0.009116575964646672,0.000517063081695967,0.008913775195680707,0.04984507587124476,0.09175955099845026,-0.01595039555177776
2017-04-04,421223,81772,55669,228481,262098,022651,"#2 HEATING OIL, NY HARBOR-ULSD - NEW YORK MERCANTILE EXCHANGE",1.5923000574111938,0.0798080826545559,-33617,-0.7895440950224082,26103,0.18084262630316583,0.006736937374000926,0.014995525352696793,0.04984507587124476,0.03661363876105295,0.09326525522646326,-0.002300937452286032
2017-04-11,426921,84664,54127,225716,267896,022651,"#2 HEATING OIL, NY HARBOR-ULSD - NEW YORK MERCANTILE EXCHANGE",1.6505999565124512,0.09880048065098695,-42180,-2.0328899419072557,30537,1.052649071869295,0.017347633363856634,0.031947316468647104,0.03661363876105295,-0.017387613500159937,0.09464698109969585,0.02542740167205384
2017-04-18,434644,89451,57133,226423,276105,022651,"#2 HEATING OIL, NY HARBOR-ULSD - NEW YORK MERCANTILE EXCHANGE",1.621899962425232,0.11430504044689448,-49682,-1.7572337739300714,32318,0.4171732006624176,0.01774229495669893,0.053164056104349725,-0.017387613500159937,-0.0472901991057576,0.09635209198462089,0.01930860242515708
2017-04-25,430616,89441,56673,230636,272713,022651,"#2 HEATING OIL, NY HARBOR-ULSD - NEW YORK MERCANTILE EXCHANGE",1.545199990272522,0.09771350809073513,-42077,1.7497078068488234,32768,0.10353300632241558,0.01510880124923264,0.0032166664385342952,-0.0472901991057576,-0.04996112891475646,0.09744941043360864,0.005430453865203095
2017-05-02,426835,80018,63384,237467,255984,022651,"#2 HEATING OIL, NY HARBOR-ULSD - NEW YORK MERCANTILE EXCHANGE",1.468000054359436,0.04338210315461478,-18517,5.471231909636428,16634,-3.746725620970888,0.04774536884108047,0.11250889108938508,-0.04996112891475646,-0.017643055405438646,0.09725088858514014,-0.01969908486058611
2017-05-09,435136,81159,68818,237730,247280,022651,"#2 HEATING OIL, NY HARBOR-ULSD - NEW YORK MERCANTILE EXCHANGE",1.4421000480651855,0.02194716134725695,-9550,2.1008117890988323,12341,-1.0057750653062658,0.018488278592193975,0.04384005547517286,-0.017643055405438646,0.051522036647782876,0.0966106354517821,-0.033629691286370986
2017-05-16,422713,86330,71347,223019,235223,022651,"#2 HEATING OIL, NY HARBOR-ULSD - NEW YORK MERCANTILE EXCHANGE",1.5163999795913696,0.028870652191912715,-12204,-0.609924253566701,14983,0.6071664950728048,0.05841454951750385,0.04883400876475326,0.051522036647782876,0.0595489087090626,0.09616384025229022,-0.015969929901715363
2017-05-23,405080,84997,68939,216964,234590,022651,"#2 HEATING OIL, NY HARBOR-ULSD - NEW YORK MERCANTILE EXCHANGE",1.6066999435424805,0.04351239261380468,-17626,-1.2826669631641328,16058,0.2543096616380381,0.014811074644450055,0.02430230745244777,0.0595489087090626,-0.03566314408038718,0.09575248548676173,0.0108080720554719
2017-05-30,385694,81981,64793,203368,228400,022651,"#2 HEATING OIL, NY HARBOR-ULSD - NEW YORK MERCANTILE EXCHANGE",1.549399971961975,0.06490119109968005,-25032,-1.8282808334156218,17188,0.27895724301372565,0.04582553593596561,0.0487961083025604,-0.03566314408038718,-0.05369819244891383,0.0955831856947775,0.014337905678402473
2017-06-06,378134,76862,68557,199968,207893,022651,"#2 HEATING OIL, NY HARBOR-ULSD - NEW YORK MERCANTILE EXCHANGE",1.4661999940872192,0.020958178846652246,-7925,4.4353814163559715,8305,-2.3031211271111296,0.05861555775129272,0.061085552781961094,-0.05369819244891383,-0.012617630958055792,0.09455771125805695,0.005412726934651814
2017-06-13,404508,78040,78022,210101,207047,022651,"#2 HEATING OIL, NY HARBOR-ULSD - NEW YORK MERCANTILE EXCHANGE",1.447700023651123,-0.007549912486279628,3054,2.9034680827431547,18,-2.191551143245516,0.026319196064706053,0.06819725493714036,-0.012617630958055792,-0.03647168505625897,0.09280198268614773,-0.01066417542110566
2017-06-20,417211,76900,76247,225849,220567,022651,"#2 HEATING OIL, NY HARBOR-ULSD - NEW YORK MERCANTILE EXCHANGE",1.3948999643325806,-0.012660260635505776,5282,0.5507925677613298,653,0.15698082608996608,0.06556216623060106,0.019034000013059348,-0.03647168505625897,0.013477683488859249,0.0911044250700578,-0.035225872825307133
2017-06-27,424566,76556,81968,236490,226920,022651,"#2 HEATING OIL, NY HARBOR-ULSD - NEW YORK MERCANTILE EXCHANGE",1.413699984550476,-0.02254066505560973,9570,1.027777311719969,-5412,-1.4537008851636222,0.03667162987419348,0.03825919103731927,0.013477683488859249,0.04428097706589318,0.08924930498301052,-0.022580487347794206
2017-07-11,413360,72972,66022,209394,217451,022651,"#2 HEATING OIL, NY HARBOR-ULSD - NEW YORK MERCANTILE EXCHANGE",1.4763000011444092,0.019491484420359976,-8057,-4.151769100681637,6950,2.911679220662983,0.08566341411987959,0.14050966228758077,0.04428097706589318,0.023098323964062972,0.08817059952005193,0.002164990850217192
2017-07-18,424156,71615,62518,218923,229053,022651,"#2 HEATING OIL, NY HARBOR-ULSD - NEW YORK MERCANTILE EXCHANGE",1.5104000568389893,0.023882722394590668,-10130,-0.5014999032320495,9097,0.5194019740661893,0.0471699376752326,0.03624014970216129,0.023098323964062972,0.03846662005844603,0.08717490434221148,0.011035212320398682
2017-07-25,409427,78079,68202,219286,234195,022651,"#2 HEATING OIL, NY HARBOR-ULSD - NEW YORK MERCANTILE EXCHANGE",1.56850004196167,0.03641430584695196,-14909,-1.1267080979639565,9877,0.1838946048152095,0.012139428112754449,0.08304564502566977,0.03846662005844603,0.046413719533419995,0.08703308518494267,0.029394615117280448
2017-08-01,404687,90276,67843,204777,239795,022651,"#2 HEATING OIL, NY HARBOR-ULSD - NEW YORK MERCANTILE EXCHANGE",1.6412999629974363,0.08653107216194245,-35018,-4.91149826464791,22433,3.0667249595165926,0.04523226833898671,0.07940854672746475,0.046413719533419995,-0.007372193737143262,0.08772284903964253,0.03735831665699033
2017-08-08,413357,96248,70834,198104,242099,022651,"#2 HEATING OIL, NY HARBOR-ULSD - NEW YORK MERCANTILE EXCHANGE",1.6291999816894531,0.10643342195729115,-43995,-2.2182575669591564,25414,0.7366186707257707,0.02039286420128895,0.053644318358650245,-0.007372193737143262,-0.018168441293887505,0.08900429612554364,0.024840521119362205
2017-08-15,414679,103448,70430,189016,238250,022651,"#2 HEATING OIL, NY HARBOR-ULSD - NEW YORK MERCANTILE EXCHANGE",1.5995999574661257,0.1187279799555801,-49234,-1.2674274295584689,33018,1.8395720890174838,0.030278561832675664,0.04373181196010996,-0.018168441293887505,-0.0052512900739335455,0.09054046667269357,0.014725964922729654
2017-08-22,400167,93577,68363,182932,222405,022651,"#2 HEATING OIL, NY HARBOR-ULSD - NEW YORK MERCANTILE EXCHANGE",1.5911999940872192,0.0986413172500481,-39473,2.353868896182348,25214,-1.8819375951036825,0.05410066191835436,0.07371866123255527,-0.0052512900739335455,0.04669435081169371,0.09132880792462049,0.003897842140712907
2017-08-29,395651,97205,65746,187944,238156,022651,"#2 HEATING OIL, NY HARBOR-ULSD - NEW YORK MERCANTILE EXCHANGE",1.6655000448226929,0.12690982709509138,-50212,-2.6836295846484095,31459,1.5605984501470636,0.04872799812250645,0.03832440426876791,0.04669435081169371,0.04953466148678265,0.09202991471921339,0.003967724586608775
2017-09-05,413259,105898,64523,185493,251800,022651,"#2 HEATING OIL, NY HARBOR-ULSD - NEW YORK MERCANTILE EXCHANGE",1.7480000257492063,0.1604490162343712,-66307,-4.067979102795141,41375,2.5062491943657417,0.03680598591790859,0.05818531753715798,0.04953466148678265,-0.004233430062440813,0.09323568905285816,0.018038641242747715
2017-09-12,437212,108721,64654,199885,270802,022651,"#2 HEATING OIL, NY HARBOR-ULSD - NEW YORK MERCANTILE EXCHANGE",1.7405999898910522,0.16220277577010694,-70917,-1.115523194897147,44067,0.6514074708596788,0.0709473599228362,0.017038211968276856,-0.004233430062440813,0.018384502490923493,0.09508068635597564,0.021454275359103415
2017-09-19,451351,112457,64041,212967,292059,022651,"#2 HEATING OIL, NY HARBOR-ULSD - NEW YORK MERCANTILE EXCHANGE",1.7726000547409058,0.17523390886471948,-79092,-1.8698022927092577,48416,0.994711947522026,0.06799451909406644,0.024640505841425964,0.018384502490923493,0.04101314577272741,0.09718120739609187,0.027221141148179112
2017-09-26,463971,122815,63721,213265,300632,022651,"#2 HEATING OIL, NY HARBOR-ULSD - NEW YORK MERCANTILE EXCHANGE",1.8452999591827393,0.1883027171956868,-87367,-1.8333846607185982,59094,2.365786272767757,0.017262214023432712,0.057243641977956,0.04101314577272741,-0.051373759019833876,0.09960992836314381,0.025838024572121938
2017-10-03,449485,122836,67540,204928,287428,022651,#2 HEATING OIL- NY HARBOR-ULSD - NEW YORK MERCANTILE EXCHANGE,1.750499963760376,0.18354338854466778,-82500,1.0489879755415747,55296,-0.8185856443613932,0.04375086319654884,0.02017060974072362,-0.051373759019833876,0.00822622430088038,0.1019156224197327,0.0009471660918868041
2017-10-10,443169,118466,65798,192956,273525,022651,#2 HEATING OIL- NY HARBOR-ULSD - NEW YORK MERCANTILE EXCHANGE,1.764899969100952,0.18180197622126096,-80569,0.42960276761182237,52668,-0.5846691213277417,0.05546849710920702,0.03316979985238571,0.00822622430088038,0.025440569146184977,0.10331472889935409,0.004054298599362278
2017-10-17,455118,121365,69708,194389,270891,022651,#2 HEATING OIL- NY HARBOR-ULSD - NEW YORK MERCANTILE EXCHANGE,1.8098000288009644,0.16809267047227314,-76502,0.9177085942383154,51657,-0.2281296751352193,0.00874097317744154,0.035635594772678504,0.025440569146184977,0.0067963389877934155,0.10416428733324032,0.005809636383991094
2017-10-24,431665,122727,71923,177149,254150,022651,#2 HEATING OIL- NY HARBOR-ULSD - NEW YORK MERCANTILE EXCHANGE,1.822100043296814,0.17838138371190623,-77001,-0.10964189506897112,50804,-0.18742392082932338,0.07878756964426072,0.018376573336758285,0.0067963389877934155,0.0342461895194095,0.10551855637173177,-0.0027313834801919313
2017-10-31,431874,125861,69236,171629,257169,022651,#2 HEATING OIL- NY HARBOR-ULSD - NEW YORK MERCANTILE EXCHANGE,1.8845000267028809,0.19806702880932864,-85540,-1.9781543558083234,56625,1.3484994150556566,0.019913805568122986,0.029836440334807812,0.0342461895194095,0.019846116592187046,0.10733381317139314,0.018505050992922316
2017-11-07,435238,126417,66779,168113,255377,022651,#2 HEATING OIL- NY HARBOR-ULSD - NEW YORK MERCANTILE EXCHANGE,1.9219000339508057,0.2004971992335228,-87264,-0.3991905046379268,59638,0.6976571870499266,0.012533944130912182,0.015595560984699476,0.019846116592187046,-0.007752790492235873,0.10889571467116996,0.021352703308746036
2017-11-14,453966,127732,64981,174540,261476,022651,#2 HEATING OIL- NY HARBOR-ULSD - NEW YORK MERCANTILE EXCHANGE,1.906999945640564,0.19150332844309925,-86936,0.07536106681861418,62751,0.7152408567266645,0.028728303548493633,0.016153554767971024,-0.007752790492235873,0.015154707970050918,0.11099597951060458,0.013196505482687115
2017-11-21,452617,129669,66947,169939,255735,022651,#2 HEATING OIL- NY HARBOR-ULSD - NEW YORK MERCANTILE EXCHANGE,1.9358999729156496,0.1895554077730178,-85796,0.25112012793909677,62722,-0.006388143605468251,0.02429558770326588,0.01985087683606624,0.015154707970050918,0.007645060139144455,0.11326651745673169,0.015256580152197389
2017-11-28,433665,130395,67712,154451,240625,022651,#2 HEATING OIL- NY HARBOR-ULSD - NEW YORK MERCANTILE EXCHANGE,1.950700044631958,0.19871098659103226,-86174,-0.08351431784488873,62683,-0.008616556603044076,0.07744838967692293,0.007526235822055758,0.007645060139144455,-0.01886503616734092,0.11546370739389542,0.008685445631242664
2017-12-05,421613,120780,65247,155033,230711,022651,#2 HEATING OIL- NY HARBOR-ULSD - NEW YORK MERCANTILE EXCHANGE,1.9139000177383425,0.1794963627781876,-75678,2.4203013847093957,55533,-1.648738081237822,0.027209755692894768,0.06493681024797475,-0.01886503616734092,0.010293082690909783,0.11690878374162679,-0.0009549704767852234
2017-12-12,447105,118409,67888,173816,248030,022651,#2 HEATING OIL- NY HARBOR-ULSD - NEW YORK MERCANTILE EXCHANGE,1.9335999488830569,0.16598785520179823,-74214,0.3472378698000299,50521,-1.1887678985230532,0.08558099401203283,0.02690327809894953,0.010293082690909783,0.003258218819828018,0.11710302955744348,0.0035506426593870646
2017-12-19,457983,120904,69029,171743,245881,022651,#2 HEATING OIL- NY HARBOR-ULSD - NEW YORK MERCANTILE EXCHANGE,1.939900040626526,0.16187937106835842,-74138,0.016998244260296797,51875,0.30283714116370875,0.01010957224680574,0.019143592740598,0.003258218819828018,0.05082737660726511,0.11733467267915197,0.0005826615903976372
2017-12-26,447530,132052,74429,166929,248366,022651,#2 HEATING OIL- NY HARBOR-ULSD - NEW YORK MERCANTILE EXCHANGE,2.0385000705718994,0.1819699238039908,-81437,-1.593727278086741,57623,1.2550684195701587,0.0175754584090827,0.08014296714951981,0.05082737660726511,,0.11823040717622345,0.011314163269871357
