,Open_Interest_All,NonComm_Positions_Long_All,NonComm_Positions_Short_All,Comm_Positions_Long_All,Comm_Positions_Short_All,CFTC_Contract_Market_Code,Market_and_Exchange_Names,KC_Close,HP,NetLong_Comm,Q_Comm,NetLong_NonComm,Q_NonComm,PT_Comm,PT_NonComm,Ret,Ret_Lead,HP_Smooth_52w
2015-01-06,163882,48830,17816,88857,120403,083731,COFFEE C - ICE FUTURES U.S.,174.89999389648438,0.1924921589924458,-31546,,31014,,,,,0.01172100127671305,
2015-01-13,166898,51532,13593,85663,123863,083731,COFFEE C - ICE FUTURES U.S.,176.9499969482422,0.22888231135184364,-38200,-4.060238464260871,37939,4.22560134731087,0.03175739526359497,0.10633397312859885,0.01172100127671305,-0.07148908796073328,
2015-01-20,164622,51025,16331,85059,120640,083731,COFFEE C - ICE FUTURES U.S.,164.3000030517578,0.21613757577966494,-35581,1.5692219199750748,34694,-1.9443013097820225,0.01860485466628423,0.04817685135696894,-0.07148908796073328,0.023737028752554457,
2015-01-27,169601,49766,20949,87179,117114,083731,COFFEE C - ICE FUTURES U.S.,168.1999969482422,0.1765024970371637,-29935,3.429675256041113,28817,-3.569996719757991,0.027636776590485235,0.08310825143180373,0.023737028752554457,-0.04429249157795567,
2015-02-03,167838,48908,22994,87433,113192,083731,COFFEE C - ICE FUTURES U.S.,160.75,0.15347537506404985,-25759,2.46224963296207,25914,-1.7116644359408257,0.020814953271028037,0.0403743984868293,-0.04429249157795567,-0.008398171717049041,
2015-02-10,173921,52995,25844,86955,115230,083731,COFFEE C - ICE FUTURES U.S.,159.39999389648438,0.16257381224808964,-28275,-1.4990645741727142,27151,0.737020221880623,0.012444048767218142,0.08798944684737249,-0.008398171717049041,-0.02352572235627115,
2015-02-17,170223,48652,27165,88695,111152,083731,COFFEE C - ICE FUTURES U.S.,155.64999389648438,0.13192694289255857,-22457,3.345196957239206,21487,-3.256651008216374,0.02911227088722873,0.07470620045636203,-0.02352572235627115,-0.06617403274566647,
2015-02-24,173849,46923,33542,95265,108783,083731,COFFEE C - ICE FUTURES U.S.,145.35000610351562,0.0777571340646193,-13518,5.2513467627758885,13381,-4.761988685430288,0.04380831961107191,0.10073945193562418,-0.06617403274566647,-0.13140698521823901,
2015-03-03,184961,48753,44670,100495,105372,083731,COFFEE C - ICE FUTURES U.S.,126.25,0.02636772076275539,-4877,4.97040535177079,4083,-5.3483195186627475,0.04197370146745229,0.13870246085011187,-0.13140698521823901,0.043168292659343965,
2015-03-10,192829,50365,48810,102485,105020,083731,COFFEE C - ICE FUTURES U.S.,131.6999969482422,0.013146362839614373,-2535,1.2662128773092707,1555,-1.366774617351766,0.0112864750246982,0.05799848752205697,0.043168292659343965,0.017084282856014488,
2015-03-17,196301,50114,49830,105001,106197,083731,COFFEE C - ICE FUTURES U.S.,133.9499969482422,0.006092684194171197,-1196,0.6943976269129644,284,-0.6591332216627167,0.01748596104129774,0.01271712158808933,0.017084282856014488,0.02500937797564906,
2015-03-24,198350,48473,50668,106479,105119,083731,COFFEE C - ICE FUTURES U.S.,137.3000030517578,-0.006856566675069322,1360,1.3020820067141787,-2195,-1.2628565315510365,0.012079509258121532,0.0250047911560303,0.02500937797564906,-0.03204667922414228,
2015-03-31,204283,47878,50771,111652,109692,083731,COFFEE C - ICE FUTURES U.S.,132.89999389648438,-0.00959453307421567,1960,0.3024955886059995,-2893,-0.35190320141164605,0.044031010553708255,0.00707559123762025,-0.03204667922414228,0.06809633910748603,
2015-04-07,199144,46694,45254,110958,114372,083731,COFFEE C - ICE FUTURES U.S.,141.9499969482422,0.01714337363917567,-3414,-2.630664323511991,1440,2.1210771331926788,0.023849465228775575,0.07287814851872798,0.06809633910748603,-0.05177873196719063,
2015-04-14,190341,44029,49368,112599,109106,083731,COFFEE C - ICE FUTURES U.S.,134.60000610351562,-0.01835127481730158,3493,3.468344514522155,-5339,-3.4040694171052106,0.031154010960510587,0.07258263113376233,-0.05177873196719063,0.042347672286571436,
2015-04-21,178742,45968,46930,102922,104012,083731,COFFEE C - ICE FUTURES U.S.,140.3000030517578,0.006098175023217823,-1090,-2.4077839246405137,-962,2.2995571106592902,0.07138024684198827,0.04711619195246399,0.042347672286571436,-0.015324369982232189,
2015-04-28,186486,46879,48241,103217,103072,083731,COFFEE C - ICE FUTURES U.S.,138.14999389648438,-0.0007775382602447368,145,0.6909400140985331,-1362,-0.22378623938414027,0.005986746748493618,0.023359966358284273,-0.015324369982232189,-0.04053558517651934,
2015-05-05,190513,46115,49678,103870,101498,083731,COFFEE C - ICE FUTURES U.S.,132.5500030517578,-0.012450593922724433,2372,1.1941915210793304,-3563,-1.180249455723218,0.010843948424292003,0.02297662668462205,-0.04053558517651934,0.014711406287035267,
2015-05-12,188317,44307,49550,102662,98890,083731,COFFEE C - ICE FUTURES U.S.,134.5,-0.020030055703946007,3772,0.7348579886936849,-5243,-0.881829586432422,0.018933079304596333,0.020627124242198237,0.014711406287035267,0.03977699705216087,
2015-05-19,184474,43723,42820,99667,102332,083731,COFFEE C - ICE FUTURES U.S.,139.85000610351562,0.014446480262801263,-2665,-3.418172549477742,903,3.2636458737129415,0.03186649438858608,0.0845129011011867,0.03977699705216087,-0.11297820780975021,
2015-05-26,195178,44016,56830,106006,94911,083731,COFFEE C - ICE FUTURES U.S.,124.0500030517578,-0.05684554611687793,11095,7.459045719179938,-12814,-7.435736201307501,0.06848599172792745,0.1418301172084168,-0.11297820780975021,0.06972989668428564,
2015-06-02,194722,43852,54582,105302,95435,083731,COFFEE C - ICE FUTURES U.S.,132.6999969482422,-0.050672240424810756,9867,-0.6291692711268688,-10730,1.067743290739735,0.006117457170327344,0.02450372838653311,0.06972989668428564,0.0350415166707736,
2015-06-09,189236,42534,42986,100587,100589,083731,COFFEE C - ICE FUTURES U.S.,137.35000610351562,1.0568813544991439e-05,-2,-5.068251147790183,-452,5.278294183502634,0.04905654750069591,0.15100561272217025,0.0350415166707736,-0.05824535598470015,
2015-06-16,180352,41178,45539,97204,94307,083731,COFFEE C - ICE FUTURES U.S.,129.35000610351562,-0.016063032292405962,2897,1.5319495233465092,-4361,-2.0656746073685768,0.05046707499830297,0.04507766643218746,-0.05824535598470015,-0.012756158310135435,
2015-06-23,181352,42610,51019,103209,97017,083731,COFFEE C - ICE FUTURES U.S.,127.6999969482422,-0.03414354404693634,6192,1.8269827892122072,-8409,-2.244499645138396,0.04352581582811423,0.07382328124833118,-0.012756158310135435,0.023100994665159025,
2015-06-30,174382,40846,47123,96655,91934,083731,COFFEE C - ICE FUTURES U.S.,130.64999389648438,-0.027072748334117054,4721,-0.8111297366447572,-6277,1.1756142750011027,0.06170561379507818,0.06434084734395071,0.023100994665159025,-0.05931873503756824,0.045007519203733325
2015-07-07,185414,39329,56243,103409,89948,083731,COFFEE C - ICE FUTURES U.S.,122.9000015258789,-0.07259969581584994,13461,5.011985181956853,-16914,-6.099826816987992,0.04520136328139142,0.11129828820156532,-0.05931873503756824,0.05655007722821925,0.040651696425230234
2015-07-14,182704,39780,53737,102341,90652,083731,COFFEE C - ICE FUTURES U.S.,129.85000610351562,-0.06397780015763202,11689,-0.9556991381449081,-13957,1.5948094534393302,0.009181680164565555,0.03161991937294823,0.05655007722821925,-0.046207218693631535,0.03691492869012802
2015-07-21,185511,41124,54914,102694,90864,083731,COFFEE C - ICE FUTURES U.S.,123.8499984741211,-0.06376980340788417,11830,0.0771740082318942,-13790,0.09140467641649883,0.0029190216885894666,0.026250026031362585,-0.046207218693631535,-0.029067408304194076,0.03344304137640346
2015-07-28,194985,41804,61106,109067,92237,083731,COFFEE C - ICE FUTURES U.S.,120.25,-0.08631433187168244,16830,2.6952579631396523,-19302,-2.9712523785651523,0.03847911616261972,0.06677679525799242,-0.029067408304194076,0.03866945135866029,0.029451128934800595
2015-08-04,195037,42802,57954,106608,93024,083731,COFFEE C - ICE FUTURES U.S.,124.9000015258789,-0.0696483231386865,13584,-1.6647434418032157,-15152,2.1283688488858115,0.016259918249579227,0.04118861407757354,0.03866945135866029,0.09847874517291144,0.02625437241630101
2015-08-11,189198,43371,47056,99805,97616,083731,COFFEE C - ICE FUTURES U.S.,137.1999969482422,-0.011569889745134726,2189,-5.842481170239493,-3685,5.879397242574486,0.057719290247744665,0.12680947062271225,0.09847874517291144,-0.013848352323223012,0.025072364223756142
2015-08-18,169434,41773,35697,91699,99233,083731,COFFEE C - ICE FUTURES U.S.,135.3000030517578,0.04446569165574796,-7534,-5.139060666603241,6076,5.159145445512109,0.05092388913330401,0.16725183942171162,-0.013848352323223012,-0.13488543672108155,0.025660040812604378
2015-08-25,169849,37500,50278,94526,83559,083731,COFFEE C - ICE FUTURES U.S.,117.0500030517578,-0.06456911727475581,10967,10.919296009065476,-12778,-11.127636719902736,0.10388859252604093,0.21479186128642713,-0.13488543672108155,0.0,0.023006242045329077
2015-09-01,175913,38322,55329,97212,81994,083731,COFFEE C - ICE FUTURES U.S.,117.0500030517578,-0.08650867190031436,15218,2.5028113206436307,-17007,-2.489858639144181,0.02372130397419729,0.06271155673724786,0.0,0.0055531301113849185,0.01987724450402498
2015-09-08,179552,39685,59986,102776,84741,083731,COFFEE C - ICE FUTURES U.S.,117.6999969482422,-0.10044443949385136,18035,1.6013597630646965,-20301,-1.8725165280564824,0.04432131486745202,0.06039871176169598,0.0055531301113849185,-0.018691563341413087,0.01653497550408397
2015-09-15,188257,40401,63828,108715,87911,083731,COFFEE C - ICE FUTURES U.S.,115.5,-0.11050850698778797,20804,1.542171627160934,-23427,-1.7409998217786489,0.04632652853640922,0.04373063159005651,-0.018691563341413087,-0.0004329268550459231,0.013101367869168514
2015-09-22,193509,40960,65735,110568,89208,083731,COFFEE C - ICE FUTURES U.S.,115.4499969482422,-0.11038246283118615,21360,0.295340943497453,-24775,-0.7160424313571341,0.015767659778952427,0.023112610712779418,-0.0004329268550459231,0.04677350947267489,0.009851793377053919
2015-09-29,194475,41495,62807,111664,93073,083731,COFFEE C - ICE FUTURES U.S.,120.8499984741211,-0.09559583494022368,18591,-1.4309411965334946,-21312,1.7895808463689027,0.02423108671124418,0.03320166439761462,0.04677350947267489,0.05999178916785053,0.00714800803558526
2015-10-06,190831,39995,55172,108850,96057,083731,COFFEE C - ICE FUTURES U.S.,128.10000610351562,-0.06703837426833166,12793,-2.9813600719886875,-15177,3.154647126880062,0.02829576344390382,0.095989155904883,0.05999178916785053,0.04879000548172874,0.005293348477987338
2015-10-13,181065,39406,44712,100815,96980,083731,COFFEE C - ICE FUTURES U.S.,134.35000610351562,-0.0211802391406401,3835,-4.694205868019347,-5306,5.172639665463159,0.04528931469450694,0.1313511971278442,0.04879000548172874,-0.07145519663109579,0.004647651218996424
2015-10-20,182654,39485,43017,97622,96713,083731,COFFEE C - ICE FUTURES U.S.,124.75,-0.004976622466521401,909,-1.6159942562063347,-3532,0.9797586502084886,0.017804306995651838,0.02150250903008412,-0.07145519663109579,-0.059719414414767136,0.004418501845531715
2015-10-27,195212,38752,50854,105878,97064,083731,COFFEE C - ICE FUTURES U.S.,117.3000030517578,-0.04515091285371801,8814,4.3278548512488095,-12102,-4.691931192308956,0.042411132244680745,0.09564091690288597,-0.059719414414767136,0.025149163439838418,0.0032657247595026515
2015-11-03,199749,38882,54539,109029,96798,083731,COFFEE C - ICE FUTURES U.S.,120.25,-0.061231845966688195,12231,1.7504046882363788,-15657,-1.8210970637051003,0.016601320526461544,0.04083664272486914,0.025149163439838418,-0.03284820746978967,0.00179987087936195
2015-11-10,200154,39448,59053,112572,95599,083731,COFFEE C - ICE FUTURES U.S.,116.3000030517578,-0.08479970422774463,16973,2.373979344076816,-19605,-1.9764804830061729,0.02277934966926229,0.05157308047634034,-0.03284820746978967,-0.017626852948967486,-0.0001245641230181961
2015-11-17,186049,38382,63890,105525,83619,083731,COFFEE C - ICE FUTURES U.S.,114.25,-0.1177431751850319,21906,2.464602256262678,-25508,-2.9492290935979293,0.10059531362348263,0.05771863266583229,-0.017626852948967486,0.07177240217279834,-0.0026814904504532766
2015-11-24,172995,37127,54229,96902,82895,083731,COFFEE C - ICE FUTURES U.S.,122.4499969482422,-0.08096765802479841,14007,-4.245655714354821,-17102,4.518164569548882,0.051986406892217334,0.11948859407154429,0.07177240217279834,-0.04328293633689129,-0.004347153590332961
2015-12-01,172338,37093,53241,97071,83335,083731,COFFEE C - ICE FUTURES U.S.,117.1500015258789,-0.0797038378071,13736,-0.15665192635625308,-16148,0.5514610248851123,0.0033757192111127125,0.011313569641552461,-0.04328293633689129,0.04353391726584377,-0.005917084511515607
2015-12-08,165755,36499,41223,92090,89943,083731,COFFEE C - ICE FUTURES U.S.,122.25,-0.012952852100992429,2147,-6.7245761236639625,-4724,6.62883403544198,0.06366428065240917,0.1622706569568462,0.04353391726584377,-0.05398771757972265,-0.006060671605178399
2015-12-15,166913,36278,42523,94084,90303,083731,COFFEE C - ICE FUTURES U.S.,115.6500015258789,-0.022652519576066572,3781,0.9857922837923441,-6245,-0.9176193779976471,0.012766626714464685,0.019301785510336164,-0.05398771757972265,0.030263726362483423,-0.006392508564596162
2015-12-22,173177,35130,46578,100161,91563,083731,COFFEE C - ICE FUTURES U.S.,119.1500015258789,-0.049648625394827256,8598,2.8859345886779337,-11448,-3.1171927890577726,0.038268552711189,0.06367797522886376,0.030263726362483423,0.019303360410480197,-0.007240667718130106
2015-12-29,172364,35045,45523,98756,91779,083731,COFFEE C - ICE FUTURES U.S.,121.4499969482422,-0.040478290130189595,6977,-0.9360365406491624,-10478,0.5601205702835826,0.008507623271314982,0.014149538278224605,0.019303360410480197,0.012762479133024307,-0.007879852764515865
2016-01-05,172537,34747,38024,96253,95378,083731,COFFEE C - ICE FUTURES U.S.,123.0,-0.005071375994714177,875,-3.5401824046784713,-3277,4.177786544754126,0.03184244720321869,0.10714432947190501,0.012762479133024307,-0.07032521565755212,-0.011679151514268942
2016-01-12,190471,36860,53860,108901,94571,083731,COFFEE C - ICE FUTURES U.S.,114.3499984741211,-0.07523455014149136,14330,7.798327315300487,-17000,-7.9536563171957315,0.0661270346779901,0.1978505291005291,-0.07032521565755212,0.011368631999169043,-0.017527552696833076
2016-01-19,200017,36511,57314,116383,98385,083731,COFFEE C - ICE FUTURES U.S.,115.6500015258789,-0.08998235150012249,17998,1.9257524767549914,-20803,-1.9966294081513722,0.052596289950085674,0.04053290700772715,0.011368631999169043,0.009079078326932333,-0.023414474375290525
2016-01-26,203588,35634,54316,118914,102455,083731,COFFEE C - ICE FUTURES U.S.,116.6999969482422,-0.08084464703224159,16459,-0.7694345980591649,-18682,1.0604098651614613,0.029818990012151655,0.04307948860478043,0.009079078326932333,0.02699230169882494,-0.028363457915086782
2016-02-02,201589,38749,46756,112118,106124,083731,COFFEE C - ICE FUTURES U.S.,119.8499984741211,-0.029733765235206287,5994,-5.140283317287856,-8007,5.243432815293633,0.04795135675076292,0.1248465002046664,0.02699230169882494,-0.0425531792995586,-0.0318867106131494
2016-02-09,197231,36744,42272,111279,107718,083731,COFFEE C - ICE FUTURES U.S.,114.75,-0.018054971074526825,3561,-1.2069110913789938,-5528,1.2297297967647045,0.011109741229331909,0.08212260807937632,-0.0425531792995586,0.0013072028399032654,-0.035360341061661256
2016-02-16,188424,34590,45509,109546,101559,083731,COFFEE C - ICE FUTURES U.S.,114.9000015258789,-0.04238844308580648,7987,2.2440691372045976,-10919,-2.7333431357139597,0.037384240070107294,0.06730421103883943,0.0013072028399032654,0.025239351500145224,-0.038712560022783664
2016-02-23,181121,37899,45170,102804,97790,083731,COFFEE C - ICE FUTURES U.S.,117.8000030517578,-0.02768315104267313,5014,-1.5778244809578397,-7271,1.9360591007514967,0.05239937385963688,0.043915299329473086,0.025239351500145224,-0.044991535776354175,-0.04074025781330851
2016-03-01,195239,36553,53877,108522,95171,083731,COFFEE C - ICE FUTURES U.S.,112.5,-0.0683828538355554,13351,4.603000204283324,-17324,-5.550433135859453,0.0409292415546926,0.11116885989162889,-0.044991535776354175,0.06844441731770856,-0.04256238424789142
2016-03-08,193513,42520,45490,102461,101636,083731,COFFEE C - ICE FUTURES U.S.,120.1999969482422,-0.0042632794695963575,825,-6.415726366146108,-2970,7.352014710175733,0.06137277862976918,0.16309510282922396,0.06844441731770856,0.03244593697916831,-0.04289718506153008
2016-03-15,190078,45991,32549,95197,110076,083731,COFFEE C - ICE FUTURES U.S.,124.0999984741211,0.07827839097633603,-14879,-8.115217065520145,13442,8.481083958183689,0.07650299844597196,0.20896358543417368,0.03244593697916831,0.0850120511851844,-0.0415089983926423
2016-03-22,196145,55141,29247,91573,121179,083731,COFFEE C - ICE FUTURES U.S.,134.64999389648438,0.15093935608860792,-29606,-7.747871926261849,25894,6.550994854743843,0.06922144092652478,0.14755652462435417,0.0850120511851844,-0.05347194411146694,-0.038474461416417735
2016-03-29,198274,56230,30427,92489,122556,083731,COFFEE C - ICE FUTURES U.S.,127.4499969482422,0.1516436850015635,-30067,-0.23503020724464047,25803,-0.046394249152412755,0.010662884512543887,0.026183689719237915,-0.05347194411146694,-0.051392668334258707,-0.03537372645342198
2016-04-05,197959,48921,31599,97858,119528,083731,COFFEE C - ICE FUTURES U.S.,120.9000015258789,0.10946711187670174,-21670,4.235048468281268,17322,-4.277414083540958,0.038627142502277056,0.10532786885245901,-0.051392668334258707,0.03060377916910273,-0.03359826994885417
2016-04-12,195442,46139,33167,96893,114296,083731,COFFEE C - ICE FUTURES U.S.,124.5999984741211,0.08904432005403137,-17403,2.1554968453063514,12972,-2.1974247192600487,0.02934338436187491,0.054850830958565557,0.03060377916910273,0.010032102851587288,-0.031532970047482387
2016-04-19,186945,48692,32923,92161,113018,083731,COFFEE C - ICE FUTURES U.S.,125.8499984741211,0.11156757335045067,-20857,-1.767276225171662,15769,1.431115113435188,0.029291496693131365,0.03427066103044783,0.010032102851587288,-0.004767568386140897,-0.029504712387343292
2016-04-26,178924,45618,32334,91430,110784,083731,COFFEE C - ICE FUTURES U.S.,125.25,0.10816883145916702,-19354,0.8039797801492418,13284,-1.3292679665142155,0.014662684087155192,0.04699045566502463,-0.004767568386140897,-0.05309382455791545,-0.02740958989273922
2016-05-03,192813,45547,43818,96750,104670,083731,COFFEE C - ICE FUTURES U.S.,118.5999984741211,0.04107606852235067,-7920,6.390422749323735,1729,-6.458049227605017,0.0567669546221825,0.12930118055167011,-0.05309382455791545,0.06998316322549458,-0.0263802309995647
2016-05-10,189256,44806,35896,94987,109145,083731,COFFEE C - ICE FUTURES U.S.,126.9000015258789,0.0748087246903665,-14158,-3.235259033363933,8910,3.724333940138891,0.0305586581231752,0.1073455428613913,0.06998316322549458,0.03900712780233695,-0.024556408299674072
2016-05-17,187484,48333,27037,92312,117957,083731,COFFEE C - ICE FUTURES U.S.,131.85000610351562,0.1367850056538158,-25645,-6.069556579447943,21296,6.544574544532273,0.054630021543831946,0.16433594268276502,0.03900712780233695,-0.07622300027705387,-0.022203744349846868
2016-05-24,186763,41990,31768,96610,112268,083731,COFFEE C - ICE FUTURES U.S.,121.8000030517578,0.08383887600863126,-15658,5.326854558255638,10222,-5.9066373663885985,0.04781259874184931,0.1501396458689227,-0.07622300027705387,-0.0020525451045658727,-0.019498274693587076
2016-05-31,196842,40334,39096,102226,110446,083731,COFFEE C - ICE FUTURES U.S.,121.5500030517578,0.041759380619989635,-8220,3.9825875574926513,1238,-4.810374645941648,0.03497404453806801,0.11310587939065844,-0.0020525451045658727,0.0876182116749884,-0.01772074351964861
2016-06-07,188825,44011,35471,95520,109568,083731,COFFEE C - ICE FUTURES U.S.,132.1999969482422,0.07439692837283199,-14048,-2.960750246390506,8540,3.7095741762428744,0.036979247932594786,0.09186985732618706,0.0876182116749884,0.0219365296688232,-0.016290236605046936
2016-06-14,182178,50147,25283,88275,118309,083731,COFFEE C - ICE FUTURES U.S.,135.10000610351562,0.16486074059436376,-30034,-8.466039984112275,24864,8.645041705282669,0.07738256592959765,0.21641256794378894,0.0219365296688232,0.025166496986530396,-0.012810933280301362
2016-06-21,174909,55652,23271,79542,116900,083731,COFFEE C - ICE FUTURES U.S.,138.5,0.2135853500963358,-37358,-4.0202439372481855,32381,4.126184281307292,0.05162847049001741,0.09524473220734134,0.025166496986530396,0.0028880425738944115,-0.008046916085238439
2016-06-28,172146,56936,23141,80774,119506,083731,COFFEE C - ICE FUTURES U.S.,138.89999389648438,0.2249950623308122,-38732,-0.7855513438416548,33795,0.8084203785968703,0.019163171559816256,0.017658004170985425,0.0028880425738944115,0.03815697109178884,-0.003199458187835952
2016-07-05,176566,58947,21317,79598,122438,083731,COFFEE C - ICE FUTURES U.S.,144.1999969482422,0.24262881868536412,-42840,-2.3863464733423956,37630,2.2277601570759704,0.020333009958621237,0.04777982657231137,0.03815697109178884,0.012135922586934189,0.0028626286294950874
2016-07-12,180521,62995,20586,78705,128552,083731,COFFEE C - ICE FUTURES U.S.,145.9499969482422,0.2761285390619374,-49847,-3.9684877043145343,42409,2.706636611805217,0.03380826703078786,0.05717806678551345,0.012135922586934189,-0.008907181082153937,0.009403135152948345
2016-07-19,186943,64471,21368,81093,130775,083731,COFFEE C - ICE FUTURES U.S.,144.64999389648438,0.26576015149002635,-49682,0.09140210834196576,43103,0.38444280720802565,0.021763550890176904,0.02630505947180186,-0.008907181082153937,-0.021085294999399817,0.015740249670215853
2016-07-26,184613,61044,20145,84438,131028,083731,COFFEE C - ICE FUTURES U.S.,141.60000610351562,0.25236575972439645,-46590,1.6539800901879183,40899,-1.178968990547921,0.016698690280601117,0.0572737686139748,-0.021085294999399817,-0.0024717944098092692,0.022253328354755835
2016-08-02,189156,60199,21617,86052,131300,083731,COFFEE C - ICE FUTURES U.S.,141.25,0.239209964262302,-45248,0.726926056128225,38582,-1.255057877830922,0.008677168832124849,0.028319644079397674,-0.0024717944098092692,-0.001061903691924826,0.02819291080477485
2016-08-09,184791,58062,23197,85645,127704,083731,COFFEE C - ICE FUTURES U.S.,141.10000610351562,0.22760307590737644,-42059,1.6859100425045994,34865,-1.9650447249888978,0.018762684615348562,0.04574262543225981,-0.001061903691924826,-0.02622262258668362,0.03279239091347698
2016-08-16,172337,55237,22335,82769,122039,083731,COFFEE C - ICE FUTURES U.S.,137.39999389648438,0.22786749218101743,-39270,1.5092726377366863,32902,-1.062281171702085,0.04170247255966564,0.04753003661114835,-0.02622262258668362,0.0574964301761558,0.03631934861588601
2016-08-23,164169,61307,23013,69927,113438,083731,COFFEE C - ICE FUTURES U.S.,145.3000030517578,0.26503785732994656,-43511,-2.4608760742034503,38294,3.128753546829758,0.1169416191748698,0.08002846299810247,0.0574964301761558,-0.0037852927749897347,0.042657944281361056
2016-08-30,166041,57593,19641,73089,115606,083731,COFFEE C - ICE FUTURES U.S.,144.75,0.2560632614836095,-42517,0.605473627786001,37952,-0.20832191217586754,0.028246641405442644,0.09174715798741487,-0.0037852927749897347,0.053195142993037514,0.04924586607720575
2016-09-06,176478,64486,17286,73379,125692,083731,COFFEE C - ICE FUTURES U.S.,152.4499969482422,0.29642788336223214,-52313,-5.899747652688191,47200,5.569708686408779,0.05212210718788774,0.113094946925598,0.053195142993037514,-0.03345353195682943,0.05687802613213043
2016-09-13,178115,66697,18653,73108,125200,083731,COFFEE C - ICE FUTURES U.S.,147.35000610351562,0.29246273475002105,-52092,0.12522807375423564,48044,0.4782465803102936,0.0038475502753292858,0.04192149970708846,-0.03345353195682943,0.0553104415262724,0.06462747308862676
2016-09-20,181537,71278,21099,71644,126457,083731,COFFEE C - ICE FUTURES U.S.,155.5,0.30193844780953744,-54813,-1.5276647110013193,50179,1.1986637846335233,0.013735417791934417,0.07606871840393171,0.0553104415262724,-0.011575582326416756,0.07255672137017913
2016-09-27,185532,70148,21897,76870,130670,083731,COFFEE C - ICE FUTURES U.S.,153.6999969482422,0.2899769312032426,-53800,0.5580129670535483,48251,-1.0620424486468323,0.045480389322540234,0.020946276277907544,-0.011575582326416756,-0.04066363125631456,0.07997158225755349
2016-10-04,184912,66725,24130,77259,125687,083731,COFFEE C - ICE FUTURES U.S.,147.4499969482422,0.26189755126763004,-48428,2.895457387404868,42595,-3.0485307116831595,0.026470095493382476,0.06225304055913269,-0.04066363125631456,0.022719607818584953,0.08629727313324506
2016-10-11,185562,64117,22520,79706,127425,083731,COFFEE C - ICE FUTURES U.S.,150.8000030517578,0.257159332190858,-47719,0.3834256294886216,41597,-0.5397161893224885,0.02020460481531012,0.04868589632605007,0.022719607818584953,0.052718811587249004,0.09164995719731232
2016-10-18,193462,69392,19844,80790,135635,083731,COFFEE C - ICE FUTURES U.S.,158.75,0.2834923654257684,-54845,-3.840225908321747,49548,4.28482124572919,0.04294328289245697,0.08910081133174952,0.052718811587249004,0.03622047244094495,0.09719743773370251
2016-10-25,205446,77852,16929,81327,146774,083731,COFFEE C - ICE FUTURES U.S.,164.5,0.31856059499819905,-65447,-5.480145971818755,60923,5.87970764284459,0.05118785099583079,0.12001350481636615,0.03622047244094495,-0.018541051986369683,0.10419188980777784
2016-11-01,217273,81673,17268,82965,151704,083731,COFFEE C - ICE FUTURES U.S.,161.4499969482422,0.3163715694080719,-68739,-1.6023675321008926,64405,1.6948492547920135,0.02798835807030328,0.04204525929594405,-0.018541051986369683,0.03747292143769654,0.11145349394960015
2016-11-08,224538,84500,19397,90343,159975,083731,COFFEE C - ICE FUTURES U.S.,167.5,0.3101123195182998,-69632,-0.41100366819623235,65103,0.32125482687678636,0.06251647903866282,0.04770108857811101,0.03747292143769654,-0.034029832526819015,0.1190479559447164
2016-11-15,204830,74337,15038,89241,154019,083731,COFFEE C - ICE FUTURES U.S.,161.8000030517578,0.31625250207489136,-64778,2.161772172193571,59299,-2.5848631412054974,0.029014223464605773,0.16248391608391607,-0.034029832526819015,-0.028121155537322973,0.12739402666125338
2016-11-22,191007,71125,13981,83503,146308,083731,COFFEE C - ICE FUTURES U.S.,157.25,0.3288099389027627,-62805,0.9632378069618709,57144,-1.0520919787140557,0.058522002863222386,0.05016097572439076,-0.028121155537322973,-0.04674089731965425,0.13527436506370646
2016-11-29,186449,64941,14319,86071,142317,083731,COFFEE C - ICE FUTURES U.S.,149.89999389648438,0.30166962547399023,-56246,3.433905563670441,50622,-3.4145345458543406,0.02871867173406659,0.08228614685844057,-0.04674089731965425,-0.0797197960961522,0.14260847012680436
2016-12-06,185690,58473,21171,90308,132237,083731,COFFEE C - ICE FUTURES U.S.,137.9499969482422,0.2258010662932845,-41929,7.678775429205842,37302,-7.144044752184244,0.06433305623581748,0.1672442368540003,-0.0797197960961522,0.006886531129091766,0.1471998916343866
2016-12-13,185708,55956,24930,90734,126396,083731,COFFEE C - ICE FUTURES U.S.,138.89999389648438,0.19203265341288475,-35662,3.3749798050514297,31026,-3.379826592708277,0.028862893197623543,0.07759068318374007,0.006886531129091766,0.035637238477636446,0.15132845265340492
2016-12-20,188916,56998,27804,91139,125064,083731,COFFEE C - ICE FUTURES U.S.,143.85000610351562,0.17957716657138623,-33925,0.935339349947229,29194,-0.9864949275206237,0.008034116085345717,0.046178156175561896,0.035637238477636446,-0.06708382861193074,0.15573664096044748
2016-12-27,189312,55603,32119,93829,120546,083731,COFFEE C - ICE FUTURES U.S.,134.1999969482422,0.1411268171061528,-26717,3.815452370365665,23484,-3.0225073577674735,0.03362332361516035,0.06509199516654887,-0.06708382861193074,0.02384498525343748,0.15922904686883868
2017-01-03,194266,57680,37243,96690,120439,083731,COFFEE C - ICE FUTURES U.S.,137.39999389648438,0.1222499047697487,-23749,1.5677822853279244,20437,-1.609512339418526,0.013669293369379493,0.07586148773216186,0.02384498525343748,0.0749636354388612,0.16167753303738602
2017-01-10,186933,57406,32201,92406,120538,083731,COFFEE C - ICE FUTURES U.S.,147.6999969482422,0.15049242241872757,-28132,-2.2561848187536677,25205,2.4543666930909165,0.020582876249154707,0.05932572232080083,0.0749636354388612,0.014895037194977867,0.16601843635585178
2017-01-17,179348,56201,25005,86593,119893,083731,COFFEE C - ICE FUTURES U.S.,149.89999389648438,0.18567254722662088,-33300,-2.764626898407451,31196,3.2048915921747363,0.03127572813653226,0.10345294682658916,0.014895037194977867,0.01634431158631755,0.17131949210059685
2017-01-24,180324,54570,18325,86465,125757,083731,COFFEE C - ICE FUTURES U.S.,152.35000610351562,0.2178966748741155,-39292,-3.3409906996453818,36245,2.815197270111738,0.02823458453883198,0.11401330681116675,0.01634431158631755,-0.018378752475108673,0.17706451752187297
2017-01-31,185226,54959,19178,88277,127068,083731,COFFEE C - ICE FUTURES U.S.,149.5500030517578,0.2094252426765141,-38791,0.2778332335130099,35781,-0.257314611477119,0.014502310246348881,0.016752768523139592,-0.018378752475108673,-0.04647273023349163,0.18166372921248294
2017-02-07,181894,53807,22594,90112,124312,083731,COFFEE C - ICE FUTURES U.S.,142.60000610351562,0.18802159499488713,-34200,2.478593717944565,31213,-2.466176454709382,0.021410849531768833,0.05978979332731247,-0.04647273023349163,0.007363167938482018,0.18562674009843322
2017-02-14,174739,55075,27029,84192,114677,083731,COFFEE C - ICE FUTURES U.S.,143.64999389648438,0.1744601949192796,-30485,2.0423983199006015,28046,-1.741123951312303,0.07821731893859778,0.06946068401052324,0.007363167938482018,0.04664122862308884,0.18979690621391565
2017-02-21,173929,57280,26408,83492,117194,083731,COFFEE C - ICE FUTURES U.S.,150.35000610351562,0.1937687217197822,-33702,-1.841031481237732,30872,1.6172691843263383,0.01603001704154749,0.033768282190995126,0.04664122862308884,-0.06418362995362592,0.19405559607473208
2017-02-28,176736,57747,29000,85762,115841,083731,COFFEE C - ICE FUTURES U.S.,140.6999969482422,0.17019169835234474,-30079,2.0830338816413594,28747,-1.2217629032536264,0.017970962733689477,0.035263467324518426,-0.06418362995362592,-0.012082423490510474,0.1986435682321917
2017-03-07,175170,58490,33408,86555,113701,083731,COFFEE C - ICE FUTURES U.S.,139.0,0.1549694582405663,-27146,1.6595373891001266,25082,-2.073714466775303,0.014646252796420582,0.05605127423883001,-0.012082423490510474,0.004316590672774234,0.20170573626507945
2017-03-14,183783,59850,37457,89654,114471,083731,COFFEE C - ICE FUTURES U.S.,139.60000610351562,0.13503425235195857,-24817,1.329565564879831,22393,-1.535080207798139,0.018954072259644825,0.055586956745146805,0.004316590672774234,0.02793691780781482,0.20279719513768757
2017-03-21,187689,61442,37497,90192,116670,083731,COFFEE C - ICE FUTURES U.S.,143.5,0.14107379761200708,-26478,-0.9037832661345174,23945,0.8444741896693383,0.013231042917500557,0.016495012078149164,0.02793691780781482,-0.03240413865145908,0.2026074728592914
2017-03-28,191066,60215,45524,94038,111114,083731,COFFEE C - ICE FUTURES U.S.,138.85000610351562,0.08937225880062387,-17076,5.0093505746207825,14691,-4.930496725966893,0.04582943378568086,0.08751737769413367,-0.03240413865145908,-0.007922261830478727,0.20140994543235027
2017-04-04,198653,62223,47872,97849,115095,083731,COFFEE C - ICE FUTURES U.S.,137.75,0.0868146969841885,-17246,-0.0889744904901971,14351,-0.1779489809803942,0.036591779998497255,0.03956582951087697,-0.007922261830478727,0.01778582176582355,0.2009743220690327
2017-04-11,204349,63696,48512,100526,118455,083731,COFFEE C - ICE FUTURES U.S.,140.1999969482422,0.08773715555251066,-17929,-0.3438155980528862,15184,0.41932414813770746,0.027568601842168954,0.018831099386852988,0.01778582176582355,0.01925818121978251,0.2009491842901573
2017-04-18,192352,63183,45289,95525,115571,083731,COFFEE C - ICE FUTURES U.S.,142.89999389648438,0.10421518882049575,-20046,-1.0359727720713094,17894,1.326162594385096,0.03735267366506234,0.03444206799911498,0.01925818121978251,-0.09097271207315161,0.20080779227996587
2017-04-25,200491,52764,51650,106606,109236,083731,COFFEE C - ICE FUTURES U.S.,129.89999389648438,0.013117795811283299,-2630,9.054233904508402,1114,-8.723590084844451,0.08068865188424866,0.16070641867948743,-0.09097271207315161,0.031562789038950045,0.1989798877482758
2017-05-02,206724,51488,54707,111290,109310,083731,COFFEE C - ICE FUTURES U.S.,134.0,-0.009577988042027051,1980,2.2993550832705707,-3219,-2.1611942680718834,0.02156844968268359,0.04080229765996516,0.031562789038950045,-0.008955201106285005,0.19800577127588392
2017-05-09,207823,53081,54189,109446,109234,083731,COFFEE C - ICE FUTURES U.S.,132.8000030517578,-0.0010200988341040212,212,-0.8552466090052437,-1108,1.0211683210464193,0.008779952441924272,0.019679313880861377,-0.008955201106285005,-0.026731950076644417,0.19654752466964412
2017-05-16,211577,52578,54791,109294,108353,083731,COFFEE C - ICE FUTURES U.S.,129.25,-0.004447553373003682,941,0.35077926889709027,-2213,-0.5317024583419544,0.0047462174989777025,0.010291611172684853,-0.026731950076644417,0.007736943907156624,0.19383151391912834
2017-05-23,213102,53624,58569,110423,107918,083731,COFFEE C - ICE FUTURES U.S.,130.25,-0.011754934256834755,2505,0.7392107837808457,-4945,-1.2912556657859786,0.0071631072496690954,0.04299733494959579,0.007736943907156624,0.01420350175443863,0.19199317141402322
2017-05-30,215278,54826,61706,111950,107208,083731,COFFEE C - ICE FUTURES U.S.,132.10000610351562,-0.022027332100818475,4742,1.0497320531951837,-6880,-0.9080158797195709,0.010207247739074093,0.037234407716335426,0.01420350175443863,-0.04958366956187077,0.19076650386169997
2017-06-06,224297,56498,69672,112657,102416,083731,COFFEE C - ICE FUTURES U.S.,125.5500030517578,-0.045658212102703113,10241,2.554371556777748,-13174,-2.9236614981558726,0.025568062936770306,0.07638899896964413,-0.04958366956187077,0.006770198753166978,0.1884577511602474
2017-06-13,222738,54204,74472,116581,100107,083731,COFFEE C - ICE FUTURES U.S.,126.4000015258789,-0.07396133573974804,16474,2.778904755747959,-20268,-3.1627707905143625,0.02876486007531566,0.05513071590661817,0.006770198753166978,-0.035205731993014355,0.1838650189230529
2017-06-20,214847,56693,81723,107120,85551,083731,COFFEE C - ICE FUTURES U.S.,121.9499969482422,-0.1003923722462962,21569,2.287440849787643,-25030,-2.137937846258833,0.12465290573049395,0.07036758756213154,-0.035205731993014355,0.006560090789484274,0.17782698580107928
2017-06-27,221973,55255,86099,111980,84414,083731,COFFEE C - ICE FUTURES U.S.,122.75,-0.12418627490730855,27566,2.791288684505718,-30844,-2.7061117911816317,0.030535556076051202,0.04113077804660639,0.006560090789484274,0.013849262307472188,0.17111196008496155
2017-07-11,227103,52314,81488,117897,90152,083731,COFFEE C - ICE FUTURES U.S.,124.4499969482422,-0.12216923598543392,27745,0.08064043825149905,-29174,0.7523437535195722,0.05602045671933054,0.0564416077487631,0.013849262307472188,0.059863375901411775,0.16409661287975388
2017-07-18,223173,52574,71545,115986,98925,083731,COFFEE C - ICE FUTURES U.S.,131.89999389648438,-0.07644741971475044,17061,-4.704473300660934,-18971,4.492675129786925,0.0497136023749366,0.08220336934715877,0.059863375901411775,-0.009855859386839638,0.15731630598020216
2017-07-25,224494,49215,63149,117306,104837,083731,COFFEE C - ICE FUTURES U.S.,130.60000610351562,-0.05554268710967777,12469,-2.0575965730621535,-13934,2.256993453509161,0.032555606073565224,0.10461535723185361,-0.009855859386839638,0.05551301425096056,0.1511374052379002
2017-08-01,213961,47954,54666,114899,108920,083731,COFFEE C - ICE FUTURES U.S.,137.85000610351562,-0.027944344997452807,5979,-2.890945860468431,-6712,3.217012481402621,0.028996644610153742,0.09495225102319237,0.05551301425096056,0.03554583735603778,0.14574682630094155
2017-08-08,205335,46630,46804,112163,113509,083731,COFFEE C - ICE FUTURES U.S.,142.75,0.006555141597876641,-1346,-3.4235211089871522,-174,3.0556970662877814,0.03245861249955688,0.09831538840250872,0.03554583735603778,-0.07530647985989491,0.14127269509585644
2017-08-15,191562,44371,40187,104166,108988,083731,COFFEE C - ICE FUTURES U.S.,132.0,0.025172006974243325,-4822,-1.6928434022451118,4184,2.122385370248618,0.05872749279863385,0.10496937013647437,-0.07530647985989491,-0.04659092065059778,0.1373797899240654
2017-08-22,185359,42369,52185,104278,96632,083731,COFFEE C - ICE FUTURES U.S.,125.8499984741211,-0.041249683047491624,7646,6.5085977385911615,-9816,-7.308338814587444,0.062057637748245485,0.14806354041077058,-0.04659092065059778,0.011521689274671454,0.1322044596312095
2017-08-29,194047,42976,60710,108303,93498,083731,COFFEE C - ICE FUTURES U.S.,127.3000030517578,-0.07629594891959164,14805,3.8622349063169312,-17734,-4.2717105724566915,0.035475542737647484,0.08807360685145535,0.011521689274671454,-0.006284391457811123,0.12564034797256451
2017-09-05,206646,47399,69510,111522,92700,083731,COFFEE C - ICE FUTURES U.S.,126.5,-0.09108330187857495,18822,2.070117033502193,-22111,-2.2556390977443606,0.01966977113141581,0.11310506462291184,-0.006284391457811123,0.05770753400599071,0.11896445252329174
2017-09-12,205989,48071,70002,106318,88117,083731,COFFEE C - ICE FUTURES U.S.,133.8000030517578,-0.08835908713572084,18201,-0.3005139223599779,-21931,0.08710548474202259,0.050335587728546814,0.009858307995900841,0.05770753400599071,0.0011210305909061802,0.11156470309063879
2017-09-19,189841,44135,54632,98816,90336,083731,COFFEE C - ICE FUTURES U.S.,133.9499969482422,-0.04466895981373887,8480,-4.719184034098908,-10497,5.550781837865128,0.0513925308746405,0.19547014691141779,0.0011210305909061802,-0.012691280231227342,0.10508140127210495
2017-09-26,189928,47444,57279,100541,92995,083731,COFFEE C - ICE FUTURES U.S.,132.25,-0.039730845372983443,7546,-0.49199066587302004,-9835,0.34871287024404635,0.022652116402116403,0.05687384815179092,-0.012691280231227342,-0.05141779245185485,0.09851083794167186
2017-10-03,208591,48807,69961,107042,90622,083731,COFFEE C - ICE FUTURES U.S.,125.4499969482422,-0.07871864078507702,16420,4.672296870392991,-21154,-5.959626805947517,0.0448943661971831,0.11825575912703759,-0.05141779245185485,0.044240758762613686,0.09142053848035801
2017-10-10,216316,48907,71485,110430,92301,083731,COFFEE C - ICE FUTURES U.S.,131.0,-0.08380794763216776,18129,0.8193066814963254,-22578,-0.6826756667353817,0.024993710877961435,0.013489268389926241,0.044240758762613686,-0.05229006468794728,0.08477235580920807
2017-10-17,229958,48392,78036,121117,97184,083731,COFFEE C - ICE FUTURES U.S.,124.1500015258789,-0.10407552683533515,23933,2.6831117439301764,-29644,-3.2665175021727473,0.0713235395165391,0.05588951814471478,-0.05229006468794728,-0.007652070607817696,0.07782553159716589
2017-10-24,237644,50371,83388,125582,98922,083731,COFFEE C - ICE FUTURES U.S.,123.1999969482422,-0.11218461227718772,26660,1.1858687238539212,-33017,-1.4667895876638342,0.027629797241919964,0.054807526970147805,-0.007652070607817696,0.015422090689475532,0.07021635894903212
2017-10-31,239067,52133,84949,123891,98242,083731,COFFEE C - ICE FUTURES U.S.,125.0999984741211,-0.1072879151032974,25649,-0.4254262678628537,-32816,0.08458029657807477,0.010673785524888242,0.024240965261668197,0.015422090689475532,-0.0031974542826364027,0.06202696452400333
2017-11-07,240183,52145,87460,122971,93922,083731,COFFEE C - ICE FUTURES U.S.,124.6999969482422,-0.12094527922459125,29049,1.422195451484312,-35315,-1.0453136568409693,0.024159378126541658,0.01807241860964865,-0.0031974542826364027,0.018845277955307216,0.05361702512722136
2017-11-14,218750,49565,83712,113291,84781,083731,COFFEE C - ICE FUTURES U.S.,127.0500030517578,-0.13033142857142857,28510,-0.22441221901633338,-34147,0.4862958660687892,0.09502100246375056,0.047480060325487516,0.018845277955307216,-0.025186969703047457,0.04514695304857273
2017-11-21,201113,49455,86229,101964,70511,083731,COFFEE C - ICE FUTURES U.S.,123.8499984741211,-0.15639466369652882,31453,1.3453714285714287,-36774,-1.2009142857142856,0.14840991448035948,0.0193611627015713,-0.025186969703047457,0.029067408304194187,0.036057584476045415
2017-11-28,195617,48928,79169,95731,70105,083731,COFFEE C - ICE FUTURES U.S.,127.4499969482422,-0.13100088438121432,25626,-2.8973761019924122,-30241,3.2484225286281845,0.04003352709906172,0.05922855336190543,0.029067408304194187,-0.011769321584285009,0.027215068643661248
2017-12-05,191144,47180,75639,94927,70869,083731,COFFEE C - ICE FUTURES U.S.,125.9499969482422,-0.1258632235382748,24058,-0.8015663260350583,-28459,0.910963771042394,0.009457405486260223,0.04297380698426139,-0.011769321584285009,-0.07066291474498221,0.01899328308573307
2017-12-12,214892,46251,92446,109429,70016,083731,COFFEE C - ICE FUTURES U.S.,117.0500030517578,-0.18340840980585596,39413,8.033210563763445,-46195,-9.278868287783034,0.08556939452199838,0.12787587330656033,-0.07066291474498221,0.04015375331655413,0.011123870083826525
2017-12-19,218688,47918,94942,110436,70770,083731,COFFEE C - ICE FUTURES U.S.,121.75,-0.18138169446883232,39666,0.11773355918321762,-47024,-0.385775180090464,0.009718221250951955,0.02914041719165617,0.04015375331655413,0.003696073496855856,0.0039428249322550415
2017-12-26,220632,49417,96683,117074,76444,083731,COFFEE C - ICE FUTURES U.S.,122.1999969482422,-0.18415279741832555,40630,0.4408106526192566,-47266,-0.11065993561603746,0.0636219886522184,0.02217659137577002,0.003696073496855856,,-0.0030519820675471076
