,Open_Interest_All,NonComm_Positions_Long_All,NonComm_Positions_Short_All,Comm_Positions_Long_All,Comm_Positions_Short_All,CFTC_Contract_Market_Code,Market_and_Exchange_Names,LB_Close,HP,NetLong_Comm,Q_Comm,NetLong_NonComm,Q_NonComm,PT_Comm,PT_NonComm,Ret,Ret_Lead,HP_Smooth_52w
2015-01-06,4037,1478,2564,1478,323,058643,RANDOM LENGTH LUMBER - CHICAGO MERCANTILE EXCHANGE,319.70001220703125,-0.28610354223433243,1155,,-1086,,,,,0.0015639661586130948,
2015-01-13,4617,1445,2797,1894,451,058643,RANDOM LENGTH LUMBER - CHICAGO MERCANTILE EXCHANGE,320.20001220703125,-0.3125406107862248,1443,7.1340104037651715,-1352,-6.589051275699777,0.23198294243070364,0.0627062706270627,0.0015639661586130948,-0.054028787167444636,
2015-01-20,5167,1701,2889,2091,621,058643,RANDOM LENGTH LUMBER - CHICAGO MERCANTILE EXCHANGE,302.8999938964844,-0.2844977743371395,1470,0.5847953216374269,-1188,3.5520901017977042,0.13532448377581122,0.07581699346405228,-0.054028787167444636,0.02905255360802106,
2015-01-27,5528,1596,3226,2335,665,058643,RANDOM LENGTH LUMBER - CHICAGO MERCANTILE EXCHANGE,311.70001220703125,-0.3020984081041968,1670,3.870718018192375,-1630,-8.554286820205148,0.096,0.0916632102861883,0.02905255360802106,0.0064164257994048235,
2015-02-03,5574,1471,2959,2212,781,058643,RANDOM LENGTH LUMBER - CHICAGO MERCANTILE EXCHANGE,313.70001220703125,-0.25672766415500536,1431,-4.3234442836468885,-1488,2.568740955137482,0.07985299031072503,0.08848758465011286,0.0064164257994048235,0.013069733587487642,
2015-02-10,5166,1643,2762,2054,754,058643,RANDOM LENGTH LUMBER - CHICAGO MERCANTILE EXCHANGE,317.79998779296875,-0.2516453735965931,1300,-2.3501973448152134,-1119,6.620021528525297,0.06588319088319089,0.08376844494892167,0.013069733587487642,-0.03618628206962582,
2015-02-17,4859,1646,2924,1938,506,058643,RANDOM LENGTH LUMBER - CHICAGO MERCANTILE EXCHANGE,306.29998779296875,-0.2947108458530562,1432,2.5551684088269457,-1278,-3.077816492450639,0.14893617021276595,0.036105032822757115,-0.03618628206962582,-0.03623890312865463,
2015-02-24,5180,1813,3291,2008,238,058643,RANDOM LENGTH LUMBER - CHICAGO MERCANTILE EXCHANGE,295.20001220703125,-0.3416988416988417,1770,6.956163819715991,-1478,-4.116073266104136,0.15048975957257346,0.10462382445141066,-0.03623890312865463,-0.002710089015801942,
2015-03-03,5558,1713,3581,2398,330,058643,RANDOM LENGTH LUMBER - CHICAGO MERCANTILE EXCHANGE,294.3999938964844,-0.37207628643396906,2068,5.7528957528957525,-1868,-7.5289575289575295,0.17668621700879766,0.07366830374008311,-0.002710089015801942,-0.03124993845172419,
2015-03-10,5871,1875,3798,2489,361,058643,RANDOM LENGTH LUMBER - CHICAGO MERCANTILE EXCHANGE,285.20001220703125,-0.36245954692556637,2128,1.0795250089960418,-1923,-0.9895645915797049,0.04280701754385965,0.06680768552793936,-0.03124993845172419,-0.04242638704633728,
2015-03-17,6648,2330,4063,2680,590,058643,RANDOM LENGTH LUMBER - CHICAGO MERCANTILE EXCHANGE,273.1000061035156,-0.31438026474127556,2090,-0.6472491909385114,-1733,3.2362459546925564,0.12844036697247707,0.11262318160488034,-0.04242638704633728,0.046503044326697385,
2015-03-24,6687,2289,3920,2695,680,058643,RANDOM LENGTH LUMBER - CHICAGO MERCANTILE EXCHANGE,285.79998779296875,-0.30133094063107524,2015,-1.128158844765343,-1631,1.5342960288808665,0.03111111111111111,0.02963440167498792,0.046503044326697385,-0.026591938105479773,
2015-03-31,7035,2261,3920,2756,911,058643,RANDOM LENGTH LUMBER - CHICAGO MERCANTILE EXCHANGE,278.20001220703125,-0.2622601279317697,1845,-2.5422461492448036,-1659,-0.41872289516973227,0.07962912462503409,0.004530011325028313,-0.026591938105479773,-0.033429251985891306,
2015-04-07,7311,2333,3944,2874,947,058643,RANDOM LENGTH LUMBER - CHICAGO MERCANTILE EXCHANGE,268.8999938964844,-0.26357543427711666,1927,1.1656005685856432,-1611,0.6823027718550106,0.04030358544883538,0.015293930221443364,-0.033429251985891306,-0.06805499519651736,
2015-04-14,6803,2358,4046,2581,676,058643,RANDOM LENGTH LUMBER - CHICAGO MERCANTILE EXCHANGE,250.6000061035156,-0.28002351903571954,1905,-0.3009164273013268,-1688,-1.0532074955546435,0.17316548971446116,0.019831355402873205,-0.06805499519651736,-0.03072630494610018,
2015-04-21,6838,2478,3993,2591,874,058643,RANDOM LENGTH LUMBER - CHICAGO MERCANTILE EXCHANGE,242.8999938964844,-0.25109681193331385,1717,-2.7634866970454213,-1515,2.542995737174776,0.06002886002886003,0.026734662339669295,-0.03072630494610018,0.03540554269087637,
2015-04-28,6409,2412,3883,2382,798,058643,RANDOM LENGTH LUMBER - CHICAGO MERCANTILE EXCHANGE,251.5,-0.24715244187860821,1584,-1.9450131617431996,-1471,0.6434630008774496,0.08962264150943396,0.027958697378872122,0.03540554269087637,-0.03777335984095431,
2015-05-05,6448,2322,4099,2343,702,058643,RANDOM LENGTH LUMBER - CHICAGO MERCANTILE EXCHANGE,242.0,-0.25449751861042186,1641,0.8893743173662036,-1777,-4.774535809018567,0.04433497536945813,0.04765612832892073,-0.03777335984095431,-0.03305785123966942,
2015-05-12,6575,2244,4179,2545,700,058643,RANDOM LENGTH LUMBER - CHICAGO MERCANTILE EXCHANGE,234.0,-0.28060836501901143,1845,3.163771712158809,-1935,-2.4503722084367245,0.06286594761171033,0.024599096995173594,-0.03305785123966942,0.1217948717948718,
2015-05-19,6511,2127,4113,2624,819,058643,RANDOM LENGTH LUMBER - CHICAGO MERCANTILE EXCHANGE,262.5,-0.27722316080479187,1805,-0.6083650190114068,-1986,-0.7756653992395437,0.05750798722044728,0.029326923076923077,0.1217948717948718,0.05219052269345248,
2015-05-26,6097,2118,3481,2212,909,058643,RANDOM LENGTH LUMBER - CHICAGO MERCANTILE EXCHANGE,276.20001220703125,-0.2137116614728555,1303,-7.710029181385347,-1363,9.568422669328829,0.16084588272989425,0.11448472941596714,0.05219052269345248,-0.03910216449393744,
2015-06-02,6065,2062,2921,1803,1074,058643,RANDOM LENGTH LUMBER - CHICAGO MERCANTILE EXCHANGE,265.3999938964844,-0.12019785655399835,729,-9.414466130884042,-859,8.266360505166476,0.19951338199513383,0.12362030905077263,-0.03910216449393744,0.09005272963874389,
2015-06-09,4762,1973,2060,1198,1308,058643,RANDOM LENGTH LUMBER - CHICAGO MERCANTILE EXCHANGE,289.29998779296875,0.023099538009239817,-110,-13.833470733718054,-87,12.728771640560593,0.3347964884277733,0.2355566575750062,0.09005272963874389,0.013135217666397914,
2015-06-16,4309,1973,1730,1046,1525,058643,RANDOM LENGTH LUMBER - CHICAGO MERCANTILE EXCHANGE,293.1000061035156,0.1111626827570202,-479,-7.748845023099538,243,6.9298614027719445,0.14352392065344224,0.08911693221712125,0.013135217666397914,-0.012964920612129949,
2015-06-23,4309,1926,1750,1212,1555,058643,RANDOM LENGTH LUMBER - CHICAGO MERCANTILE EXCHANGE,289.29998779296875,0.07960083546066372,-343,3.1561847296356462,176,-1.5548851241587376,0.07083483917600289,0.01822633297062024,-0.012964920612129949,-0.0034566195720534543,
2015-06-30,4004,1715,1564,1237,1308,058643,RANDOM LENGTH LUMBER - CHICAGO MERCANTILE EXCHANGE,288.29998779296875,0.017732267732267732,-71,6.3123694592712924,151,-0.5801810164771408,0.1068762278978389,0.12107349801768832,-0.0034566195720534543,-0.024627040882971074,-0.22688544896368043
2015-07-07,3813,1403,1615,1132,993,058643,RANDOM LENGTH LUMBER - CHICAGO MERCANTILE EXCHANGE,281.20001220703125,-0.036454235510097036,139,5.244755244755245,-212,-9.065934065934066,0.1976470588235294,0.12027833001988071,-0.024627040882971074,0.029160673305433482,-0.21983244105799216
2015-07-14,4080,1457,1698,1107,951,058643,RANDOM LENGTH LUMBER - CHICAGO MERCANTILE EXCHANGE,289.3999938964844,-0.03823529411764706,156,0.44584316810910046,-241,-0.7605559926567007,0.03255587949465501,0.043423137876386686,0.029160673305433482,-0.07912921347425972,-0.21334682866726556
2015-07-21,4371,1433,1852,1268,892,058643,RANDOM LENGTH LUMBER - CHICAGO MERCANTILE EXCHANGE,266.5,-0.08602150537634409,376,5.392156862745098,-419,-4.362745098039215,0.10185185185185185,0.05418569254185693,-0.07912921347425972,-0.0390243673414048,-0.20895630027792345
2015-07-28,5024,1426,2362,1734,863,058643,RANDOM LENGTH LUMBER - CHICAGO MERCANTILE EXCHANGE,256.1000061035156,-0.17336783439490447,871,11.324639670555937,-936,-11.827956989247312,0.19060454370427415,0.13648363252375925,-0.0390243673414048,0.010152307854552234,-0.2077700180818228
2015-08-04,5962,1461,2968,2154,810,058643,RANDOM LENGTH LUMBER - CHICAGO MERCANTILE EXCHANGE,258.70001220703125,-0.22542770882254276,1344,9.414808917197453,-1507,-11.365445859872612,0.1595816464237517,0.14472792955520433,0.010152307854552234,-0.03324316079518885,-0.2083396210089428
2015-08-11,6076,1524,3131,2434,751,058643,RANDOM LENGTH LUMBER - CHICAGO MERCANTILE EXCHANGE,250.1000061035156,-0.2769914417379855,1683,5.6860114055686015,-1607,-1.677289500167729,0.10643642072213501,0.04854994629430719,-0.03324316079518885,0.0019992002710829126,-0.2104849904067254
2015-08-18,6261,1716,3481,2418,710,058643,RANDOM LENGTH LUMBER - CHICAGO MERCANTILE EXCHANGE,250.6000061035156,-0.2727998722248842,1708,0.4114549045424622,-1765,-2.600394996708361,0.018222506393861894,0.10429093707908409,0.0019992002710829126,-0.02194732588205972,-0.21237332015879082
2015-08-25,6552,1894,3793,2442,555,058643,RANDOM LENGTH LUMBER - CHICAGO MERCANTILE EXCHANGE,245.1000061035156,-0.288003663003663,1887,2.858968215939946,-1899,-2.140233189586328,0.05972639305972639,0.08616142078424477,-0.02194732588205972,-0.04120769421462178,-0.2145977420071694
2015-09-01,6547,1936,3752,2368,428,058643,RANDOM LENGTH LUMBER - CHICAGO MERCANTILE EXCHANGE,235.0,-0.2963189246983351,1940,0.808913308913309,-1816,1.2667887667887667,0.07188841201716738,0.014592123769338959,-0.04120769421462178,-0.014042566177692839,-0.2169326329412027
2015-09-08,6534,2042,3861,2458,452,058643,RANDOM LENGTH LUMBER - CHICAGO MERCANTILE EXCHANGE,231.6999969482422,-0.30700948882767065,2006,1.0080953108293875,-1819,-0.04582251412860852,0.03917525773195876,0.036422158224631546,-0.014042566177692839,0.09063444228137407,-0.21943476782693794
2015-09-15,5589,1962,3292,1812,336,058643,RANDOM LENGTH LUMBER - CHICAGO MERCANTILE EXCHANGE,252.6999969482422,-0.2640901771336554,1476,-8.111417202326294,-1330,7.483930211202939,0.3547486033519553,0.12352493338408832,0.09063444228137407,-0.11278195624924103,-0.22064167078117355
2015-09-22,5618,1853,3214,1764,285,058643,RANDOM LENGTH LUMBER - CHICAGO MERCANTILE EXCHANGE,224.1999969482422,-0.26326094695621216,1479,0.05367686527106817,-1361,-0.5546609411343711,0.048316251830161056,0.03690546674560884,-0.11278195624924103,-0.016949166384846226,-0.22176323068051668
2015-09-29,6583,1530,3777,2576,411,058643,RANDOM LENGTH LUMBER - CHICAGO MERCANTILE EXCHANGE,220.3999938964844,-0.32887741151450706,2165,12.210751156995373,-2247,-15.770736917052334,0.31402745229327084,0.16694931222913134,-0.016949166384846226,0.05353903529280446,-0.22450974813779845
2015-10-06,6968,1572,3992,2493,433,058643,RANDOM LENGTH LUMBER - CHICAGO MERCANTILE EXCHANGE,232.1999969482422,-0.2956371986222732,2060,-1.5950174692389487,-2420,-2.6279811636032204,0.03588516746411483,0.04618979151689432,0.05353903529280446,0.11369513136194409,-0.22628793439991032
2015-10-13,5743,1439,3203,2082,705,058643,RANDOM LENGTH LUMBER - CHICAGO MERCANTILE EXCHANGE,258.6000061035156,-0.23977015497126938,1377,-9.80195177956372,-1764,9.414466130884042,0.2450663796196627,0.1986212839293408,0.11369513136194409,0.005413742704723612,-0.22661676904799227
2015-10-20,4993,1528,2428,1406,812,058643,RANDOM LENGTH LUMBER - CHICAGO MERCANTILE EXCHANGE,260.0,-0.11896655317444423,594,-13.63398920424865,-900,15.044401880550234,0.3530207394048693,0.21840242669362994,0.005413742704723612,-0.019230769230769273,-0.22405366867005064
2015-10-27,4483,1643,2062,1024,889,058643,RANDOM LENGTH LUMBER - CHICAGO MERCANTILE EXCHANGE,255.0,-0.030113763105063574,135,-9.192870018025236,-419,9.633486881634289,0.23993727130162049,0.12982456140350876,-0.019230769230769273,-0.03450981588924629,-0.21954343830807418
2015-11-03,4036,1472,1846,972,753,058643,RANDOM LENGTH LUMBER - CHICAGO MERCANTILE EXCHANGE,246.1999969482422,-0.054261645193260655,219,1.8737452598706226,-374,1.0037921035021191,0.10898550724637682,0.1166365280289331,-0.03450981588924629,0.0316815724957038,-0.21578703391910115
2015-11-10,3822,1392,1905,883,342,058643,RANDOM LENGTH LUMBER - CHICAGO MERCANTILE EXCHANGE,254.0,-0.14154892726321297,541,7.978196233894945,-513,-3.44400396432111,0.40816326530612246,0.0421595389748256,0.0316815724957038,-0.05826772855022766,-0.21413729821563698
2015-11-17,3976,1350,1863,1155,434,058643,RANDOM LENGTH LUMBER - CHICAGO MERCANTILE EXCHANGE,239.1999969482422,-0.1813380281690141,721,4.709576138147567,-513,0.0,0.2290748898678414,0.026143790849673203,-0.05826772855022766,0.03929769763879798,-0.2134242706059278
2015-11-24,3982,1344,1916,1145,551,058643,RANDOM LENGTH LUMBER - CHICAGO MERCANTILE EXCHANGE,248.6000061035156,-0.14917127071823205,594,-3.194164989939638,-572,-1.4839034205231387,0.07488207547169812,0.018098159509202454,0.03929769763879798,-0.02775546655618455,-0.21205718550193425
2015-12-01,4222,1317,1959,1118,541,058643,RANDOM LENGTH LUMBER - CHICAGO MERCANTILE EXCHANGE,241.6999969482422,-0.13666508763619137,577,-0.42692114515318935,-642,-1.757910597689603,0.02230259192284509,0.021367521367521368,-0.02775546655618455,0.10633015007338043,-0.21048651679639796
2015-12-08,4367,1259,1837,967,677,058643,RANDOM LENGTH LUMBER - CHICAGO MERCANTILE EXCHANGE,267.3999938964844,-0.06640714449278681,290,-6.797726196115585,-578,1.5158692562766463,0.1745742092457421,0.05813953488372093,0.10633015007338043,-0.043006732470053266,-0.207546121443263
2015-12-15,4087,1234,1635,896,744,058643,RANDOM LENGTH LUMBER - CHICAGO MERCANTILE EXCHANGE,255.8999938964844,-0.03719109371176903,152,-3.160064117242958,-401,4.05312571559423,0.08414634146341464,0.07912164517253398,-0.043006732470053266,0.04962881012091214,-0.20413902088863314
2015-12-22,4045,1366,1601,779,876,058643,RANDOM LENGTH LUMBER - CHICAGO MERCANTILE EXCHANGE,268.6000061035156,0.023980222496909766,-97,-6.092488377783215,-235,4.061658918522144,0.15045317220543808,0.05594876980114594,0.04962881012091214,-0.0450484208062617,-0.19966609454774015
2015-12-29,3845,1276,1650,877,817,058643,RANDOM LENGTH LUMBER - CHICAGO MERCANTILE EXCHANGE,256.5,-0.015604681404421327,60,3.881334981458591,-374,-3.4363411619283064,0.09268004722550177,0.04750512645249488,-0.0450484208062617,0.0,-0.19612645198729173
2016-01-05,3825,1142,1540,937,856,058643,RANDOM LENGTH LUMBER - CHICAGO MERCANTILE EXCHANGE,256.5,-0.021176470588235293,81,0.5461638491547465,-398,-0.6241872561768531,0.05521472392638037,0.09097688292319164,0.0,-0.001169543052509714,-0.19103170060948216
2016-01-12,4299,1055,2000,1331,585,058643,RANDOM LENGTH LUMBER - CHICAGO MERCANTILE EXCHANGE,256.20001220703125,-0.17352872761107235,746,17.38562091503268,-945,-14.300653594771243,0.34707724425887265,0.17905073649754502,-0.001169543052509714,-0.030445034890333122,-0.18835839516380615
2016-01-19,4541,1072,2198,1432,532,058643,RANDOM LENGTH LUMBER - CHICAGO MERCANTILE EXCHANGE,248.3999938964844,-0.19819423034573883,900,3.5822284252151664,-1126,-4.210281460804839,0.07841140529531568,0.06574923547400612,-0.030445034890333122,-0.04911432064417165,-0.18669871162551
2016-01-26,5313,1146,2715,1887,521,058643,RANDOM LENGTH LUMBER - CHICAGO MERCANTILE EXCHANGE,236.1999969482422,-0.25710521362695277,1366,10.262056815679365,-1569,-9.755560449240255,0.19352159468438537,0.15306915306915306,-0.04911432064417165,0.05292125385902979,-0.18583345788556296
2016-02-02,5890,1211,3088,2207,558,058643,RANDOM LENGTH LUMBER - CHICAGO MERCANTILE EXCHANGE,248.6999969482422,-0.2799660441426146,1649,5.326557500470544,-1877,-5.797101449275362,0.1291139240506329,0.10188415910676901,0.05292125385902979,0.00804181754942368,-0.1862803498084016
2016-02-09,5552,1101,2706,1990,600,058643,RANDOM LENGTH LUMBER - CHICAGO MERCANTILE EXCHANGE,250.6999969482422,-0.2503602305475504,1390,-4.397283531409168,-1605,4.6179966044142615,0.1,0.12923561859732072,0.00804181754942368,-0.005584339503495905,-0.186255635518997
2016-02-16,5460,1121,2693,2023,565,058643,RANDOM LENGTH LUMBER - CHICAGO MERCANTILE EXCHANGE,249.3000030517578,-0.26703296703296703,1458,1.2247838616714697,-1572,0.5943804034582133,0.02627511591962906,0.00865233350812795,-0.005584339503495905,0.04973930607092303,-0.1857233686186106
2016-02-23,4652,1361,2069,1364,589,058643,RANDOM LENGTH LUMBER - CHICAGO MERCANTILE EXCHANGE,261.70001220703125,-0.16659501289767842,775,-12.50915750915751,-708,15.824175824175823,0.3497183819764465,0.2518950437317784,0.04973930607092303,-0.03515480236108326,-0.18235598729551133
2016-03-01,4336,1322,1820,1112,546,058643,RANDOM LENGTH LUMBER - CHICAGO MERCANTILE EXCHANGE,252.5,-0.1305350553505535,566,-4.4926913155631985,-498,4.514187446259673,0.1779252110977081,0.0916613621896881,-0.03515480236108326,0.1112871528852104,-0.17771096362083025
2016-03-08,4253,1757,1564,717,1110,058643,RANDOM LENGTH LUMBER - CHICAGO MERCANTILE EXCHANGE,280.6000061035156,0.09240536092170233,-393,-22.117158671586715,193,15.936346863468634,0.524904214559387,0.20806985847636253,0.1112871528852104,-0.01995725581506136,-0.16896356154684433
2016-03-15,4375,2004,1496,529,1382,058643,RANDOM LENGTH LUMBER - CHICAGO MERCANTILE EXCHANGE,275.0,0.19497142857142857,-853,-10.815894662591113,508,7.406536562426523,0.24071166928309787,0.09,-0.01995725581506136,0.13090909090909086,-0.15916833667544614
2016-03-22,4547,2081,1301,515,1678,058643,RANDOM LENGTH LUMBER - CHICAGO MERCANTILE EXCHANGE,311.0,0.2557730371673631,-1163,-7.085714285714285,780,6.217142857142857,0.14135886912904697,0.08042578356002365,0.13090909090909086,0.006109305133390253,-0.1484547986408608
2016-03-29,4892,2277,1236,584,2171,058643,RANDOM LENGTH LUMBER - CHICAGO MERCANTILE EXCHANGE,312.8999938964844,0.32440719542109564,-1587,-9.324829557950297,1041,5.740048383549593,0.20399274047186933,0.07429547395388557,0.006109305133390253,-0.07734094650528855,-0.13717273473022878
2016-04-05,4914,2414,1285,545,2027,058643,RANDOM LENGTH LUMBER - CHICAGO MERCANTILE EXCHANGE,288.70001220703125,0.30158730158730157,-1482,2.1463614063777596,1129,1.7988552739165986,0.07115085536547434,0.050283860502838604,-0.07734094650528855,0.027710424876127293,-0.12630422057898996
2016-04-12,5146,2677,1272,489,2227,058643,RANDOM LENGTH LUMBER - CHICAGO MERCANTILE EXCHANGE,296.70001220703125,0.33773804897007387,-1738,-5.2096052096052095,1405,5.616605616605617,0.09425625920471281,0.06989111167384147,0.027710424876127293,-0.0471857075294998,-0.11442419042503241
2016-04-19,4201,2072,1120,505,1875,058643,RANDOM LENGTH LUMBER - CHICAGO MERCANTILE EXCHANGE,282.70001220703125,0.32611283027850513,-1370,7.151185386708122,952,-8.802953750485814,0.1546218487394958,0.23715538847117795,-0.0471857075294998,0.012380614958859004,-0.10332400499788205
2016-04-26,3952,1918,1060,506,1956,058643,RANDOM LENGTH LUMBER - CHICAGO MERCANTILE EXCHANGE,286.20001220703125,0.36690283400809715,-1450,-1.904308497976672,858,-2.2375624851225897,0.03330625507717303,0.07186030893216924,0.012380614958859004,0.009084470562694236,-0.09151524969236849
2016-05-03,4299,2286,1016,371,2235,058643,RANDOM LENGTH LUMBER - CHICAGO MERCANTILE EXCHANGE,288.79998779296875,0.43358920679227725,-1864,-10.475708502024291,1270,10.425101214574898,0.15886415963161934,0.12477286493034524,0.009084470562694236,0.0664820395380179,-0.07828281266539348
2016-05-10,4823,2685,982,415,2689,058643,RANDOM LENGTH LUMBER - CHICAGO MERCANTILE EXCHANGE,308.0,0.47149077337756584,-2274,-9.537101651546871,1703,10.07210979297511,0.16043814432989692,0.11808017452958822,0.0664820395380179,0.051298661665482914,-0.06381936769622855
2016-05-17,5496,3126,1161,540,3020,058643,RANDOM LENGTH LUMBER - CHICAGO MERCANTILE EXCHANGE,323.79998779296875,0.4512372634643377,-2480,-4.271200497615592,1965,5.432303545511092,0.12808988764044943,0.14462327968276184,0.051298661665482914,-0.07041380065630698,-0.04981051338336067
2016-05-24,5317,2859,1058,602,2866,058643,RANDOM LENGTH LUMBER - CHICAGO MERCANTILE EXCHANGE,301.0,0.4258040248260297,-2264,3.9301310043668125,1801,-2.9839883551673942,0.06228373702422145,0.09446004595353587,-0.07041380065630698,0.007973401649449707,-0.0375121348006898
2016-05-31,5379,2719,1029,805,2786,058643,RANDOM LENGTH LUMBER - CHICAGO MERCANTILE EXCHANGE,303.3999938964844,0.36828406767057076,-1981,5.322550310325371,1690,-2.0876434079368065,0.07880813143971038,0.045090715048025615,0.007973401649449707,-0.014831905374181775,-0.028118251642525013
2016-06-07,5307,2359,1096,891,2692,058643,RANDOM LENGTH LUMBER - CHICAGO MERCANTILE EXCHANGE,298.8999938964844,0.33936310533257963,-1801,3.3463469046291134,1263,-7.938278490425729,0.050237231370360035,0.123589001447178,-0.014831905374181775,-0.005018400905419496,-0.022036259963230016
2016-06-14,5039,1930,1158,1146,2375,058643,RANDOM LENGTH LUMBER - CHICAGO MERCANTILE EXCHANGE,297.3999938964844,0.24389759872990674,-1229,10.778217448652724,772,-9.25193141134351,0.16245384833854018,0.15900259067357514,-0.005018400905419496,0.004707444267707972,-0.01948366542528989
2016-06-21,4659,1969,1057,1005,2286,058643,RANDOM LENGTH LUMBER - CHICAGO MERCANTILE EXCHANGE,298.79998779296875,0.2749517063747585,-1281,-1.0319507838856916,912,2.7783290335384003,0.06988757216651474,0.046265697290152015,0.004707444267707972,0.0016733601754577165,-0.015726917907711146
2016-06-28,3994,1644,946,1102,2084,058643,RANDOM LENGTH LUMBER - CHICAGO MERCANTILE EXCHANGE,299.29998779296875,0.24586880320480722,-982,6.4176861987550975,698,-4.593260356299635,0.0938480853735091,0.16833976833976835,0.0016733601754577165,0.06080859655637716,-0.01133967684093154
2016-07-05,4063,2046,1008,780,2268,058643,RANDOM LENGTH LUMBER - CHICAGO MERCANTILE EXCHANGE,317.5,0.36623184838789075,-1488,-12.669003505257887,1038,8.512769153730595,0.16601049868766404,0.15193189259986903,0.06080859655637716,-0.0028346264456200476,-0.0035957136890471574
2016-07-12,4316,2558,1098,471,2402,058643,RANDOM LENGTH LUMBER - CHICAGO MERCANTILE EXCHANGE,316.6000061035156,0.4474050046339203,-1931,-10.903273443268521,1460,10.386413979817869,0.15419422206752523,0.16466083150984684,-0.0028346264456200476,0.028742911964885653,0.00574352282540606
2016-07-19,4921,3279,1291,318,2698,058643,RANDOM LENGTH LUMBER - CHICAGO MERCANTILE EXCHANGE,325.70001220703125,0.48364153627311524,-2380,-10.403151065801667,1988,12.233549582947173,0.14887267904509283,0.2,0.028742911964885653,0.013816394938111154,0.016698581318664894
2016-07-26,5219,3469,1300,311,2822,058643,RANDOM LENGTH LUMBER - CHICAGO MERCANTILE EXCHANGE,330.20001220703125,0.4811266526154436,-2511,-2.6620605567973987,2169,3.678114204429994,0.041812958825406955,0.04172782553994548,0.013816394938111154,-0.04633560794950531,0.02928501376117159
2016-08-02,5328,3258,1396,465,2537,058643,RANDOM LENGTH LUMBER - CHICAGO MERCANTILE EXCHANGE,314.8999938964844,0.3888888888888889,-2072,8.411573098294692,1862,-5.88235294117647,0.14623584277148569,0.06596476149548776,-0.04633560794950531,0.05493813479156118,0.04109879448639142
2016-08-09,5408,3141,1360,592,2663,058643,RANDOM LENGTH LUMBER - CHICAGO MERCANTILE EXCHANGE,332.20001220703125,0.38295118343195267,-2071,0.01876876876876877,1781,-1.5202702702702704,0.07772657450076804,0.03399244612308376,0.05493813479156118,-0.026791162212588593,0.05378999881658254
2016-08-16,5332,3229,1249,480,2773,058643,RANDOM LENGTH LUMBER - CHICAGO MERCANTILE EXCHANGE,323.29998779296875,0.4300450112528132,-2293,-4.105029585798817,1980,3.679733727810651,0.06824469720258224,0.044439481911567665,-0.026791162212588593,0.005258312005009591,0.06730624657576903
2016-08-23,5148,3438,1176,278,2755,058643,RANDOM LENGTH LUMBER - CHICAGO MERCANTILE EXCHANGE,325.0,0.48115773115773114,-2477,-3.45086271567892,2262,5.288822205551388,0.07253544345532476,0.0611183355006502,0.005258312005009591,-0.03876924954927885,0.08209781184810352
2016-08-30,4300,2809,1040,276,1949,058643,RANDOM LENGTH LUMBER - CHICAGO MERCANTILE EXCHANGE,312.3999938964844,0.38906976744186045,-1673,15.61771561771562,1769,-9.576534576534575,0.36314606741573036,0.19875292283710055,-0.03876924954927885,0.00032012197653497054,0.09527836362003037
2016-09-06,3565,1985,1091,301,1222,058643,RANDOM LENGTH LUMBER - CHICAGO MERCANTILE EXCHANGE,312.5,0.25834502103786816,-921,17.488372093023255,894,-20.348837209302324,0.4937623112278398,0.28446033810143045,0.00032012197653497054,-0.008000000000000007,0.1061505657328292
2016-09-13,3102,1751,1000,300,1033,058643,RANDOM LENGTH LUMBER - CHICAGO MERCANTILE EXCHANGE,310.0,0.23629916183107672,-733,5.273492286115007,751,-4.011220196353436,0.14253563390847712,0.11813885859687387,-0.008000000000000007,-0.0119355232484879,0.11577343763599712
2016-09-20,3482,1840,1319,627,1116,058643,RANDOM LENGTH LUMBER - CHICAGO MERCANTILE EXCHANGE,306.29998779296875,0.14043653072946582,-489,7.865892972275951,521,-7.414571244358478,0.23522662076878945,0.1291547958214625,-0.0119355232484879,0.06496906695116533,0.12353685066841401
2016-09-27,3654,1854,1033,525,1384,058643,RANDOM LENGTH LUMBER - CHICAGO MERCANTILE EXCHANGE,326.20001220703125,0.2350848385331144,-859,-10.626076967260195,821,8.61573808156232,0.19381875327396542,0.10391409767925182,0.06496906695116533,0.01256890077409123,0.1343822785539452
2016-10-04,4073,2089,908,450,1737,058643,RANDOM LENGTH LUMBER - CHICAGO MERCANTILE EXCHANGE,330.29998779296875,0.3159833046894181,-1287,-11.713191023535853,1181,9.852216748768473,0.1957018747142204,0.12012012012012012,0.01256890077409123,0.0060551016467296215,0.14614421130993926
2016-10-11,4856,2642,926,483,2323,058643,RANDOM LENGTH LUMBER - CHICAGO MERCANTILE EXCHANGE,332.29998779296875,0.37891268533772654,-1840,-13.577215811441198,1716,13.135281119567885,0.22059871703492517,0.16003363228699552,0.0060551016467296215,-0.06500143358234134,0.15804195823895842
2016-10-18,4593,2378,883,542,2267,058643,RANDOM LENGTH LUMBER - CHICAGO MERCANTILE EXCHANGE,310.70001220703125,0.37557152188112347,-1725,2.368204283360791,1495,-4.551070840197694,0.04093983624065504,0.09414290095062865,-0.06500143358234134,-0.011586758809384312,0.16755230583618086
2016-10-25,3842,1937,1019,484,1718,058643,RANDOM LENGTH LUMBER - CHICAGO MERCANTILE EXCHANGE,307.1000061035156,0.321186881832379,-1234,10.690180709775746,918,-12.562595253646855,0.2756584922797457,0.19519621109607577,-0.011586758809384312,-0.02637579271419921,0.17430808746959323
2016-11-01,3926,1446,1279,1014,1530,058643,RANDOM LENGTH LUMBER - CHICAGO MERCANTILE EXCHANGE,299.0,0.1314314824248599,-516,18.68818323789693,167,-19.54711087975013,0.28223270440251574,0.27559633027522934,-0.02637579271419921,-0.004682253834395911,0.17787910915455704
2016-11-08,3895,1594,1613,1083,1427,058643,RANDOM LENGTH LUMBER - CHICAGO MERCANTILE EXCHANGE,297.6000061035156,0.08831835686777921,-344,4.381049414161997,-19,-4.737646459500764,0.06852589641434263,0.15029622700343,-0.004682253834395911,-0.025537654393972264,0.18229963384938383
2016-11-15,3873,1583,1574,1127,1489,058643,RANDOM LENGTH LUMBER - CHICAGO MERCANTILE EXCHANGE,290.0,0.09346759617867287,-362,-0.46213093709884473,9,0.7188703465982028,0.040519877675840976,0.015837820715869498,-0.025537654393972264,0.11206896551724133,0.18758435739453166
2016-11-22,3772,1558,1363,960,1445,058643,RANDOM LENGTH LUMBER - CHICAGO MERCANTILE EXCHANGE,322.5,0.12857900318133617,-485,-3.1758326878388843,195,4.802478698683191,0.08773388773388774,0.08079424854501883,0.11206896551724133,0.02418600866036824,0.1929257088156772
2016-11-29,3786,1575,1010,789,1615,058643,RANDOM LENGTH LUMBER - CHICAGO MERCANTILE EXCHANGE,330.29998779296875,0.21817221341785525,-826,-9.040296924708377,565,9.809119830328738,0.141846921797005,0.14313346228239845,0.02418600866036824,0.00333032438440517,0.19974950306671657
2016-12-06,3855,1562,861,845,1753,058643,RANDOM LENGTH LUMBER - CHICAGO MERCANTILE EXCHANGE,331.3999938964844,0.23553826199740596,-908,-2.165874273639725,701,3.5921817221341787,0.07467282525019246,0.06685926537350392,0.00333032438440517,-0.047978256455402546,0.2055561454992203
2016-12-13,3680,1442,1009,848,1492,058643,RANDOM LENGTH LUMBER - CHICAGO MERCANTILE EXCHANGE,315.5,0.175,-644,6.848249027237355,433,-6.95201037613489,0.11282051282051282,0.10934312525499797,-0.047978256455402546,-0.014580051041253927,0.20963674345521582
2016-12-20,4191,1439,1430,1261,1282,058643,RANDOM LENGTH LUMBER - CHICAGO MERCANTILE EXCHANGE,310.8999938964844,0.005010737294201861,-21,16.929347826086957,9,-11.521739130434783,0.2449862367282737,0.14778668525618682,-0.014580051041253927,-0.017690576095126143,0.2092719456628561
2016-12-27,4376,1340,1682,1511,1263,058643,RANDOM LENGTH LUMBER - CHICAGO MERCANTILE EXCHANGE,305.3999938964844,-0.056672760511883,248,6.418515867334765,-342,-8.375089477451683,0.0969718817591925,0.11614824619457313,-0.017690576095126143,0.03274394302505956,0.2084821749107895
2017-01-03,3954,1106,1758,1430,1095,058643,RANDOM LENGTH LUMBER - CHICAGO MERCANTILE EXCHANGE,315.3999938964844,-0.08472432979261507,335,1.9881170018281535,-652,-7.084095063985376,0.09861386138613862,0.10824022346368715,0.03274394302505956,-0.027583962770489134,0.2072601006953207
2017-01-10,3584,1078,1535,1388,1017,058643,RANDOM LENGTH LUMBER - CHICAGO MERCANTILE EXCHANGE,306.70001220703125,-0.103515625,371,0.9104704097116844,-457,4.931714719271624,0.0498960498960499,0.09605817068503636,-0.027583962770489134,0.09129442088544559,0.2086065065147644
2017-01-17,3738,1266,1321,1237,1478,058643,RANDOM LENGTH LUMBER - CHICAGO MERCANTILE EXCHANGE,334.70001220703125,0.06447298020331728,-241,-17.075892857142858,-55,11.216517857142858,0.225414364640884,0.1553923463471202,0.09129442088544559,-0.04152979954319369,0.21365779902532311
2017-01-24,3917,1227,1298,1442,1458,058643,RANDOM LENGTH LUMBER - CHICAGO MERCANTILE EXCHANGE,320.79998779296875,0.0040847587439366865,-16,6.019261637239166,-71,-0.4280363830925628,0.07758620689655173,0.024554455445544555,-0.04152979954319369,0.02867834338250841,0.21868068310937872
2017-01-31,3897,1221,1232,1354,1406,058643,RANDOM LENGTH LUMBER - CHICAGO MERCANTILE EXCHANGE,330.0,0.01334359763920965,-52,-0.9190707173857544,-11,1.5317845289762573,0.050724637681159424,0.029351814105177332,0.02867834338250841,0.09666664817116488,0.2243212531436445
2017-02-07,4437,1676,1225,1148,1958,058643,RANDOM LENGTH LUMBER - CHICAGO MERCANTILE EXCHANGE,361.8999938964844,0.18255578093306288,-810,-19.45085963561714,451,11.855273287143957,0.24404378622021894,0.1592554291623578,0.09666664817116488,0.009671180047052141,0.23264656105673326
2017-02-14,5065,2262,1372,766,2288,058643,RANDOM LENGTH LUMBER - CHICAGO MERCANTILE EXCHANGE,365.3999938964844,0.30049358341559723,-1522,-16.046878521523553,890,9.894072571557357,0.23313686967910938,0.20170610897083105,0.009671180047052141,-0.011220597077177819,0.2435605331807441
2017-02-21,5256,2701,1469,509,2365,058643,RANDOM LENGTH LUMBER - CHICAGO MERCANTILE EXCHANGE,361.2999877929687,0.3531202435312024,-1856,-6.594274432379072,1232,6.752221125370188,0.116214335421016,0.12853717026378897,-0.011220597077177819,0.014115710699769135,0.25355505734283795
2017-02-28,5888,3256,1151,467,2937,058643,RANDOM LENGTH LUMBER - CHICAGO MERCANTILE EXCHANGE,366.3999938964844,0.4194972826086957,-2470,-11.681887366818874,2105,16.60958904109589,0.18037602820211515,0.1980939414567733,0.014115710699769135,-0.01501091728062054,0.26413260230359276
2017-03-07,5726,3363,1273,479,2754,058643,RANDOM LENGTH LUMBER - CHICAGO MERCANTILE EXCHANGE,360.8999938964844,0.3973105134474328,-2275,3.3118206521739126,2090,-0.2547554347826087,0.060315496442932263,0.049396031061259706,-0.01501091728062054,-0.04073145452496041,0.26999616292908757
2017-03-14,4957,2719,1257,456,2245,058643,RANDOM LENGTH LUMBER - CHICAGO MERCANTILE EXCHANGE,346.20001220703125,0.36090377244300986,-1789,8.487600419140762,1462,-10.967516590988474,0.19696408737504628,0.1659959758551308,-0.04073145452496041,0.06932408767694609,0.2731871695420026
2017-03-21,5037,2547,1277,581,2225,058643,RANDOM LENGTH LUMBER - CHICAGO MERCANTILE EXCHANGE,370.2000122070313,0.32638475282906493,-1644,2.925156344563244,1270,-3.873310470042364,0.05167498218104063,0.0502092050209205,0.06932408767694609,-0.002701242482511801,0.2745450871508815
2017-03-28,5374,2713,1326,652,2262,058643,RANDOM LENGTH LUMBER - CHICAGO MERCANTILE EXCHANGE,369.2000122070313,0.29959062151097876,-1610,0.6750049632717888,1387,2.3228111971411556,0.03706245710363761,0.05323099777172567,-0.002701242482511801,0.01056336340069608,0.27406784534491774
2017-04-04,5728,2804,1381,645,2432,058643,RANDOM LENGTH LUMBER - CHICAGO MERCANTILE EXCHANGE,373.1000061035156,0.3119762569832402,-1787,-3.293636025307034,1423,0.6698920729438035,0.057523561910952224,0.03488649940262843,0.01056336340069608,0.0814794784217987,0.2742676329486857
2017-04-11,6318,2959,1441,837,2746,058643,RANDOM LENGTH LUMBER - CHICAGO MERCANTILE EXCHANGE,403.5,0.3021525799303577,-1909,-2.1298882681564244,1518,1.6585195530726258,0.14122243929667877,0.048863636363636366,0.0814794784217987,-0.045848822800495626,0.2735832970056143
2017-04-18,6217,2753,1491,792,2586,058643,RANDOM LENGTH LUMBER - CHICAGO MERCANTILE EXCHANGE,385.0,0.28856361589190926,-1794,1.820196264640709,1262,-4.051915163026274,0.06068679692125518,0.060320452403393024,-0.045848822800495626,0.00025975611302753165,0.272861196728949
2017-04-25,6044,2755,1569,812,2668,058643,RANDOM LENGTH LUMBER - CHICAGO MERCANTILE EXCHANGE,385.1000061035156,0.3070814030443415,-1856,-0.9972655621682484,1186,-1.2224545600772077,0.029310344827586206,0.018501387604070305,0.00025975611302753165,0.0002596886573116297,0.2717107845950306
2017-05-02,5816,2723,1601,828,2552,058643,RANDOM LENGTH LUMBER - CHICAGO MERCANTILE EXCHANGE,385.2000122070313,0.29642365887207706,-1724,2.183984116479153,1122,-1.0589013898080741,0.03905325443786982,0.014801110083256245,0.0002596886573116297,-0.01427829653609658,0.26907298559656523
2017-05-09,5483,2645,1600,678,2339,058643,RANDOM LENGTH LUMBER - CHICAGO MERCANTILE EXCHANGE,379.7000122070313,0.30293634871420755,-1661,1.0832187070151307,1045,-1.3239339752407153,0.12031819688432217,0.018610129564193167,-0.01427829653609658,-0.021069264532016962,0.26583155435303907
2017-05-16,4860,1709,1541,1090,1852,058643,RANDOM LENGTH LUMBER - CHICAGO MERCANTILE EXCHANGE,371.7000122070313,0.15679012345679014,-762,16.39613350355645,168,-15.994893306583988,0.305574439157036,0.30615384615384617,-0.021069264532016962,-0.02421307426534902,0.26016910935289395
2017-05-23,4947,1455,1505,1347,1936,058643,RANDOM LENGTH LUMBER - CHICAGO MERCANTILE EXCHANGE,362.7000122070313,0.11906205781281584,-589,3.5596707818930042,-50,-4.48559670781893,0.10386841303685654,0.09797297297297297,-0.02421307426534902,-0.04383794838415045,0.2542702253718706
2017-05-30,5018,1228,1380,1540,1901,058643,RANDOM LENGTH LUMBER - CHICAGO MERCANTILE EXCHANGE,346.79998779296875,0.07194101235552013,-361,4.6088538508186785,-152,-2.0618556701030926,0.06625980819529206,0.13496932515337423,-0.04383794838415045,0.02364478804978054,0.2485713204619658
2017-06-06,4830,1176,1378,1379,1616,058643,RANDOM LENGTH LUMBER - CHICAGO MERCANTILE EXCHANGE,355.0,0.04906832298136646,-237,2.4711040255081707,-202,-0.9964129135113591,0.14891485809682806,0.021143304620203602,0.02364478804978054,0.039154912384463,0.24298872849367323
2017-06-13,4244,1195,1119,1134,1554,058643,RANDOM LENGTH LUMBER - CHICAGO MERCANTILE EXCHANGE,368.8999938964844,0.09896324222431668,-420,-3.7888198757763973,76,5.755693581780538,0.11421130952380952,0.12013828867761452,0.039154912384463,-0.01436700428478721,0.24020152933010422
2017-06-20,4148,1247,1013,1035,1621,058643,RANDOM LENGTH LUMBER - CHICAGO MERCANTILE EXCHANGE,363.6000061035156,0.14127290260366443,-586,-3.9114043355325165,234,3.722902921771913,0.0625,0.06991150442477877,-0.01436700428478721,-0.027502749813356764,0.237630783103737
2017-06-27,4207,1175,1190,1130,1507,058643,RANDOM LENGTH LUMBER - CHICAGO MERCANTILE EXCHANGE,353.6000061035156,0.089612550511053,-377,5.038572806171649,-15,-6.002892960462874,0.07925673113386424,0.10528541226215644,-0.027502749813356764,0.09954745781070029,0.23462585516731863
2017-07-11,3732,1092,1036,1108,1587,058643,RANDOM LENGTH LUMBER - CHICAGO MERCANTILE EXCHANGE,388.7999877929687,0.12834941050375134,-479,-2.424530544330877,56,1.6876634181126695,0.03784786641929499,0.11137218045112782,0.09954745781070029,-0.008487623190785443,0.23005119290031598
2017-07-18,4133,1490,1101,890,1991,058643,RANDOM LENGTH LUMBER - CHICAGO MERCANTILE EXCHANGE,385.5,0.26639245100411324,-1101,-16.666666666666664,389,8.922829581993568,0.2158972578965637,0.1786954843689695,-0.008487623190785443,-0.021530448230787758,0.22657018225358894
2017-07-25,4552,1984,1235,785,2104,058643,RANDOM LENGTH LUMBER - CHICAGO MERCANTILE EXCHANGE,377.2000122070313,0.2897627416520211,-1319,-5.274618920880717,749,8.710379869344303,0.07545863620629976,0.19509164336750542,-0.021530448230787758,0.00980907096954775,0.22284174389549097
2017-08-01,4915,2211,1298,875,2169,058643,RANDOM LENGTH LUMBER - CHICAGO MERCANTILE EXCHANGE,380.8999938964844,0.26327568667344864,-1294,0.5492091388400703,913,3.6028119507908607,0.050919842312746384,0.08264462809917356,0.00980907096954775,-0.03386714125280388,0.21865230224276028
2017-08-08,4747,2058,1272,922,2173,058643,RANDOM LENGTH LUMBER - CHICAGO MERCANTILE EXCHANGE,368.0,0.26353486412471033,-1251,0.8748728382502543,786,-2.5839267548321465,0.016478190630048465,0.053753753753753755,-0.03386714125280388,0.015217407889988044,0.2162416479203722
2017-08-15,4378,1818,1260,853,2002,058643,RANDOM LENGTH LUMBER - CHICAGO MERCANTILE EXCHANGE,373.6000061035156,0.2624486066697122,-1149,2.148725510848957,558,-4.803033494838846,0.0840630472854641,0.08187134502923976,0.015217407889988044,-0.016059956911075535,0.21392429067494453
2017-08-22,4205,1769,1255,869,1886,058643,RANDOM LENGTH LUMBER - CHICAGO MERCANTILE EXCHANGE,367.6000061035156,0.24185493460166468,-1017,3.015075376884422,514,-1.0050251256281406,0.047912885662431945,0.017857142857142856,-0.016059956911075535,0.023666979175738012,0.2103052507393455
2017-08-29,4194,1782,1232,836,1937,058643,RANDOM LENGTH LUMBER - CHICAGO MERCANTILE EXCHANGE,376.2999877929687,0.2625178826895565,-1101,-1.9976218787158144,550,0.8561236623067776,0.030292102416155788,0.011944260119442602,0.023666979175738012,0.05341484654677764,0.2061006382688037
2017-09-05,4808,2173,1446,717,2276,058643,RANDOM LENGTH LUMBER - CHICAGO MERCANTILE EXCHANGE,396.3999938964844,0.3242512479201331,-1559,-10.920362422508346,727,4.220314735336195,0.1530237220180421,0.16717325227963525,0.05341484654677764,-0.0035317707316866453,0.20485412827800123
2017-09-12,5405,2577,1495,761,2792,058643,RANDOM LENGTH LUMBER - CHICAGO MERCANTILE EXCHANGE,395.0,0.3757631822386679,-2031,-9.816971713810316,1082,7.383527454242929,0.15761328454826906,0.1112475442043222,-0.0035317707316866453,-0.033417752422864044,0.2071121698395551
2017-09-19,5559,2630,1503,765,2748,058643,RANDOM LENGTH LUMBER - CHICAGO MERCANTILE EXCHANGE,381.7999877929687,0.3567188343227199,-1983,0.8880666049953747,1127,0.8325624421831638,0.013663535439795047,0.014759254778611178,-0.033417752422864044,0.01859614020565581,0.20942793277208668
2017-09-26,5780,2863,1528,836,2941,058643,RANDOM LENGTH LUMBER - CHICAGO MERCANTILE EXCHANGE,388.8999938964844,0.36418685121107264,-2105,-2.1946393236193558,1335,3.741680158301853,0.0698967434471803,0.058756547483488956,0.01859614020565581,0.05528413560665357,0.2137308235505791
2017-10-03,5673,3172,1605,621,2883,058643,RANDOM LENGTH LUMBER - CHICAGO MERCANTILE EXCHANGE,410.3999938964844,0.3987308302485457,-2262,-2.716262975778547,1567,4.013840830449826,0.0779109589041096,0.08080385178982626,0.05528413560665357,-0.007553621222269324,0.21687786185279895
2017-10-10,6162,3285,1738,876,3224,058643,RANDOM LENGTH LUMBER - CHICAGO MERCANTILE EXCHANGE,407.2999877929687,0.3810451152223304,-2348,-1.5159527586814736,1547,-0.35254715318173807,0.14536585365853658,0.048974716304997015,-0.007553621222269324,0.05205011746233423,0.21812905051689344
2017-10-17,6763,3536,1936,1138,3419,058643,RANDOM LENGTH LUMBER - CHICAGO MERCANTILE EXCHANGE,428.5,0.33727635664645866,-2281,1.0873093151574165,1600,0.8601103537812399,0.10028527540048278,0.08205409356725146,0.05205011746233423,0.028238053917189365,0.21732835188821517
2017-10-24,6836,3516,1998,1183,3401,058643,RANDOM LENGTH LUMBER - CHICAGO MERCANTILE EXCHANGE,440.6000061035156,0.32445874780573436,-2218,0.9315392577258613,1518,-1.2124796687860417,0.0137434554973822,0.014871236851650345,0.028238053917189365,0.04039942702312804,0.21634541392522696
2017-10-31,6775,3607,1771,885,3412,058643,RANDOM LENGTH LUMBER - CHICAGO MERCANTILE EXCHANGE,458.3999938964844,0.3729889298892989,-2527,-4.52018724400234,1836,4.651843183148039,0.07191063532697231,0.05912978802528821,0.04039942702312804,0.013961592455713712,0.2173416071570908
2017-11-07,6911,3934,1995,932,3462,058643,RANDOM LENGTH LUMBER - CHICAGO MERCANTILE EXCHANGE,464.7999877929687,0.36608305599768487,-2530,-0.04428044280442805,1939,1.5202952029520294,0.022075557578516158,0.09293304098498904,0.013961592455713712,0.017642023283967356,0.22185413741810667
2017-11-14,6901,3978,1999,834,3405,058643,RANDOM LENGTH LUMBER - CHICAGO MERCANTILE EXCHANGE,473.0,0.37255470221707,-2571,-0.5932571263203589,1979,0.5787874403125453,0.0365652276480302,0.008030784674585912,0.017642023283967356,-0.0881607023404467,0.22732022098251609
2017-11-21,6840,3797,2032,986,3345,058643,RANDOM LENGTH LUMBER - CHICAGO MERCANTILE EXCHANGE,431.2999877929687,0.3448830409356725,-2359,3.0720185480365165,1765,-3.1009998550934648,0.048949434310782726,0.036712986790186995,-0.0881607023404467,-0.011824659703875251,0.23215513338168917
2017-11-28,6401,3425,1927,927,2994,058643,RANDOM LENGTH LUMBER - CHICAGO MERCANTILE EXCHANGE,426.2000122070313,0.3229182940165599,-2067,4.269005847953217,1498,-3.903508771929825,0.10456516194848253,0.08912556053811659,-0.011824659703875251,-0.0086813986416171,0.2358924274362127
2017-12-05,6377,3406,1908,950,3115,058643,RANDOM LENGTH LUMBER - CHICAGO MERCANTILE EXCHANGE,422.5,0.3395013329151639,-2165,-1.5310107795656929,1498,0.0,0.035424354243542434,0.007150922092585623,-0.0086813986416171,0.002366863905325367,0.23822567973423786
2017-12-12,6320,3436,1953,859,2975,058643,RANDOM LENGTH LUMBER - CHICAGO MERCANTILE EXCHANGE,423.5,0.3348101265822785,-2116,0.7683863885839737,1483,-0.2352203230359103,0.06025039123630673,0.013917238819818148,0.002366863905325367,0.018181847005977136,0.2401347540531777
2017-12-19,6222,3568,2006,773,2842,058643,RANDOM LENGTH LUMBER - CHICAGO MERCANTILE EXCHANGE,431.2000122070313,0.3325297332047573,-2069,0.7436708860759493,1562,1.25,0.06058091286307054,0.033189809831359884,0.018181847005977136,0.048237447133888445,0.24316417199942306
2017-12-26,6198,3703,2156,879,2972,058643,RANDOM LENGTH LUMBER - CHICAGO MERCANTILE EXCHANGE,452.0,0.33768957728299454,-2093,-0.3857280617164899,1547,-0.2410800385728062,0.06128278369254739,0.04864311315924219,0.048237447133888445,,0.2495618419992075
