,Open_Interest_All,NonComm_Positions_Long_All,NonComm_Positions_Short_All,Comm_Positions_Long_All,Comm_Positions_Short_All,CFTC_Contract_Market_Code,Market_and_Exchange_Names,NG_Close,HP,NetLong_Comm,Q_Comm,NetLong_NonComm,Q_NonComm,PT_Comm,PT_NonComm,Ret,Ret_Lead,HP_Smooth_52w,Basis
2015-01-06,956917,229376,445516,368101,179920,023651,NATURAL GAS - NEW YORK MERCANTILE EXCHANGE,2.937999963760376,-0.19665341926206767,188181,,-216140,,,,,0.0017018769579963955,,
2015-01-13,984362,231928,452209,376397,180762,023651,NATURAL GAS - NEW YORK MERCANTILE EXCHANGE,2.943000078201294,-0.1987429421290135,195635,0.7789599306940936,-220281,-0.4327439056887901,0.01640106325124426,0.013513375245016715,0.0017018769579963955,-0.03805640012906841,,
2015-01-20,1019571,235474,444975,388733,206499,023651,NATURAL GAS - NEW YORK MERCANTILE EXCHANGE,2.8310000896453857,-0.17873595855511779,182234,-1.3613894075553505,-209501,1.0951255737218624,0.06396329498414063,0.015842480479800837,-0.03805640012906841,0.05298475881279163,,-0.018344497701271032
2015-01-27,1000469,221815,450669,392736,194858,023651,NATURAL GAS - NEW YORK MERCANTILE EXCHANGE,2.9809999465942383,-0.1977852387230389,197878,1.5343708285151305,-228854,-1.8981512812741832,0.026623825294335886,0.028778379857364637,0.05298475881279163,-0.07614894403201733,,0.0055281037198375545
2015-02-03,1014989,234625,475702,411294,197837,023651,NATURAL GAS - NEW YORK MERCANTILE EXCHANGE,2.753999948501587,-0.21030474221888118,213457,1.5571696874166017,-241077,-1.2217270100322948,0.035356926506777686,0.053275463272549124,-0.07614894403201733,-0.02795929708245426,,-0.014991490039501941
2015-02-10,1013349,240715,480466,400490,189598,023651,NATURAL GAS - NEW YORK MERCANTILE EXCHANGE,2.677000045776367,-0.20811388771292022,210892,-0.2527120983577162,-239751,0.13064180991124041,0.03227145781646128,0.015050313305536335,-0.02795929708245426,0.030631309586831357,,-0.02254726037786853
2015-02-17,1002010,241330,471809,388034,178573,023651,NATURAL GAS - NEW YORK MERCANTILE EXCHANGE,2.759000062942505,-0.20904082793584894,209461,-0.14121492200614005,-230479,0.9149858538371282,0.041441422361531005,0.013001672885650623,0.030631309586831357,0.05183033135342496,,-0.005136210956399133
2015-02-24,984419,245170,475899,379175,177512,023651,NATURAL GAS - NEW YORK MERCANTILE EXCHANGE,2.9019999504089355,-0.2048548433136703,201663,-0.7782357461502379,-230729,-0.024949850799892218,0.017819708381909403,0.01099756056632583,0.05183033135342496,-0.06547210905144385,,-0.005426346065448761
2015-03-03,983213,241751,476037,386286,175182,023651,NATURAL GAS - NEW YORK MERCANTILE EXCHANGE,2.711999893188477,-0.2147083083726517,211104,0.9590428465927617,-234286,-0.36132988087389617,0.016814849644147128,0.004955502181702675,-0.06547210905144385,0.007374712438346753,,-0.0027462086800064747
2015-03-10,973142,245046,466369,373749,173296,023651,NATURAL GAS - NEW YORK MERCANTILE EXCHANGE,2.7320001125335693,-0.20598535465533294,200453,-1.0832851070927663,-221323,1.3184325268278592,0.026365289875604384,0.01822143193494655,0.007374712438346753,0.0450219258687552,,0.0060725855549891026
2015-03-17,987946,247583,459836,376946,189920,023651,NATURAL GAS - NEW YORK MERCANTILE EXCHANGE,2.8550000190734863,-0.1893079176392232,187026,-1.379757527678386,-212253,0.9320325296822047,0.034965935512096334,0.012821255861095051,0.0450219258687552,-0.024168127937329364,,0.009642080529384433
2015-03-24,956871,230330,449615,376948,181883,023651,NATURAL GAS - NEW YORK MERCANTILE EXCHANGE,2.7860000133514404,-0.20385715524872214,195065,0.813708441554498,-219285,-0.7117797936324455,0.014385386637462846,0.04040620932575429,-0.024168127937329364,-0.05240484843775495,,-0.009354517052589594
2015-03-31,998123,242842,465459,397000,195509,023651,NATURAL GAS - NEW YORK MERCANTILE EXCHANGE,2.640000104904175,-0.20186990982073352,201491,0.6715638785165399,-222617,-0.34821830737894655,0.05683964294213253,0.04003382742647547,-0.05240484843775495,0.015151500099837678,,-0.006062423929800757
2015-04-07,997602,240329,466247,399307,193283,023651,NATURAL GAS - NEW YORK MERCANTILE EXCHANGE,2.680000066757202,-0.20651923312102421,206024,0.4541524441376464,-225918,-0.3307207628719106,0.007649470966435478,0.004671825819161704,0.015151500099837678,-0.05597018344440996,,-0.004108315183441857
2015-04-14,1029544,251898,483629,395368,182873,023651,NATURAL GAS - NEW YORK MERCANTILE EXCHANGE,2.5299999713897705,-0.20639720109096843,212495,0.6486554758310429,-231731,-0.5826973081449315,0.024814912813169596,0.03936089361777338,-0.05597018344440996,0.017786591621669512,,-0.02978718069573004
2015-04-21,1018282,247705,483289,392847,180587,023651,NATURAL GAS - NEW YORK MERCANTILE EXCHANGE,2.575000047683716,-0.20844913295138282,212260,-0.022825639312161503,-235584,-0.37424335433939687,0.008382830456512868,0.00620114528983822,0.017786591621669512,-0.022524305500580377,,-0.019039338416235282
2015-04-28,1027660,250166,504051,409583,178863,023651,NATURAL GAS - NEW YORK MERCANTILE EXCHANGE,2.5169999599456787,-0.2245100519627114,230720,1.8128573420722356,-253885,-1.7972428070023825,0.03137076299269602,0.03079087318371238,-0.022524305500580377,0.10448947780268059,,-0.011454451775035738
2015-05-05,1013527,243328,487315,408943,195790,023651,NATURAL GAS - NEW YORK MERCANTILE EXCHANGE,2.7799999713897705,-0.21030816149939766,213153,-1.7094175116283596,-243987,0.9631590214662438,0.029049183689330665,0.03226473120251614,0.10448947780268059,0.04208636841759961,,0.010885927817920174
2015-05-12,1018067,250527,490129,401696,199870,023651,NATURAL GAS - NEW YORK MERCANTILE EXCHANGE,2.8970000743865967,-0.1982443198728571,201826,-1.1175824620360386,-239602,0.43264757623625216,0.01882918914965274,0.013519096584649283,0.04208636841759961,0.01760437643338153,,0.034845321500635205
2015-05-19,1028741,262088,483066,392695,209907,023651,NATURAL GAS - NEW YORK MERCANTILE EXCHANGE,2.947999954223633,-0.17768126282514257,182788,-1.8700144489508057,-220978,1.8293491489263476,0.03159299172588209,0.02499349127831294,0.01760437643338153,-0.04274081732607571,,0.03480132673532751
2015-05-26,983234,259901,462162,363783,195851,023651,NATURAL GAS - NEW YORK MERCANTILE EXCHANGE,2.822000026702881,-0.17079555833097718,167932,-1.4440952581845188,-202261,1.8194083836456407,0.07677875182708699,0.031979204030673225,-0.04274081732607571,-0.04394049302122971,,0.02990811145112052
2015-06-02,1019431,282007,519459,393435,184183,023651,NATURAL GAS - NEW YORK MERCANTILE EXCHANGE,2.697999954223633,-0.20526352445628984,209252,4.202458417833395,-237452,-3.5791073132133344,0.07153516684036855,0.09907220019314605,-0.04394049302122971,0.05485545011802517,,-0.0067705096354090675
2015-06-09,1030892,274072,536133,407059,176136,023651,NATURAL GAS - NEW YORK MERCANTILE EXCHANGE,2.8459999561309814,-0.22400309634762905,230923,2.1257937025654505,-262061,-2.4139936886361117,0.03715909772888999,0.030373794286631162,0.05485545011802517,0.01686581096790829,,-0.0035617063010757516
2015-06-16,1051377,267088,505385,402074,197063,023651,NATURAL GAS - NEW YORK MERCANTILE EXCHANGE,2.8940000534057617,-0.19499285223093143,205011,-2.513551371045658,-238297,2.3051881283393407,0.04324887296227741,0.048845720174038446,0.01686581096790829,-0.05805113328735223,,-0.0037470236485101236
2015-06-23,1048052,274266,500827,401785,210092,023651,NATURAL GAS - NEW YORK MERCANTILE EXCHANGE,2.7260000705718994,-0.1829040925450264,191693,-1.266719739922026,-226561,1.1162504030428666,0.021765812410010507,0.015141408837391125,-0.05805113328735223,0.0388847923147706,,-0.0075963708110389746
2015-06-30,1036572,259926,490690,413046,216087,023651,NATURAL GAS - NEW YORK MERCANTILE EXCHANGE,2.8320000171661377,-0.19000995589307834,196959,0.5024559850083775,-230764,-0.40102971989939434,0.027428222649264943,0.03260921696313428,0.0388847923147706,-0.04096042950365919,-0.20077072879671684,0.01305316557226047
2015-07-07,1034726,272757,496300,407790,214831,023651,NATURAL GAS - NEW YORK MERCANTILE EXCHANGE,2.7160000801086426,-0.18648318492045238,192959,-0.3858873286177902,-223543,0.6966230999872657,0.010459011180156146,0.02397871679212334,-0.04096042950365919,0.045655313108720064,-0.20024156050500336,-0.01087414971829595
2015-07-14,1000887,248822,483000,391425,194321,023651,NATURAL GAS - NEW YORK MERCANTILE EXCHANGE,2.8399999141693115,-0.19692932368988708,197104,0.4005891414732016,-234178,-1.0278083280018093,0.06295390834935279,0.05087985876346981,0.045655313108720064,0.014788752317760334,-0.20012326633303493,-0.0036244246407053826
2015-07-21,1000364,245140,468569,384296,200874,023651,NATURAL GAS - NEW YORK MERCANTILE EXCHANGE,2.881999969482422,-0.18335525868583835,183422,-1.3669874821033743,-223429,1.0739474086485288,0.023381239639762803,0.025378690754915518,0.014788752317760334,-0.02116581226447689,-0.19954505917278678,0.014486666758275125
2015-07-28,962054,243797,452239,372905,198066,023651,NATURAL GAS - NEW YORK MERCANTILE EXCHANGE,2.821000099182129,-0.18173512089757957,174839,-0.8579876924799372,-208442,1.4981546716995013,0.02486816318166772,0.02539092805544541,-0.02116581226447689,-0.003190380229023848,-0.1989513945636132,-0.00042063253887773247
2015-08-04,973594,249503,462090,385749,203277,023651,NATURAL GAS - NEW YORK MERCANTILE EXCHANGE,2.812000036239624,-0.1874210399817583,182472,0.7934066071135301,-212587,-0.43084899600230336,0.030652297182127784,0.021862216182565033,-0.003190380229023848,0.011379823768653319,-0.19857944764161786,0.008981513417159751
2015-08-11,970067,242678,457062,373660,190367,023651,NATURAL GAS - NEW YORK MERCANTILE EXCHANGE,2.8440001010894775,-0.18894880456710722,183293,0.08432673167665371,-214384,-0.1845738572752092,0.04432234627065726,0.01693914882670706,0.011379823768653319,-0.04922647676789593,-0.1982784900455394,0.00045299328127749793
2015-08-18,977912,255360,481630,386888,191618,023651,NATURAL GAS - NEW YORK MERCANTILE EXCHANGE,2.7039999961853027,-0.1996805438526166,195270,1.234656987610134,-226270,-1.2252761922630087,0.02502826245535915,0.05054342664079567,-0.04922647676789593,-0.007026646979499396,-0.19832097652454175,-0.01567289200432444
2015-08-25,942081,253242,473314,390878,198421,023651,NATURAL GAS - NEW YORK MERCANTILE EXCHANGE,2.684999942779541,-0.2042892277840228,192457,-0.28765369481098507,-220072,0.6337993602696357,0.018314981019821857,0.014360902669580872,-0.007026646979499396,0.006331456353060538,-0.1984965133262912,-0.012088694776987832
2015-09-01,922375,239013,465394,396246,195149,023651,NATURAL GAS - NEW YORK MERCANTILE EXCHANGE,2.7019999027252197,-0.21802087003659032,201097,0.9171185917134514,-226381,-0.6696876383240932,0.014609524936801968,0.03144346947148453,0.006331456353060538,0.00296082002582021,-0.1990543520894426,-0.009682182323683335
2015-09-08,927167,237208,459630,391710,199015,023651,NATURAL GAS - NEW YORK MERCANTILE EXCHANGE,2.7100000381469727,-0.2078320302599208,192695,-0.9109093373085784,-222422,0.4292180512264534,0.014223200304710314,0.010861921996217199,0.00296082002582021,0.006642024801866153,-0.199298176483067,-0.01180967231822033
2015-09-15,904256,228796,441095,372253,189460,023651,NATURAL GAS - NEW YORK MERCANTILE EXCHANGE,2.7279999256134033,-0.20214740073607473,182793,-1.0679845162737673,-212299,1.0918205673843007,0.0516491517910392,0.04022594720633655,0.006642024801866153,-0.055351916057780115,-0.19937518254395908,0.00222443765338924
2015-09-22,905773,246133,467257,367417,171260,023651,NATURAL GAS - NEW YORK MERCANTILE EXCHANGE,2.5769999027252197,-0.21656309031070697,196157,1.4779000636987756,-221124,-0.975940441644844,0.042764031135541336,0.06097506272866174,-0.055351916057780115,0.0034924576182511213,-0.19982749590624194,-0.00990327971654103
2015-09-29,906840,254270,475338,377656,178732,023651,NATURAL GAS - NEW YORK MERCANTILE EXCHANGE,2.5859999656677246,-0.21935953420669577,198924,0.30548492834297336,-221068,0.006182564505676367,0.03183210277719865,0.022228374688874026,0.0034924576182511213,-0.04485689814289806,-0.20032831740112536,-0.010620350202999836
2015-10-06,943756,265394,487233,386072,185757,023651,NATURAL GAS - NEW YORK MERCANTILE EXCHANGE,2.4700000286102295,-0.21225295521299997,200315,0.1533897931277844,-221839,-0.08502051078470292,0.027002827768441266,0.030584871390476293,-0.04485689814289806,0.011335982836179204,-0.20062643334642222,-0.02277599798888701
2015-10-13,967718,258713,478564,393386,194037,023651,NATURAL GAS - NEW YORK MERCANTILE EXCHANGE,2.497999906539917,-0.2059990617101263,199349,-0.10235696514777125,-219851,0.2106476674055582,0.026546458003857527,0.02081985468148335,0.011335982836179204,-0.00880698030068805,-0.20075747306261016,-0.021576194442291422
2015-10-20,989765,265324,481655,385608,192392,023651,NATURAL GAS - NEW YORK MERCANTILE EXCHANGE,2.4760000705718994,-0.19521401544811143,193216,-0.6337590083061387,-216331,0.36374232989362604,0.016302768166089967,0.012988316940636886,-0.00880698030068805,-0.15508887398933302,-0.20062548597655064,-0.009756297771065972
2015-10-27,990658,260265,476781,390683,200480,023651,NATURAL GAS - NEW YORK MERCANTILE EXCHANGE,2.0920000076293945,-0.1919966325411999,190203,-0.304415694634585,-216516,-0.018691305511914443,0.02226627850525151,0.013476770784998494,-0.15508887398933302,0.07695985313780285,-0.20042481496642622,-0.050613727870647864
2015-11-03,1046280,273090,490742,412795,218730,023651,NATURAL GAS - NEW YORK MERCANTILE EXCHANGE,2.253000020980835,-0.18548094200405246,194065,0.3898419030583713,-217652,-0.11467125890064987,0.06391195914651043,0.035067920694603,0.07695985313780285,0.02973808772216291,-0.20008518149000862,-0.019080892480012154
2015-11-10,998745,256345,468231,384827,197787,023651,NATURAL GAS - NEW YORK MERCANTILE EXCHANGE,2.319999933242798,-0.18727503016285438,187040,-0.6714263868180602,-211886,0.5510953090950798,0.08395095208834666,0.05417789162213488,0.02973808772216291,0.021982810225485316,-0.19980051146051633,-0.014402701100691936
2015-11-17,1004080,250242,467988,396986,203790,023651,NATURAL GAS - NEW YORK MERCANTILE EXCHANGE,2.371000051498413,-0.192410963269859,193196,0.6163735488037487,-217746,-0.5867363541244262,0.030230901367564615,0.008835609762889326,0.021982810225485316,-0.07212146777754369,-0.19963986910854548,-0.0066239205287842995
2015-11-24,990097,241037,453780,387492,201391,023651,NATURAL GAS - NEW YORK MERCANTILE EXCHANGE,2.200000047683716,-0.18796239156365488,186101,-0.7066170026292726,-212743,0.4982670703529599,0.020195862335981852,0.03369664242527169,-0.07212146777754369,0.01409086283573524,-0.19939141213950526,0.01404078602489931
2015-12-01,1005820,238720,454053,394017,206638,023651,NATURAL GAS - NEW YORK MERCANTILE EXCHANGE,2.2309999465942383,-0.18629476447078006,187379,0.1290782620288719,-215333,-0.261590531028778,0.019598604856365134,0.0037385983576149764,0.01409086283573524,-0.07216495616560503,-0.19911856531307348,-0.0015786721960205977
2015-12-08,1001636,231744,444349,426947,238458,023651,NATURAL GAS - NEW YORK MERCANTILE EXCHANGE,2.069999933242798,-0.18818113566205688,188489,0.11035771808076993,-212605,0.27122149092282916,0.09730915758072152,0.02467116210343843,-0.07216495616560503,-0.11980672199897513,-0.19889535246305276,-0.027425861928970827
2015-12-15,1034263,237456,442695,449667,268685,023651,NATURAL GAS - NEW YORK MERCANTILE EXCHANGE,1.8220000267028809,-0.17498643961932314,180982,-0.7494738607637904,-205239,0.7353968906868363,0.07370620531438626,0.010829948055652348,-0.11980672199897513,0.03622392084189241,-0.19841717420617816,-0.06453912996612675
2015-12-22,997935,233833,439039,443786,262970,023651,NATURAL GAS - NEW YORK MERCANTILE EXCHANGE,1.888000011444092,-0.18119015767560012,180816,-0.01605007623786213,-205206,0.0031906778063219895,0.016407359824324095,0.010817807844582625,0.03622392084189241,0.2563559134752713,-0.19807938956832366,-0.03605651707254768
2015-12-29,982886,221578,429450,439046,254084,023651,NATURAL GAS - NEW YORK MERCANTILE EXCHANGE,2.371999979019165,-0.18818255626797004,184962,0.4154579206060515,-207872,-0.26715166819482233,0.019658649892516554,0.03355308834643057,0.2563559134752713,-0.01981447375681844,-0.19788906585100918,0.024840932359373555
2016-01-05,935925,206509,400859,405438,232463,023651,NATURAL GAS - NEW YORK MERCANTILE EXCHANGE,2.325000047683716,-0.18481715949461763,172975,-1.2195717509456845,-194350,1.3757444912227867,0.08657926543460506,0.07188393198192858,-0.01981447375681844,-0.029247344863084668,-0.19766144547086592,0.037526644066987545
2016-01-12,901080,205853,387963,364069,203059,023651,NATURAL GAS - NEW YORK MERCANTILE EXCHANGE,2.256999969482422,-0.17868557730723134,161010,-1.2784144028634772,-182110,1.3077970991265326,0.12479193409600654,0.022821884220027754,-0.029247344863084668,-0.07354891077461845,-0.1972757269166009,0.05909828477937062
2016-01-19,911328,207710,387124,365236,210334,023651,NATURAL GAS - NEW YORK MERCANTILE EXCHANGE,2.0910000801086426,-0.1699739281575898,154902,-0.6778532427753362,-179414,0.2991965197318773,0.014667199471827926,0.004532356926470242,-0.07354891077461845,0.04256335879429307,-0.19710722633203304,0.032889459168984156
2016-01-26,895870,209534,386601,360865,207650,023651,NATURAL GAS - NEW YORK MERCANTILE EXCHANGE,2.180000066757202,-0.17102369763470146,153215,-0.18511447031145756,-177067,0.257536254784227,0.012409523055680148,0.003937027686681708,0.04256335879429307,-0.0711009021299418,-0.19659258131110346,-0.020214791727328558
2016-02-02,947373,213561,411458,384237,212319,023651,NATURAL GAS - NEW YORK MERCANTILE EXCHANGE,2.0250000953674316,-0.18146812290407263,171918,2.0876912944958534,-197897,-2.3251141348633175,0.04700480759559874,0.046212995124948204,-0.0711009021299418,0.03604935841269041,-0.19603803093966482,-0.03338456438147765
2016-02-09,955454,218211,407670,384431,221116,023651,NATURAL GAS - NEW YORK MERCANTILE EXCHANGE,2.0980000495910645,-0.17092921270935074,163315,-0.9080900553425104,-189459,0.8906734728559924,0.01484773271108601,0.013481796060273438,0.03604935841269041,-0.09294568533975778,-0.19532294103575004,-0.01664707070881254
2016-02-16,1011059,242124,420222,388251,236095,023651,NATURAL GAS - NEW YORK MERCANTILE EXCHANGE,1.902999997138977,-0.15049171215527482,152156,-1.1679264517182408,-178098,1.189068233530866,0.0301099070066918,0.05505430696342999,-0.09294568533975778,-0.0635838421861944,-0.19419699650150823,-0.021589860363151237
2016-02-23,1034296,249826,438434,395564,229616,023651,NATURAL GAS - NEW YORK MERCANTILE EXCHANGE,1.781999945640564,-0.16044536573669432,165948,1.3641142603942995,-188608,-1.0395041238938578,0.02206084647621485,0.037651468921628455,-0.0635838421861944,-0.02244666839125453,-0.19334296808656637,-0.04908023743795587
2016-03-01,1042618,258860,450443,395797,229070,023651,NATURAL GAS - NEW YORK MERCANTILE EXCHANGE,1.7419999837875366,-0.159911875682177,166727,0.07531693054986194,-191583,-0.28763526108580134,0.0012466652903737915,0.029667152119757,-0.02244666839125453,-0.017221568122258724,-0.19228919053482646,-0.036385713316773316
2016-03-08,1072608,261978,469325,410441,231796,023651,NATURAL GAS - NEW YORK MERCANTILE EXCHANGE,1.712000012397766,-0.1665519928995495,178645,1.1430840442041093,-207347,-1.5119631542904495,0.02704609046193228,0.03008328968977291,-0.017221568122258724,0.08119155254570698,-0.19153085665490754,-0.05029320623179556
2016-03-15,1109271,264989,468371,439615,259609,023651,NATURAL GAS - NEW YORK MERCANTILE EXCHANGE,1.85099995136261,-0.16227414220690886,180006,0.12688698946865956,-203382,0.3696597452191295,0.08150034895827374,0.005406621577397186,0.08119155254570698,0.006483027681608355,-0.1910109763581323,-0.005530396026085193
2016-03-22,1070818,255088,434965,408606,251167,023651,NATURAL GAS - NEW YORK MERCANTILE EXCHANGE,1.8630000352859497,-0.14702685236893664,157439,-2.0343991684628913,-179877,2.1189592083449402,0.059794808214340384,0.06275894750113398,0.006483027681608355,0.02147072522566429,-0.18991808591813644,0.011930137987020743
2016-03-29,1073459,247889,415582,414170,268370,023651,NATURAL GAS - NEW YORK MERCANTILE EXCHANGE,1.902999997138977,-0.13582260710469612,145800,-1.0869260696028644,-167693,1.137821740015577,0.03335628681102939,0.04006505182592758,0.02147072522566429,0.02679978934471916,-0.18864794548128955,0.02272084977986512
2016-04-05,1094070,252928,391253,408313,290996,023651,NATURAL GAS - NEW YORK MERCANTILE EXCHANGE,1.9539999961853027,-0.10722988474229254,117317,-2.6533849918813854,-138325,2.735828755453166,0.04073020653244846,0.04558967122594426,0.02679978934471916,0.02558851198254697,-0.1867385349355447,0.033421501045924
2016-04-12,1131760,261744,404112,425040,310770,023651,NATURAL GAS - NEW YORK MERCANTILE EXCHANGE,2.003999948501587,-0.10096663603590868,114270,-0.27850137559753946,-142368,-0.3695375981427148,0.049606556040282135,0.032552083333333336,0.02558851198254697,0.04191622394453076,-0.18471102406910128,0.019886460604260563
2016-04-19,1157059,282677,416008,411484,310436,023651,NATURAL GAS - NEW YORK MERCANTILE EXCHANGE,2.0880000591278076,-0.08733176095601002,101048,-1.1682688909309393,-133331,0.7984908461157844,0.019240359042553192,0.04698683956289315,0.04191622394453076,-0.026819919871719833,-0.18238184383842101,0.028532851497476745
2016-04-26,1098995,260490,376942,406460,323390,023651,NATURAL GAS - NEW YORK MERCANTILE EXCHANGE,2.0320000648498535,-0.07558724107025054,83070,-1.5537669211336673,-116452,1.458784729214327,0.024632458724395425,0.09609338721620503,-0.026819919871719833,0.026574753491388936,-0.17951794362895063,0.016730414202214827
2016-05-03,1106944,259393,400883,415136,309563,023651,NATURAL GAS - NEW YORK MERCANTILE EXCHANGE,2.0859999656677246,-0.09537338835568918,105573,2.0475980327481014,-141490,-2.278263322399101,0.031051512421018935,0.03792050597023063,0.026574753491388936,0.03451583311979278,-0.17730765953003313,0.016675087114220857
2016-05-10,1073563,270162,404749,373027,274275,023651,NATURAL GAS - NEW YORK MERCANTILE EXCHANGE,2.1579999923706055,-0.09198528637816318,98752,-0.6162010002312673,-134587,0.6236087823774282,0.11956860939715928,0.021684340601946035,0.03451583311979278,-0.05097307483073166,-0.1752642165782121,0.018867604682078133
2016-05-17,1088763,288035,420490,385917,288186,023651,NATURAL GAS - NEW YORK MERCANTILE EXCHANGE,2.0480000972747803,-0.08976333692456485,97731,-0.09510387373633405,-132455,0.19859104682258982,0.03975801917511122,0.04744222151653082,-0.05097307483073166,-0.03320316160715997,-0.17357348723397023,-0.00418434419331409
2016-05-24,1076282,276097,432788,407436,281213,023651,NATURAL GAS - NEW YORK MERCANTILE EXCHANGE,1.9800000190734863,-0.11727688468263894,126223,2.616914792291803,-156691,-2.2260124563380645,0.04137376225043527,0.03418890229021632,-0.03320316160715997,0.15555559836921673,-0.1725442819715022,-0.00578813141659322
2016-05-31,1075414,276654,439031,406769,269877,023651,NATURAL GAS - NEW YORK MERCANTILE EXCHANGE,2.288000106811523,-0.12729237298379972,136892,0.991282953724024,-162377,-0.5283002038499204,0.01773896542653027,0.009501386783291531,0.15555559836921673,0.08129364581171128,-0.17104483675087737,0.026129432321841662
2016-06-07,1051119,252347,405570,388110,263171,023651,NATURAL GAS - NEW YORK MERCANTILE EXCHANGE,2.4739999771118164,-0.11886284997226765,124939,-1.1114789281151258,-153223,0.8512070700214057,0.038946322708631145,0.08780438869948641,0.08129364581171128,0.05254653017122579,-0.16902290893596655,0.037457864031799466
2016-06-14,1073841,265034,415686,407763,296629,023651,NATURAL GAS - NEW YORK MERCANTILE EXCHANGE,2.6040000915527344,-0.1034920439804403,111134,-1.313362235864826,-150652,0.24459647290173614,0.07539977739667685,0.033498354683276534,0.05254653017122579,0.06297995013352908,-0.16726327800807253,0.06208064664938956
2016-06-21,1075469,272504,413062,397327,295314,023651,NATURAL GAS - NEW YORK MERCANTILE EXCHANGE,2.7679998874664307,-0.09485443095058993,102013,-0.8493808673723577,-140558,0.939990184766646,0.016965498721559943,0.014723600645306215,0.06297995013352908,0.05382954259548778,-0.1655700152851026,0.08442747845851277
2016-06-28,1063784,261331,399138,442605,343278,023651,NATURAL GAS - NEW YORK MERCANTILE EXCHANGE,2.9170000553131104,-0.09337139870500026,99327,-0.24975150376254454,-137807,0.2557953785743708,0.11864615979732351,0.037998755429853634,0.05382954259548778,-0.052451187331857385,-0.16371158149302414,0.06077747336038459
2016-07-05,1057182,254638,389930,439939,344707,023651,NATURAL GAS - NEW YORK MERCANTILE EXCHANGE,2.763999938964844,-0.09008098889311396,95232,-0.38494656810029104,-135292,0.2364201755243546,0.0052189140070809,0.024669235829268596,-0.052451187331857385,-0.010853824910360244,-0.16185769310788303,0.028807266406401535
2016-07-12,1022505,252657,391525,387338,292317,023651,NATURAL GAS - NEW YORK MERCANTILE EXCHANGE,2.7339999675750732,-0.09292961892606882,95021,-0.01995872044737803,-138868,-0.33825774559158217,0.15447690372321252,0.00555122620625848,-0.010853824910360244,-0.002194602060288875,-0.1598576987855019,0.013287449662929872
2016-07-19,1007203,252767,389302,372040,276183,023651,NATURAL GAS - NEW YORK MERCANTILE EXCHANGE,2.7279999256134033,-0.0951714798307789,95857,0.08175999139368512,-136535,0.22816514344673133,0.04848948587137451,0.003633565862858976,-0.002194602060288875,-0.0058651146851951275,-0.15816185688444312,-0.002921782178220825
2016-07-26,960843,253593,379641,338198,251918,023651,NATURAL GAS - NEW YORK MERCANTILE EXCHANGE,2.711999893188477,-0.08979614775775023,86280,-0.9508510201022039,-126048,1.0412002347093883,0.09846708104847182,0.016561018517641187,-0.0058651146851951275,0.007743417290903665,-0.15639379970867712,-0.01800225483159072
2016-08-02,1008978,261115,363977,364827,298297,023651,NATURAL GAS - NEW YORK MERCANTILE EXCHANGE,2.7330000400543213,-0.0659380085591559,66530,-2.0554866924148896,-102862,2.413089339257298,0.11009705575427824,0.037092140036986555,0.007743417290903665,-0.043176007606363864,-0.15405758756593477,-0.0027964374803531623
2016-08-09,1055048,258497,373083,391576,314840,023651,NATURAL GAS - NEW YORK MERCANTILE EXCHANGE,2.615000009536743,-0.07273223587931545,76736,1.0115185861336917,-114586,-1.161967852619185,0.06128400262734706,0.01856296906171823,-0.043176007606363864,0.0007648540928446579,-0.15182265355270802,-0.010932620674774646
2016-08-16,1097985,251881,386710,431917,331302,023651,NATURAL GAS - NEW YORK MERCANTILE EXCHANGE,2.617000102996826,-0.0916360423867357,100615,2.2633093470628824,-134829,-1.9186804770967767,0.07442555806393708,0.03169947587736125,0.0007648540928446579,0.05502476473817586,-0.14974487467836414,-0.010184903217336226
2016-08-23,1069552,261300,380030,394133,312842,023651,NATURAL GAS - NEW YORK MERCANTILE EXCHANGE,2.760999917984009,-0.07600471973312191,81291,-1.7599511833039614,-118730,1.4662313237430384,0.07955585416740338,0.0251025213228759,0.05502476473817586,0.023904377653658937,-0.1472778649081545,0.0050763506309646576
2016-08-30,1037375,284422,380357,368213,310779,023651,NATURAL GAS - NEW YORK MERCANTILE EXCHANGE,2.8269999027252197,-0.055364742740089165,57434,-2.230560084970156,-95935,2.131266174996634,0.041212562150953175,0.03527337656574591,0.023904377653658937,-0.03891047006750359,-0.14414986246014488,0.00908807527664018
2016-09-06,1052129,279173,355698,369593,326026,023651,NATURAL GAS - NEW YORK MERCANTILE EXCHANGE,2.7170000076293945,-0.04140842045034401,43567,-1.3367393661886975,-76525,1.8710688034702976,0.023902452348196355,0.047108782729089846,-0.03891047006750359,0.07066614343865396,-0.1409494084253453,0.010144254231283551
2016-09-13,1033073,296410,373545,340212,299787,023651,NATURAL GAS - NEW YORK MERCANTILE EXCHANGE,2.9089999198913574,-0.039130826185564814,40425,-0.2986325821263362,-77135,-0.05797768144400544,0.0869063857912278,0.052367696337813734,0.07066614343865396,0.04743898770861632,-0.137814474299374,0.027295275348517962
2016-09-20,1083994,313136,388533,350757,317530,023651,NATURAL GAS - NEW YORK MERCANTILE EXCHANGE,3.046999931335449,-0.030652383684780543,33227,-0.696756182767336,-75397,0.16823593298827866,0.042329119076085574,0.045197949460500604,0.04743898770861632,-0.01673773580122262,-0.13423926840272155,0.02544819017543507
2016-09-27,1067097,319528,367173,341913,342902,023651,NATURAL GAS - NEW YORK MERCANTILE EXCHANGE,2.996000051498413,0.0009268135886428319,-989,-3.1564750358396814,-47645,2.56016177211313,0.04996385885239079,0.04041351330491728,-0.01673773580122262,-0.010680929339052958,-0.1300029924835804,0.01549358347139469
2016-10-04,1103354,315705,383002,360384,336402,023651,NATURAL GAS - NEW YORK MERCANTILE EXCHANGE,2.9639999866485596,-0.02173554453058583,23982,2.3400871710819167,-67297,-1.8416320165833098,0.03583740201439179,0.02812623889555994,-0.010680929339052958,0.09210526421629095,-0.12633919612430322,0.022418434950755774
2016-10-11,1135059,341581,396087,341253,329307,023651,NATURAL GAS - NEW YORK MERCANTILE EXCHANGE,3.236999988555908,-0.010524563040335349,11946,-1.0908556999838674,-54506,1.1592834212773053,0.03911059413027917,0.05281644316955595,0.09210526421629095,0.008032135613254221,-0.12258007114988417,0.027645708099817704
2016-10-18,1184871,350562,381687,357719,376173,023651,NATURAL GAS - NEW YORK MERCANTILE EXCHANGE,3.263000011444092,0.015574691253309432,-18454,-2.678274873817132,-31125,2.0598929218657354,0.08629607626190229,0.03193039526172108,0.008032135613254221,-0.149862114710682,-0.11852644217485683,0.018016409107221153
2016-10-25,1143189,341284,357198,354472,382284,023651,NATURAL GAS - NEW YORK MERCANTILE EXCHANGE,2.7739999294281006,0.024328435630503794,-27812,-0.789790618556788,-15914,1.2837684439909494,0.012701627132999256,0.04834340756096793,-0.149862114710682,0.046142762882918964,-0.11436634471001637,-0.015216598496152705
2016-11-01,1153045,300886,367344,398856,371476,023651,NATURAL GAS - NEW YORK MERCANTILE EXCHANGE,2.9019999504089355,-0.023745820848275652,27380,4.827898099089476,-66458,-4.421316160319947,0.0716470301116921,0.07563862741870314,0.046142762882918964,-0.09269471330206447,-0.11125605391855914,-0.0008958891884575318
2016-11-08,1172127,298551,372119,430552,389856,023651,NATURAL GAS - NEW YORK MERCANTILE EXCHANGE,2.632999897003174,-0.034719787190295934,40696,1.1548551877853857,-73568,-0.6166281454756753,0.06103792259461146,0.010601338959547915,-0.09269471330206447,0.028864495478920782,-0.10832229924600995,-0.04824057172113345
2016-11-15,1193024,305123,395985,458997,395600,023651,NATURAL GAS - NEW YORK MERCANTILE EXCHANGE,2.7090001106262207,-0.05313975242744488,63397,1.9367355243928346,-90862,-1.4754373886106198,0.04000599112798196,0.043414138763214795,0.028864495478920782,0.10077519038721672,-0.10564400672980967,-0.04278996346472826
2016-11-22,1157763,294845,384513,440123,371815,023651,NATURAL GAS - NEW YORK MERCANTILE EXCHANGE,2.9820001125335693,-0.05899998531651124,68308,0.4116430180784293,-89668,0.1000818089158307,0.05253972593966534,0.03201552053556446,0.10077519038721672,0.11166999735756744,-0.10316396045582613,0.020559138972722373
2016-11-29,1153565,287723,365399,432202,379874,023651,NATURAL GAS - NEW YORK MERCANTILE EXCHANGE,3.315000057220459,-0.045361986537386274,52328,-1.3802479436637725,-77676,1.0357905719909861,0.019677961176047563,0.04017013666665646,0.11166999735756744,0.09653089825618566,-0.1004537147263378,0.03648017523084158
2016-12-06,1200726,291549,359094,444531,414970,023651,NATURAL GAS - NEW YORK MERCANTILE EXCHANGE,3.634999990463257,-0.02461927200710237,29561,-1.973620905627338,-67545,0.8782339963504441,0.05517736454058809,0.015570750780381868,0.09653089825618566,-0.044291613142734,-0.09730829427143481,0.08108230129644681
2016-12-13,1240708,328643,343103,448819,478536,023651,NATURAL GAS - NEW YORK MERCANTILE EXCHANGE,3.4739999771118164,0.02395164696286314,-29717,-4.936846541175922,-14460,4.421075249474068,0.07316939036291388,0.07902540543598324,-0.044291613142734,-0.06073689322333964,-0.093482561837162,0.06407383651454222
2016-12-20,1208078,317261,317141,436658,476899,023651,NATURAL GAS - NEW YORK MERCANTILE EXCHANGE,3.263000011444092,0.03330993528563553,-40241,-0.8482253680962806,120,1.1751354871573327,0.015103600541619187,0.05886488378031595,-0.06073689322333964,0.1526202589008019,-0.08935756004944594,0.025466066872519563
2016-12-27,1221230,323255,323488,433325,478271,023651,NATURAL GAS - NEW YORK MERCANTILE EXCHANGE,3.760999917984009,0.03680387805736839,-44946,-0.38946160761142906,-233,-0.029219967584874485,0.005161277583490932,0.019081768183034066,0.1526202589008019,-0.11539484837091518,-0.08503089785088173,0.03539674059788249
2017-01-03,1231340,330308,330949,432968,473859,023651,NATURAL GAS - NEW YORK MERCANTILE EXCHANGE,3.3269999027252197,0.03320853704094726,-40891,0.3320422852370151,-641,-0.03340894016688093,0.005258996478931483,0.02194910602080583,-0.11539484837091518,-0.014727919389722954,-0.08083809599442858,-0.017096082732794105
2017-01-10,1217323,298665,332392,458252,466259,023651,NATURAL GAS - NEW YORK MERCANTILE EXCHANGE,3.2780001163482666,0.006577547618832471,-8007,2.670586515503435,-33727,-2.6869914077346633,0.03556907381307524,0.05242949527538717,-0.014727919389722954,0.04087852952037219,-0.07727534359200425,-0.009605839223225887
2017-01-17,1192444,301829,309790,434443,464716,023651,NATURAL GAS - NEW YORK MERCANTILE EXCHANGE,3.4119999408721924,0.025387355716494864,-30273,-1.829095482464391,-7961,2.116611614173067,0.02819523577031426,0.042127533644311245,0.04087852952037219,-0.038980040828832996,-0.07351839582519494,0.01571979914479726
2017-01-24,1153693,296993,319730,431485,448289,023651,NATURAL GAS - NEW YORK MERCANTILE EXCHANGE,3.2790000438690186,0.014565399980757445,-16804,1.1295289338534975,-22737,-1.2391357581571965,0.022034067840149857,0.023958892403883103,-0.038980040828832996,-0.0494052878026322,-0.06994937471720536,-0.03258111669648025
2017-01-31,1174390,308414,334523,437668,454369,023651,NATURAL GAS - NEW YORK MERCANTILE EXCHANGE,3.117000102996826,0.014220999838213882,-16701,0.00892785169018101,-26109,-0.29227879513874144,0.013747187616657157,0.04077226851153379,-0.0494052878026322,0.004170680466642596,-0.06618612235677676,-0.015680986158445254
2017-02-07,1195477,309178,350428,428582,427760,023651,NATURAL GAS - NEW YORK MERCANTILE EXCHANGE,3.130000114440918,-0.0006875916475181037,822,1.4920937678284045,-41250,-1.2892650652679263,0.041683112588194904,0.02527114671485705,0.004170680466642596,-0.07188502710049804,-0.0629122450286646,-0.01089314512061842
2017-02-14,1271386,327446,360014,468906,474519,023651,NATURAL GAS - NEW YORK MERCANTILE EXCHANGE,2.9049999713897705,0.004414866924757705,-5613,-0.5382788627468366,-32568,0.7262373094589022,0.09230516469247688,0.04051726645913944,-0.07188502710049804,-0.11738384973047211,-0.059933272354048585,-0.039806800437868856
2017-02-21,1277817,311977,357832,473797,462246,023651,NATURAL GAS - NEW YORK MERCANTILE EXCHANGE,2.563999891281128,-0.009039635565969149,11551,1.3500227310981874,-45855,-1.0450799363843868,0.018336764443513814,0.026352288488210817,-0.11738384973047211,0.08190329448182787,-0.05702162369691925,-0.06041463184772043
2017-02-28,1332711,325710,380560,495912,473272,023651,NATURAL GAS - NEW YORK MERCANTILE EXCHANGE,2.7739999294281006,-0.016987929115914853,22640,0.8678081446717331,-54850,-0.7039349139978572,0.03419474527024796,0.05162473275093095,0.08190329448182787,0.01802449660717631,-0.05427308626295268,-0.026137349327472036
2017-03-07,1366662,338088,393241,476093,448533,023651,NATURAL GAS - NEW YORK MERCANTILE EXCHANGE,2.8239998817443848,-0.020165922517784207,27560,0.3691723111762415,-55153,-0.02273561184682951,0.048190295319404816,0.034265016155519606,0.01802449660717631,0.04036830268759539,-0.0514579695248418,-0.022588481049965036
2017-03-14,1356002,337596,374093,474289,461172,023651,NATURAL GAS - NEW YORK MERCANTILE EXCHANGE,2.937999963760376,-0.009673289567419517,13117,-1.056808486663125,-36497,1.3650778319730847,0.015439446433362801,0.027596323675088415,0.04036830268759539,0.05275696844848987,-0.048523337743313175,0.005711718049346004
2017-03-21,1356374,342192,359267,467571,474834,023651,NATURAL GAS - NEW YORK MERCANTILE EXCHANGE,3.0929999351501465,0.005354717799073117,-7263,-1.5029476357704488,-17075,1.4322987724206897,0.02162552193589805,0.02768800457332503,0.05275696844848987,0.0009699389084174559,-0.04559292293238991,0.04713476194336954
2017-03-28,1364396,335767,358614,497296,500252,023651,NATURAL GAS - NEW YORK MERCANTILE EXCHANGE,3.0959999561309814,0.002166526433674681,-2956,0.3175377882501434,-22847,-0.4255463463616967,0.055278542987405116,0.010193251255434696,0.0009699389084174559,0.0636305004826514,-0.042939285748959694,0.027644278149045978
2017-04-04,1419938,352349,370709,496433,511762,023651,NATURAL GAS - NEW YORK MERCANTILE EXCHANGE,3.2929999828338623,0.010795541777176187,-15329,-0.9068481584525313,-18360,0.32886346779087594,0.012272427456989967,0.03966071878051277,0.0636305004826514,-0.043425413972632,-0.040669566008200674,0.03867385945584715
2017-04-11,1411174,351391,354893,458982,488415,023651,NATURAL GAS - NEW YORK MERCANTILE EXCHANGE,3.1500000953674316,0.020857101959078046,-29433,-0.9932828053055837,-3502,1.046383715345318,0.0641737307591221,0.023749653114044776,-0.043425413972632,-0.0015873378696944496,-0.038326801815989395,0.01831426382741285
2017-04-18,1417783,343961,340971,462161,498587,023651,NATURAL GAS - NEW YORK MERCANTILE EXCHANGE,3.1449999809265137,0.025692225114844796,-36426,-0.49554484422190315,2990,0.4600424894449586,0.013896464005129337,0.031173897554793762,-0.0015873378696944496,-0.03243243202265533,-0.03615326362231911,0.0048849709644780345
2017-04-25,1448445,334001,337071,479913,506520,023651,NATURAL GAS - NEW YORK MERCANTILE EXCHANGE,3.0429999828338623,0.01836935472178785,-26607,0.6925601449587138,-3070,-0.42742789270290305,0.026038261088183384,0.020653521529731534,-0.03243243202265533,0.04995069052461254,-0.03434640601093376,-0.003459648534018039
2017-05-02,1519525,353511,332589,496369,549463,023651,NATURAL GAS - NEW YORK MERCANTILE EXCHANGE,3.194999933242798,0.03494118227735641,-53094,-1.8286507254331368,20922,1.6563970326798738,0.056795928982857666,0.03496866346013701,0.04995069052461254,0.010015669958832962,-0.03184035657568288,-0.0068973554971191176
2017-05-09,1529022,354359,334884,507206,560471,023651,NATURAL GAS - NEW YORK MERCANTILE EXCHANGE,3.2269999980926514,0.03483599320349871,-53265,-0.011253516723976242,19475,-0.09522712689820832,0.020460307752250915,0.004560075329020389,0.010015669958832962,0.0009296625294725747,-0.029401485814497072,0.006465699887282986
2017-05-16,1562364,393074,336456,494699,588194,023651,NATURAL GAS - NEW YORK MERCANTILE EXCHANGE,3.2300000190734863,0.05984200864843276,-93495,-2.631093601007703,56618,2.429199841467291,0.03715048485861484,0.05522322591257385,0.0009296625294725747,-0.0034055473433600714,-0.026524459938093273,0.00709069921668299
2017-05-23,1532991,383569,330899,532205,621281,023651,NATURAL GAS - NEW YORK MERCANTILE EXCHANGE,3.2190001010894775,0.058106016277982064,-89076,0.2828406184474297,52670,-0.25269399448528,0.06119970246713007,0.021081420021610484,-0.0034055473433600714,-0.02298854235447778,-0.023151711842696713,0.014270311944360015
2017-05-30,1516242,361536,330895,545066,610721,023651,NATURAL GAS - NEW YORK MERCANTILE EXCHANGE,3.1449999809265137,0.04330113530689692,-65655,1.5277976191641047,30641,-1.4369947377381862,0.020264114408623735,0.03182555373748431,-0.02298854235447778,-0.032750374002565086,-0.019871067452491013,-0.00386966681474172
2017-06-06,1512631,370028,372844,549233,573118,023651,NATURAL GAS - NEW YORK MERCANTILE EXCHANGE,3.0420000553131104,0.015790367908630722,-23885,2.754837288506716,-2816,-2.206573884643744,0.037216521391258174,0.06789998815408307,-0.032750374002565086,-0.02498355483975989,-0.017281582493242967,-0.014660644277602728
2017-06-13,1465130,373440,377774,529584,555659,023651,NATURAL GAS - NEW YORK MERCANTILE EXCHANGE,2.9660000801086426,0.01779705555138452,-26075,-0.14478084873310146,-4334,-0.10035494446431416,0.034193263628514534,0.011104691872089711,-0.02498355483975989,-0.019892115193951065,-0.014949099809938644,-0.02125632813516731
2017-06-20,1385255,356511,373248,488559,500732,023651,NATURAL GAS - NEW YORK MERCANTILE EXCHANGE,2.9070000648498535,0.008787551750399745,-12173,0.9488577805382457,-16737,-0.8465460402831148,0.09699067311842521,0.02940011702493563,-0.019892115193951065,0.044719598597275256,-0.012955984757996532,-0.0254754066563477
2017-06-27,1336463,348033,378338,465547,463715,023651,NATURAL GAS - NEW YORK MERCANTILE EXCHANGE,3.0369999408721924,-0.0013707824309389786,1832,1.0110051939895544,-30305,-0.9794586556265814,0.06459857392210162,0.018679159823285895,0.044719598597275256,0.003292720005909855,-0.01118674213734151,-0.008260636664113362
2017-07-11,1347125,349247,383125,453512,447701,023651,NATURAL GAS - NEW YORK MERCANTILE EXCHANGE,3.046999931335449,-0.0043136308805790105,5811,0.297726162265622,-33878,-0.2673474686542014,0.031123607848533033,0.008193923306734829,0.003292720005909855,0.013455900464818482,-0.009537369867869683,0.0007838548478710909
2017-07-18,1345797,341838,377017,448710,441623,023651,NATURAL GAS - NEW YORK MERCANTILE EXCHANGE,3.0880000591278076,-0.005266024519299716,7087,0.09472023754291546,-35179,-0.09657604157001021,0.012220146843933674,0.01880351392144452,0.013455900464818482,-0.046632140754049645,-0.007851531513893355,0.010340379495605316
2017-07-25,1315857,335995,378583,445503,431012,023651,NATURAL GAS - NEW YORK MERCANTILE EXCHANGE,2.944000005722046,-0.011012594833633139,14491,0.5501572674036277,-42588,-0.5505287944615719,0.015764704540139073,0.01036835726820585,-0.046632140754049645,-0.042459239047909714,-0.006233091417794398,0.0037021581263117645
2017-08-01,1343772,359814,418019,454423,420388,023651,NATURAL GAS - NEW YORK MERCANTILE EXCHANGE,2.819000005722046,-0.025327957421348263,34035,1.4852677760577326,-58205,-1.1868310918283673,0.02234082561833356,0.08132208327494463,-0.042459239047909714,0.0010642146061530244,-0.004993318526709744,-0.018251234957299543
2017-08-08,1339219,356078,429012,456965,410552,023651,NATURAL GAS - NEW YORK MERCANTILE EXCHANGE,2.822000026702881,-0.034656766369055396,46413,0.9211384074083997,-72934,-1.0960936825592438,0.014268308286754034,0.01876090639289763,0.0010642146061530244,0.0400424929154537,-0.00439175617690012,-0.018818783935218308
2017-08-15,1329033,359968,393269,443486,428910,023651,NATURAL GAS - NEW YORK MERCANTILE EXCHANGE,2.934999942779541,-0.01096737251821437,14576,-2.3772810869618786,-33301,2.9594114181474427,0.036493748251940634,0.05261690543613763,0.0400424929154537,0.0013628444904836279,-0.0032039703430327905,-0.012068702770219828
2017-08-22,1316077,356246,398484,428607,410395,023651,NATURAL GAS - NEW YORK MERCANTILE EXCHANGE,2.938999891281128,-0.013838096099240395,18212,0.2735823715438217,-42238,-0.6724437993638984,0.03980205053146477,0.011841320737217283,0.0013628444904836279,0.007485564886158258,-0.0017078559913501884,2.5782377214458935e-06
2017-08-29,1293151,358538,401868,427016,405506,023651,NATURAL GAS - NEW YORK MERCANTILE EXCHANGE,2.9609999656677246,-0.016633788320157508,21510,0.2505932403651154,-43330,-0.0829738685502444,0.007783578091630011,0.007464433473696946,0.007485564886158258,0.0037149335060961963,-0.0005661073103316423,0.012411437689802464
2017-09-05,1303527,355001,401800,419383,399042,023651,NATURAL GAS - NEW YORK MERCANTILE EXCHANGE,2.9719998836517334,-0.015604586633034835,20341,-0.09039934238151616,-46799,-0.26825946853847693,0.01722454714848642,0.004763471507040821,0.0037149335060961963,0.009757754039137367,0.00019851107634247941,0.013065729341536327
2017-09-12,1318206,361234,413437,416919,390140,023651,NATURAL GAS - NEW YORK MERCANTILE EXCHANGE,3.000999927520752,-0.02031473077804228,26779,0.49389080548389097,-52203,-0.4145675540284168,0.014083233072179357,0.023067857193569914,0.009757754039137367,0.040319911503089,0.0006041589546559743,0.005564762181128962
2017-09-19,1321626,372753,396641,411081,415936,023651,NATURAL GAS - NEW YORK MERCANTILE EXCHANGE,3.121999979019165,0.003673505212518519,-4855,-2.399776666165986,-23888,2.147995078159256,0.03825072519670091,0.03680169068123744,0.040319911503089,-0.06534272823710685,0.0014273191738498846,0.015203381651815038
2017-09-26,1318849,371167,429733,445043,413725,023651,NATURAL GAS - NEW YORK MERCANTILE EXCHANGE,2.9179999828338623,-0.023746463772577452,31318,2.737007292532078,-58566,-2.623889057872651,0.04212197007806532,0.04329878886252966,-0.06534272823710685,-0.007882111734973996,0.0015601253260076363,-0.0028917092612633236
2017-10-03,1394563,380845,455020,489961,442899,023651,NATURAL GAS - NEW YORK MERCANTILE EXCHANGE,2.8949999809265137,-0.03374677228637215,47062,1.1937682024249934,-74175,-1.1835320040429194,0.07942456531526702,0.041830917672112125,-0.007882111734973996,-0.0013816747937617224,0.0008933255976419636,-0.005803601973320962
2017-10-10,1375988,395728,475326,461907,409316,023651,NATURAL GAS - NEW YORK MERCANTILE EXCHANGE,2.8910000324249268,-0.03822053680700704,52591,0.3964682843299299,-79598,-0.38886733693637365,0.07074767309862114,0.040398184268713534,-0.0013816747937617224,0.024558927695340405,0.0005763065154030943,-0.008608598702305174
2017-10-17,1371570,388798,444778,455888,421554,023651,NATURAL GAS - NEW YORK MERCANTILE EXCHANGE,2.961999893188477,-0.02503262684369008,34334,-1.3268284316432992,-55980,1.7164393875527983,0.020807073288034994,0.044960507500215935,0.024558927695340405,0.004051345157349617,0.00029730528841550327,-0.012590829639050938
2017-10-24,1351808,376468,446504,459540,411444,023651,NATURAL GAS - NEW YORK MERCANTILE EXCHANGE,2.9739999771118164,-0.03557901713852855,48096,1.0033756935482694,-70036,-1.0248109830340413,0.01580051987177721,0.017079560422468807,0.004051345157349617,-0.026227326585355315,-0.0006864198729659963,0.004824962704764932
2017-10-31,1382864,378674,480761,496173,415484,023651,NATURAL GAS - NEW YORK MERCANTILE EXCHANGE,2.8959999084472656,-0.058349194136227425,80689,2.4110672521541523,-102087,-2.3709728008711295,0.04461436702619516,0.0424267105714801,-0.026227326585355315,0.08839780733934077,-0.0022763742915569815,0.00025028654410287165
2017-11-07,1343089,360174,445570,470193,402081,023651,NATURAL GAS - NEW YORK MERCANTILE EXCHANGE,3.1519999504089355,-0.05071294605197422,68112,-0.9094892917886357,-85396,1.2069878165893393,0.045149803846039206,0.06663530848507715,0.08839780733934077,-0.01586292928392885,-0.0027949728531665692,0.02244148401937733
2017-11-14,1341767,353681,417103,462397,420555,023651,NATURAL GAS - NEW YORK MERCANTILE EXCHANGE,3.1019999980926514,-0.031184251811231013,41842,-1.9559388841692547,-63422,1.6360792173861896,0.029752466725257998,0.04535641632415826,-0.01586292928392885,-0.027401688652236356,-0.0027269817881845513,0.012511132523562804
2017-11-21,1369054,368747,445870,490863,437823,023651,NATURAL GAS - NEW YORK MERCANTILE EXCHANGE,3.0169999599456787,-0.03874208029778226,53040,0.8345711289665045,-77123,-1.0211161848517665,0.049245923810631365,0.05380810859581865,-0.027401688652236356,0.01889291433723872,-0.002450103477998732,0.0047153310367264376
2017-11-28,1423262,387761,486163,509463,433350,023651,NATURAL GAS - NEW YORK MERCANTILE EXCHANGE,3.0739998817443848,-0.05347785579886205,76113,1.6853243188362184,-98402,-1.5542849295937193,0.02447250939475803,0.06786288052507998,0.01889291433723872,-0.052049399338725766,-0.0023439086795824012,0.015879772300133817
2017-12-05,1516674,394708,516678,555126,460395,023651,NATURAL GAS - NEW YORK MERCANTILE EXCHANGE,2.9140000343322754,-0.06245969799706463,94731,1.3081217653531114,-121970,-1.6559143713525688,0.07159674689149707,0.04110442776167288,-0.052049399338725766,-0.0809883521807282,-0.002672710823037754,-0.019290139889388484
2017-12-12,1546760,392806,557334,592333,456222,023651,NATURAL GAS - NEW YORK MERCANTILE EXCHANGE,2.677999973297119,-0.0879974915306835,136111,2.7283384563854858,-164528,-2.8060084105087846,0.03946383356142501,0.04479129391458101,-0.0809883521807282,0.005227759187617531,-0.003891522736952776,-0.03602791228781123
2017-12-19,1503724,396643,566219,598832,460208,023651,NATURAL GAS - NEW YORK MERCANTILE EXCHANGE,2.691999912261963,-0.0921871300850422,138624,0.16246864413354367,-169576,-0.32635961623005505,0.009900475902704335,0.01321269299234989,0.005227759187617531,-0.018202090041808283,-0.006124960757104802,-0.027606856112120805
2017-12-26,1489393,388635,558670,598991,458395,023651,NATURAL GAS - NEW YORK MERCANTILE EXCHANGE,2.6429998874664307,-0.09439818771808381,140596,0.13114108706118943,-170035,-0.030524218540104436,0.0018649764608194169,0.016422377164693525,-0.018202090041808283,,-0.00858088619948402,-0.037185926154333485
