,Open_Interest_All,NonComm_Positions_Long_All,NonComm_Positions_Short_All,Comm_Positions_Long_All,Comm_Positions_Short_All,CFTC_Contract_Market_Code,Market_and_Exchange_Names,OJ_Close,HP,NetLong_Comm,Q_Comm,NetLong_NonComm,Q_NonComm,PT_Comm,PT_NonComm,Ret,Ret_Lead,HP_Smooth_52w,Basis
2015-01-06,10893,3020,1612,5815,7695,040701,FRZN CONCENTRATED ORANGE JUICE - ICE FUTURES U.S.,142.60000610351562,0.17258790048655098,-1880,,1408,,,,,0.005960664855158226,,
2015-01-13,10939,2602,1600,6193,7578,040701,FRZN CONCENTRATED ORANGE JUICE - ICE FUTURES U.S.,143.4499969482422,0.12661120760581407,-1385,4.544202698980997,1002,-3.7271642339116866,0.03594510202599666,0.10233222275107091,0.005960664855158226,0.021261785407066025,,
2015-01-20,10931,2929,1494,5797,7950,040701,FRZN CONCENTRATED ORANGE JUICE - ICE FUTURES U.S.,146.5,0.1969627664440582,-2153,-7.020751439802542,1435,3.9583142883261724,0.055866734560267695,0.09789735473660412,0.021261785407066025,-0.03447101059220348,,0.013519424481141906
2015-01-27,11239,2985,1465,6038,7982,040701,FRZN CONCENTRATED ORANGE JUICE - ICE FUTURES U.S.,141.4499969482422,0.17296912536702552,-1944,1.9119934132284326,1520,0.7776049766718507,0.019472182596291014,0.019101123595505618,-0.03447101059220348,-0.011311352981591138,,-0.00241911046633265
2015-02-03,11534,2817,2128,6688,7105,040701,FRZN CONCENTRATED ORANGE JUICE - ICE FUTURES U.S.,139.85000610351562,0.03615397953875499,-417,13.586618026514815,689,-7.393896254115134,0.11070833031247734,0.16804853387259858,-0.011311352981591138,-0.028602072402050815,,-0.004650776442292832
2015-02-10,12121,2922,2259,6960,7452,040701,FRZN CONCENTRATED ORANGE JUICE - ICE FUTURES U.S.,135.85000610351562,0.040590710337430905,-492,-0.6502514305531473,663,-0.225420495925091,0.04295031917846239,0.045551051920478675,-0.028602072402050815,0.01361789298203564,,-0.013369639299698404
2015-02-17,12253,2618,2331,7323,7575,040701,FRZN CONCENTRATED ORANGE JUICE - ICE FUTURES U.S.,137.6999969482422,0.020566391904023505,-252,1.9800346506063857,287,-3.1020542859500044,0.03262182843334676,0.07597494443321884,0.01361789298203564,-0.10021783390126249,,-0.015308210797486881
2015-02-24,14472,2619,4609,9419,7203,040701,FRZN CONCENTRATED ORANGE JUICE - ICE FUTURES U.S.,123.9000015258789,-0.1531232725262576,2216,20.142006039337303,-1990,-18.58320411327838,0.14847792082781855,0.3153016048699502,-0.10021783390126249,-0.060129172606028014,,-0.03213932074026296
2015-03-03,14091,2582,6000,9039,5394,040701,FRZN CONCENTRATED ORANGE JUICE - ICE FUTURES U.S.,116.4499969482422,-0.2586757504790292,3645,9.874239911553344,-3418,-9.867330016583747,0.1516663202383427,0.16639477977161501,-0.060129172606028014,0.022756561574292844,,-0.04482248214620881
2015-03-10,15049,2399,7127,10501,5437,040701,FRZN CONCENTRATED ORANGE JUICE - ICE FUTURES U.S.,119.0999984741211,-0.3365007641703768,5064,10.070257611241217,-4728,-9.296714214747,0.09442841008909525,0.13751837077472182,0.022756561574292844,-0.057514681459962524,,-0.03148358557644533
2015-03-17,15716,2358,7582,11186,5430,040701,FRZN CONCENTRATED ORANGE JUICE - ICE FUTURES U.S.,112.25,-0.36625095444133365,5756,4.59831218021131,-5224,-3.2959000598046377,0.041646605681271064,0.049899396378269616,-0.057514681459962524,0.13986634252331576,,-0.05000599867489541
2015-03-24,16531,2130,7124,12040,6868,040701,FRZN CONCENTRATED ORANGE JUICE - ICE FUTURES U.S.,127.9499969482422,-0.3128667352247293,5172,-3.7159582590990072,-4994,1.4634767116314584,0.12121853183837529,0.07413010590015129,0.13986634252331576,-0.022274314514239335,,0.01118201015134687
2015-03-31,15660,2350,5735,10613,7205,040701,FRZN CONCENTRATED ORANGE JUICE - ICE FUTURES U.S.,125.0999984741211,-0.21762452107279692,3408,-10.670860806968726,-3385,9.733228479825781,0.09900101021438994,0.19901051329622757,-0.022274314514239335,-0.051558729231930944,,0.020496971507800128
2015-04-07,16319,2311,5752,11304,7559,040701,FRZN CONCENTRATED ORANGE JUICE - ICE FUTURES U.S.,118.6500015258789,-0.2294871009253018,3745,2.1519795657726695,-3441,-0.35759897828863346,0.055399459258866565,0.006945305717474886,-0.051558729231930944,-0.06278975543048582,,0.00212738983001174
2015-04-14,16723,2252,6096,11821,7571,040701,FRZN CONCENTRATED ORANGE JUICE - ICE FUTURES U.S.,111.1999969482422,-0.25414100340847934,4250,3.0945523622771005,-3844,-2.469514063361726,0.027279290429042903,0.048275035936751316,-0.06278975543048582,0.022032415871171773,,0.0008105572463656506
2015-04-21,15703,1962,5994,11492,7291,040701,FRZN CONCENTRATED ORANGE JUICE - ICE FUTURES U.S.,113.6500015258789,-0.2675284977392855,4201,-0.2930096274591879,-4032,-1.1242002033128027,0.03242293563328542,0.049270990447461034,0.022032415871171773,0.01495817796232135,,-0.02906594741560172
2015-04-28,14506,1651,5786,10797,6851,040701,FRZN CONCENTRATED ORANGE JUICE - ICE FUTURES U.S.,115.3499984741211,-0.272025368812905,3946,-1.6238935235305354,-4135,-0.6559256193084123,0.06431323662737988,0.06978620411456232,0.01495817796232135,0.01040316075865344,,-0.019528926916921513
2015-05-05,13853,1771,5751,10179,6200,040701,FRZN CONCENTRATED ORANGE JUICE - ICE FUTURES U.S.,116.5500030517578,-0.2872302028441493,3979,0.22749207224596718,-3980,1.0685233696401488,0.07747725746382562,0.0206062217495347,0.01040316075865344,0.007292994009992837,,-0.0038564266733233576
2015-05-12,14549,1960,6396,10669,5969,040701,FRZN CONCENTRATED ORANGE JUICE - ICE FUTURES U.S.,117.4000015258789,-0.32304625747474053,4700,5.204648812531581,-4436,-3.2917057677037467,0.04333453540088953,0.09980852082336046,0.007292994009992837,-0.03449747017988802,,0.013579072810513725
2015-05-19,15333,1944,7064,11145,5799,040701,FRZN CONCENTRATED ORANGE JUICE - ICE FUTURES U.S.,113.3499984741211,-0.34865975347290157,5346,4.440167709120902,-5120,-4.701354044951543,0.03812559017941454,0.07593250444049733,-0.03449747017988802,0.010586718957130703,,-0.0004608905559671709
2015-05-26,14838,1944,7066,10787,5626,040701,FRZN CONCENTRATED ORANGE JUICE - ICE FUTURES U.S.,114.5500030517578,-0.3478231567596711,5161,-1.2065479684340965,-5122,-0.01304376182090915,0.03235240358252604,0.00022197558268590456,0.010586718957130703,-0.03535576555094344,,-0.0015548572778494852
2015-06-02,15129,2096,7474,10636,5281,040701,FRZN CONCENTRATED ORANGE JUICE - ICE FUTURES U.S.,110.5,-0.3539559785841761,5355,1.3074538347486184,-5378,-1.7252999056476612,0.031161651064899164,0.05851619644723093,-0.03535576555094344,0.11719454251802897,,-0.013078533077655585
2015-06-09,14641,2083,6129,10179,6501,040701,FRZN CONCENTRATED ORANGE JUICE - ICE FUTURES U.S.,123.4499969482422,-0.251212348883273,3678,-11.08467182232798,-4046,8.804283164782866,0.10053956834532374,0.16536775450560157,0.11719454251802897,-0.027541466022959038,,0.014378143740124406
2015-06-16,14135,1962,5050,9982,7268,040701,FRZN CONCENTRATED ORANGE JUICE - ICE FUTURES U.S.,120.0500030517578,-0.19200565970993985,2714,-6.5842497097192805,-3088,6.543268902397377,0.05588405797101449,0.17113519680547631,-0.027541466022959038,0.011661756442278515,,0.016090852543345725
2015-06-23,13765,1610,4916,10055,7231,040701,FRZN CONCENTRATED ORANGE JUICE - ICE FUTURES U.S.,121.4499969482422,-0.20515800944424264,2824,0.7782101167315175,-3306,-1.5422709586133712,0.006363531181302788,0.07447134538768005,0.011661756442278515,-0.05393162278262287,,0.016355286988470018
2015-06-30,12562,1614,4457,9231,6444,040701,FRZN CONCENTRATED ORANGE JUICE - ICE FUTURES U.S.,114.9000015258789,-0.22185957650055724,2787,-0.2687976752633491,-2843,3.3636033418089357,0.10277511961722488,0.07626420688519189,-0.05393162278262287,0.08093990686561181,-0.17048972426117265,0.011776190223009896
2015-07-07,12633,1672,4513,9136,6472,040701,FRZN CONCENTRATED ORANGE JUICE - ICE FUTURES U.S.,124.1999969482422,-0.21087627641890289,2664,-0.9791434484954625,-2841,0.01592103168285305,0.007880574064582266,0.01843168957154406,0.08093990686561181,-0.022141707468366523,-0.1719855224892367,0.0027782806272857296
2015-07-14,12724,1643,4617,9222,6551,040701,FRZN CONCENTRATED ORANGE JUICE - ICE FUTURES U.S.,121.4499969482422,-0.20991826469663627,2671,0.055410432992954964,-2974,-1.0527982268661442,0.010460914220503392,0.02124600638977636,-0.022141707468366523,-0.0024701146965951937,-0.17334026328235813,0.004123569652750464
2015-07-21,12256,1683,4776,8771,5861,040701,FRZN CONCENTRATED ORANGE JUICE - ICE FUTURES U.S.,121.1500015258789,-0.23743472584856398,2910,1.8783401446086134,-3093,-0.9352404904118202,0.0779797703663204,0.03080972286731692,-0.0024701146965951937,0.01650846037812692,-0.17555041716395142,0.0005989360814778175
2015-07-28,12560,1864,4388,8513,6388,040701,FRZN CONCENTRATED ORANGE JUICE - ICE FUTURES U.S.,123.1500015258789,-0.16918789808917198,2125,-6.405026109660575,-2524,4.6426240208877285,0.05268102811891819,0.09101087651951376,0.01650846037812692,0.07145753400996946,-0.1753383331947921,0.018045335407631563
2015-08-04,12918,2256,3912,8006,7476,040701,FRZN CONCENTRATED ORANGE JUICE - ICE FUTURES U.S.,131.9499969482422,-0.04102802291376374,530,-12.699044585987263,-1656,6.910828025477707,0.10302286526288593,0.14072632944228275,0.07145753400996946,-0.004168268772098194,-0.1710057425405654,0.015714422212898947
2015-08-11,13335,3028,2870,7808,9104,040701,FRZN CONCENTRATED ORANGE JUICE - ICE FUTURES U.S.,131.39999389648438,0.09718785151856019,-1296,-14.135315064251433,158,14.042421427465552,0.10797067171239356,0.3075618853848762,-0.004168268772098194,-0.003805175214801726,-0.1626246927262177,0.02012796919994965
2015-08-18,13502,3223,2673,8023,9632,040701,FRZN CONCENTRATED ORANGE JUICE - ICE FUTURES U.S.,130.89999389648438,0.11916753073618723,-1609,-2.347206599175103,550,2.9396325459317585,0.042084395355423396,0.06648575305291723,-0.003805175214801726,-0.08365162306196461,-0.15408553443947817,0.019800801412453096
2015-08-25,13116,2809,2588,8380,9123,040701,FRZN CONCENTRATED ORANGE JUICE - ICE FUTURES U.S.,119.9499969482422,0.05664836840500152,-743,6.413864612649977,221,-2.43667604799289,0.049477232474432954,0.09245877339262554,-0.08365162306196461,0.08086700454379891,-0.14788747847346406,-0.005054636437875724
2015-09-01,12822,2950,2355,8040,9327,040701,FRZN CONCENTRATED ORANGE JUICE - ICE FUTURES U.S.,129.64999389648438,0.10037435657463734,-1287,-4.1476059774321445,595,2.851479109484599,0.0313237749755283,0.0704995287464656,0.08086700454379891,-0.025838727361617075,-0.14079428318637546,-0.002693138871392758
2015-09-08,13053,3180,2252,7964,9803,040701,FRZN CONCENTRATED ORANGE JUICE - ICE FUTURES U.S.,126.3000030517578,0.1408871523787635,-1839,-4.305100608329434,928,2.5970987365465605,0.031068835481510664,0.06130338733431517,-0.025838727361617075,-0.03167062472960347,-0.1329697988651216,-0.008140171756526619
2015-09-15,12584,2959,2494,7704,8909,040701,FRZN CONCENTRATED ORANGE JUICE - ICE FUTURES U.S.,122.3000030517578,0.09575651621106167,-1205,4.857120968359764,465,-3.547077300237493,0.06946367302714741,0.08490739042728773,-0.03167062472960347,-0.05314799540314952,-0.12678800656576528,-0.015188252423442693
2015-09-22,12954,2959,3221,8057,8137,040701,FRZN CONCENTRATED ORANGE JUICE - ICE FUTURES U.S.,115.8000030517578,0.006175698625907056,-80,8.939923712650986,-262,-5.777177368086459,0.06947017413856985,0.11763754045307444,-0.05314799540314952,-0.08290160492677012,-0.12328896169230022,-0.007475457475301997
2015-09-29,15838,2887,6043,10543,7693,040701,FRZN CONCENTRATED ORANGE JUICE - ICE FUTURES U.S.,106.1999969482422,-0.17994696300037882,2850,22.618496217384592,-3156,-22.340589779218774,0.1606711998245229,0.32407614781634936,-0.08290160492677012,0.015536737978279147,-0.12474173095660994,-0.049599716779286415
2015-10-06,17176,3035,6852,11523,8094,040701,FRZN CONCENTRATED ORANGE JUICE - ICE FUTURES U.S.,107.8499984741211,-0.19963903120633442,3429,3.655764616744538,-3817,-4.173506755903523,0.07039812407605649,0.09679376959643977,0.015536737978279147,0.12285582000429396,-0.12661416346285304,-0.03878851320625882
2015-10-13,16702,2462,6541,11847,8180,040701,FRZN CONCENTRATED ORANGE JUICE - ICE FUTURES U.S.,121.0999984741211,-0.2195545443659442,3667,1.385654401490452,-4079,-1.5253842571029343,0.020472362310880312,0.09818949239142508,0.12285582000429396,0.10239472900182389,-0.12888100202146502,0.000585567934791182
2015-10-20,13495,1964,3169,9646,8990,040701,FRZN CONCENTRATED ORANGE JUICE - ICE FUTURES U.S.,133.5,-0.048610596517228606,656,-18.027781104059393,-1205,17.207520057478146,0.1615690062245117,0.7539450613676213,0.10239472900182389,0.03445697455816954,-0.1269698018904118,0.038712334445343284
2015-10-27,13587,2328,3080,8852,9095,040701,FRZN CONCENTRATED ORANGE JUICE - ICE FUTURES U.S.,138.10000610351562,0.01788474276882314,-243,-6.6617265653945905,-752,3.3567988143756944,0.05009193737114838,0.08376479289940829,0.03445697455816954,-0.018464901803453948,-0.12360109154949935,0.06654687683950455
2015-11-03,13305,2785,3089,7918,8867,040701,FRZN CONCENTRATED ORANGE JUICE - ICE FUTURES U.S.,135.5500030517578,0.07132656895903795,-949,-5.196143372341209,-304,3.2972694487377643,0.06922847780756627,0.07933265236636024,-0.018464901803453948,0.09959424342355216,-0.11917091744703258,0.05856193635701722
2015-11-10,14428,3904,2746,7399,10396,040701,FRZN CONCENTRATED ORANGE JUICE - ICE FUTURES U.S.,149.0500030517578,0.207721097865262,-2997,-15.39270950770387,1158,10.988350244269071,0.11508850800786738,0.21984962406015038,0.09959424342355216,-0.014760126824541087,-0.11190665044009271,0.05306222713334989
2015-11-17,15536,5603,2674,6698,11435,040701,FRZN CONCENTRATED ORANGE JUICE - ICE FUTURES U.S.,146.85000610351562,0.30490473738414003,-4737,-12.059883559744941,2929,12.274743554200167,0.0959576462802625,0.2139664129515525,-0.014760126824541087,-0.0013620170154453604,-0.10284553331347895,0.02489410188850946
2015-11-24,15326,5818,2390,6232,11532,040701,FRZN CONCENTRATED ORANGE JUICE - ICE FUTURES U.S.,146.64999389648438,0.34581756492235416,-5300,-3.62384140061792,3428,3.211894953656025,0.03169331231704571,0.060794346978557505,-0.0013620170154453604,-0.042277512487443936,-0.09329950994675909,0.016121152549929896
2015-12-01,15604,5585,2231,6879,11774,040701,FRZN CONCENTRATED ORANGE JUICE - ICE FUTURES U.S.,140.4499969482422,0.3137016149705204,-4895,2.6425681847840274,3354,-0.4828396189481926,0.04765989385085509,0.05015353121801433,-0.042277512487443936,0.0199359424179244,-0.08482031984431578,0.010245977020810332
2015-12-08,14968,5306,2278,6652,11246,040701,FRZN CONCENTRATED ORANGE JUICE - ICE FUTURES U.S.,143.25,0.30692143238909675,-4594,1.9289925660087157,3028,-2.089207895411433,0.04218348418817745,0.04298523206751055,0.0199359424179244,0.02617801047120416,-0.07682559020689919,-0.009662460054093037
2015-12-15,15041,5284,2466,6710,11031,040701,FRZN CONCENTRATED ORANGE JUICE - ICE FUTURES U.S.,147.0,0.28728143075593376,-4321,1.8238909673971138,2818,-1.4029930518439337,0.015388084098979765,0.027096774193548386,0.02617801047120416,0.0027210469148597483,-0.06954344978764253,0.0006184145888344842
2015-12-22,14182,5443,2025,6178,10946,040701,FRZN CONCENTRATED ORANGE JUICE - ICE FUTURES U.S.,147.39999389648438,0.3362008179382316,-4768,-2.97187686988897,3418,3.9890964696496245,0.03603130109787433,0.08034279592929834,0.0027210469148597483,0.006105896828635604,-0.061587679832233226,0.0016380295259614437
2015-12-29,14241,5589,1989,5941,11214,040701,FRZN CONCENTRATED ORANGE JUICE - ICE FUTURES U.S.,148.3000030517578,0.3702689417877958,-5273,-3.560851783951488,3600,1.2833168805528135,0.02943748178373652,0.024016891000263923,0.006105896828635604,-0.04180712623504357,-0.05328274480107883,0.013641750911577285
2016-01-05,14025,5476,2197,5937,10876,040701,FRZN CONCENTRATED ORANGE JUICE - ICE FUTURES U.S.,142.10000610351562,0.35215686274509805,-4939,2.3453409170704305,3279,-2.254055192753318,0.020341402486171414,0.04183500586472045,-0.04180712623504357,-0.0710767464440365,-0.049829495526876,-0.00170199056967211
2016-01-12,12705,4012,2006,6319,9368,040701,FRZN CONCENTRATED ORANGE JUICE - ICE FUTURES U.S.,132.0,0.23998425816607635,-3049,13.475935828877006,2006,-9.076648841354723,0.12048192771084337,0.275008308408109,-0.0710767464440365,-0.052651492032137925,-0.04764924455456327,-0.026358587596151218
2016-01-19,12068,2763,1795,6995,8507,040701,FRZN CONCENTRATED ORANGE JUICE - ICE FUTURES U.S.,125.0500030517578,0.12529002320185614,-1512,12.097599370326643,968,-8.170011806375442,0.09914849696813315,0.3203159280386134,-0.052651492032137925,-0.006797329730282242,-0.04902756653999022,-0.04067342948434241
2016-01-26,12835,2771,2673,7907,8473,040701,FRZN CONCENTRATED ORANGE JUICE - ICE FUTURES U.S.,124.1999969482422,0.04409816906895209,-566,7.838912827311899,98,-7.209148160424263,0.057753357753357756,0.16274797942689198,-0.006797329730282242,0.0994364445005762,-0.05150585416110703,-0.04403880207978457
2016-02-02,12671,2538,2023,8077,8873,040701,FRZN CONCENTRATED ORANGE JUICE - ICE FUTURES U.S.,136.5500030517578,0.06282061400047352,-796,-1.7919750681729647,515,3.2489287105570703,0.033628318584070796,0.1935978951984214,0.0994364445005762,-0.031856506820192476,-0.05099303426761243,-0.007802642523429318
2016-02-09,12806,2592,1576,8231,9401,040701,FRZN CONCENTRATED ORANGE JUICE - ICE FUTURES U.S.,132.1999969482422,0.09136342339528346,-1170,-2.9516218135900876,1016,3.95391050430116,0.03867967332123412,0.12020153550863724,-0.031856506820192476,0.029500826363863863,-0.05001663593957681,0.0020307156799826438
2016-02-16,12275,2760,1324,7418,9285,040701,FRZN CONCENTRATED ORANGE JUICE - ICE FUTURES U.S.,136.10000610351562,0.15209775967413441,-1867,-5.442761205684835,1436,3.2797126347024834,0.05561875112255284,0.10284035259549461,0.029500826363863863,-0.06980166938544419,-0.04748718655938237,0.022319905876999065
2016-02-23,11608,2485,1544,7550,8734,040701,FRZN CONCENTRATED ORANGE JUICE - ICE FUTURES U.S.,126.5999984741211,0.1019986216402481,-1184,5.564154786150713,941,-4.032586558044807,0.04194301154507492,0.12285927029039465,-0.06980166938544419,-0.026066314866803553,-0.042580996286949564,0.006796624198098967
2016-03-01,11061,2564,1430,7101,8597,040701,FRZN CONCENTRATED ORANGE JUICE - ICE FUTURES U.S.,123.3000030517578,0.13524997739806527,-1496,-2.6878015161957274,1134,1.662646450723639,0.03732959612689515,0.04832248372558838,-0.026066314866803553,-0.04014602153382618,-0.03500550152008237,-0.02486244109198779
2016-03-08,12416,2786,2331,7877,8560,040701,FRZN CONCENTRATED ORANGE JUICE - ICE FUTURES U.S.,118.3499984741211,0.05500966494845361,-683,7.350149172769189,455,-6.138685471476359,0.04946158058039788,0.21946452999804572,-0.04014602153382618,0.08660758564889925,-0.027476454806258706,-0.026989250071378614
2016-03-15,12196,2897,2427,7595,8278,040701,FRZN CONCENTRATED ORANGE JUICE - ICE FUTURES U.S.,128.60000610351562,0.056001967858314204,-683,0.0,470,0.1208118556701031,0.03553203553203553,0.03888054094665665,0.08660758564889925,0.0419906192861117,-0.019356206300496243,-0.012428520113780147
2016-03-22,12814,3214,2133,7642,8930,040701,FRZN CONCENTRATED ORANGE JUICE - ICE FUTURES U.S.,134.0,0.10051506165131888,-1288,-4.960642833715973,1081,5.009839291571007,0.04217958001448226,0.11426968393491678,0.0419906192861117,0.02014923095703125,-0.011406556360572242,0.015476092242095037
2016-03-29,13232,3543,1629,7619,10060,040701,FRZN CONCENTRATED ORANGE JUICE - ICE FUTURES U.S.,136.6999969482422,0.1844770253929867,-2441,-8.99797096925238,1914,6.500702356797253,0.06521862096272414,0.16105955143078113,0.02014923095703125,0.0479151660423065,-0.0036738343131533274,0.026788320999671038
2016-04-05,14285,5442,734,6525,12262,040701,FRZN CONCENTRATED ORANGE JUICE - ICE FUTURES U.S.,143.25,0.4016100805040252,-5737,-24.9093107617896,4708,21.115477629987907,0.17544046415074255,0.4523963730569948,0.0479151660423065,-0.05095988168766363,0.00846264994510296,0.04799522970567725
2016-04-12,13564,5346,719,5776,11611,040701,FRZN CONCENTRATED ORANGE JUICE - ICE FUTURES U.S.,135.9499969482422,0.4301828369212622,-5835,-0.6860343017150857,4627,-0.5670283514175709,0.08051992868234888,0.018301731244847484,-0.05095988168766363,-0.01250457511146097,0.02162272379759799,0.014665714402039662
2016-04-19,13145,4825,578,6102,11349,040701,FRZN CONCENTRATED ORANGE JUICE - ICE FUTURES U.S.,134.25,0.399163179916318,-5247,4.335004423473902,4247,-2.801533470952521,0.03369434416365824,0.12252452341291875,-0.01250457511146097,-0.08193668528864062,0.03444371759866729,0.0011493243237474325
2016-04-26,12904,4041,829,6776,10845,040701,FRZN CONCENTRATED ORANGE JUICE - ICE FUTURES U.S.,123.25,0.3153285802851829,-4069,8.96158235070369,3212,-7.873716241917078,0.06685205152942512,0.21252566735112938,-0.08193668528864062,0.08316430020283971,0.045738985850553596,-0.024673394136695906
2016-05-03,12056,3549,770,6636,10297,040701,FRZN CONCENTRATED ORANGE JUICE - ICE FUTURES U.S.,133.5,0.30366622428666223,-3661,3.1618102913825172,2779,-3.355548667079975,0.04063072107718656,0.1275758277379023,0.08316430020283971,0.08951308575462313,0.05710237867999227,-0.015681525394415554
2016-05-10,12824,3742,539,6904,11160,040701,FRZN CONCENTRATED ORANGE JUICE - ICE FUTURES U.S.,145.4499969482422,0.3318777292576419,-4256,-4.93530192435302,3203,3.5169210351692106,0.06261071744906997,0.09904227984115861,0.08951308575462313,0.0061877564397179174,0.0696970707325381,0.019370211650695388
2016-05-17,13167,4342,647,6259,11332,040701,FRZN CONCENTRATED ORANGE JUICE - ICE FUTURES U.S.,146.35000610351562,0.3852813852813853,-5073,-6.370867124142234,3695,3.836556456643793,0.046444204422716164,0.14191220685508119,0.0061877564397179174,-0.00580803599635249,0.08381132340088977,0.02394317502938888
2016-05-24,14296,5258,693,6261,12092,040701,FRZN CONCENTRATED ORANGE JUICE - ICE FUTURES U.S.,145.5,0.40787632904308896,-5831,-5.756816283132073,4565,6.60742766005924,0.041519097695199694,0.16165350361283817,-0.00580803599635249,0.048453629221703265,0.09834400582017361,0.04235452513129085
2016-05-31,15081,5628,1027,6444,12568,040701,FRZN CONCENTRATED ORANGE JUICE - ICE FUTURES U.S.,152.5500030517578,0.40607386778065113,-6124,-2.0495243424734193,4601,0.2518186905428092,0.034662318535661686,0.10578512396694215,0.048453629221703265,0.09800063355731226,0.1129599644041126,0.034001935196845925
2016-06-07,17560,7397,1319,6576,14580,040701,FRZN CONCENTRATED ORANGE JUICE - ICE FUTURES U.S.,167.5,0.4558086560364465,-8004,-12.466016842384457,6078,9.793780253298854,0.10134240877292494,0.2364616796695732,0.09800063355731226,-0.02238805970149249,0.12655652219103028,0.03605078636070733
2016-06-14,17891,7815,1395,6501,14794,040701,FRZN CONCENTRATED ORANGE JUICE - ICE FUTURES U.S.,163.75,0.46352914873400036,-8293,-1.6457858769931661,6420,1.947608200455581,0.013571260859356657,0.053637350705754615,-0.02238805970149249,0.008244312082538174,0.13916296081495222,0.02913593786670719
2016-06-21,16925,7625,1166,6019,14177,040701,FRZN CONCENTRATED ORANGE JUICE - ICE FUTURES U.S.,165.10000610351562,0.4820088626292467,-8158,0.7545693365379241,6459,0.21798669722206698,0.05441671618142206,0.04766238198157206,0.008244312082538174,0.00666257301066886,0.152377708354827,0.032542336191037906
2016-06-28,16900,8344,1341,5743,14179,040701,FRZN CONCENTRATED ORANGE JUICE - ICE FUTURES U.S.,166.1999969482422,0.4991715976331361,-8436,-1.6425406203840471,7003,3.2141802067946825,0.013954422246762374,0.09230769230769231,0.00666257301066886,0.12304450856645155,0.16624369247278264,0.022377607948105335
2016-07-05,17724,9053,1863,5534,14544,040701,FRZN CONCENTRATED ORANGE JUICE - ICE FUTURES U.S.,186.6499938964844,0.5083502595350936,-9010,-3.396449704142012,7190,1.106508875739645,0.028588504831158483,0.11277024551117626,0.12304450856645155,-0.0527725216545647,0.18007497201035946,0.02848136132071684
2016-07-12,18029,9860,2132,5265,14677,040701,FRZN CONCENTRATED ORANGE JUICE - ICE FUTURES U.S.,176.8000030517578,0.5220478118586721,-9412,-2.2681110358835475,7728,3.035432182351614,0.020158459532644668,0.08972648432288192,-0.0527725216545647,0.03421947368398315,0.1941512427133462,0.02107115374997712
2016-07-19,17949,10163,2274,4753,14366,040701,FRZN CONCENTRATED ORANGE JUICE - ICE FUTURES U.S.,182.8500061035156,0.5355730124240905,-9613,-1.1148704864385157,7889,0.8930057130179155,0.04304618442387154,0.03578033287770362,0.03421947368398315,0.05687718648801532,0.20901677614166647,0.027409414740607624
2016-07-26,19145,10766,2198,5095,15462,040701,FRZN CONCENTRATED ORANGE JUICE - ICE FUTURES U.S.,193.25,0.5414990859232176,-10367,-4.2007911304250936,8568,3.7829405537912972,0.06995184122196818,0.052375809935205186,0.05687718648801532,-0.1159119994643435,0.22268383352652016,0.03954966074694584
2016-08-02,18103,9094,2098,6003,14476,040701,FRZN CONCENTRATED ORANGE JUICE - ICE FUTURES U.S.,170.85000610351562,0.46804397061260566,-8473,9.89292243405589,6996,-8.211021154348394,0.09248498461838957,0.15832737669764116,-0.1159119994643435,0.07462686300564081,0.23247367955587336,-0.019587554967353135
2016-08-09,17469,8030,2029,6426,13963,040701,FRZN CONCENTRATED ORANGE JUICE - ICE FUTURES U.S.,183.6000061035156,0.4314499971377869,-7537,5.170413743578412,6001,-5.496326575705684,0.04590710677326009,0.11263545084004374,0.07462686300564081,-0.027233114563084082,0.2389017977408585,0.012375981560919107
2016-08-16,16438,7490,1900,5971,12899,040701,FRZN CONCENTRATED ORANGE JUICE - ICE FUTURES U.S.,178.60000610351562,0.42146246502007545,-6928,3.486175510905032,5590,-2.352739137901425,0.08049814520402755,0.07124600638977636,-0.027233114563084082,0.0475923835919323,0.2447151618617025,-0.0029145091922129834
2016-08-23,15410,7290,1154,5124,12616,040701,FRZN CONCENTRATED ORANGE JUICE - ICE FUTURES U.S.,187.1000061035156,0.4861778066190785,-7492,-3.4310743399440318,6136,3.3215719673926265,0.0636978579481398,0.11203221222169588,0.0475923835919323,0.009353286707173059,0.2529753433658194,-0.005245198893602668
2016-08-30,15296,7802,1172,4660,12793,040701,FRZN CONCENTRATED ORANGE JUICE - ICE FUTURES U.S.,188.8500061035156,0.5317076359832636,-8133,-4.159636599610642,6630,3.2057105775470474,0.03672721022173838,0.05905950523735235,0.009353286707173059,0.015620846454329484,0.26127021412367757,0.02575044770050984
2016-09-06,15779,8990,1353,3931,12904,040701,FRZN CONCENTRATED ORANGE JUICE - ICE FUTURES U.S.,191.8000030517578,0.5686672159198936,-8973,-5.49163179916318,7637,6.583420502092051,0.0498960498960499,0.13236005027554867,0.015620846454329484,0.02815429515414114,0.2694967538071608,0.011269609279576412
2016-09-13,16336,9418,1608,3812,12837,040701,FRZN CONCENTRATED ORANGE JUICE - ICE FUTURES U.S.,197.1999969482422,0.5524608227228207,-9025,-0.32955193611762473,7810,1.0963939413144053,0.011171842152681842,0.06194449483040087,0.02815429515414114,0.03651114127619359,0.278279528932387,0.02486840492032996
2016-09-20,16498,9773,2287,3298,12458,040701,FRZN CONCENTRATED ORANGE JUICE - ICE FUTURES U.S.,204.3999938964844,0.5552188144017457,-9160,-0.8263956904995102,7486,-1.9833496571988247,0.05667682152830668,0.0857379767827529,0.03651114127619359,0.02397264824653056,0.28883805038961463,0.02216248025743002
2016-09-27,17057,10226,2448,3304,12589,040701,FRZN CONCENTRATED ORANGE JUICE - ICE FUTURES U.S.,209.3000030517578,0.5443512927243946,-9285,-0.7576675960722512,7778,1.7699115044247788,0.008620147234631599,0.04844563673662616,0.02397264824653056,-0.03392262780693733,0.30276686299970645,0.025730837139232708
2016-10-04,16264,9457,2240,3397,12232,040701,FRZN CONCENTRATED ORANGE JUICE - ICE FUTURES U.S.,202.1999969482422,0.5432242990654206,-8835,2.6382130503605556,7217,-3.288972269449493,0.02879262908695374,0.08352569034795247,-0.03392262780693733,-0.010633006572372539,0.3170526962741633,0.013586153053190437
2016-10-11,16409,9389,2360,3674,12275,040701,FRZN CONCENTRATED ORANGE JUICE - ICE FUTURES U.S.,200.0500030517578,0.5241635687732342,-8601,1.438760452533202,7029,-1.1559272011805213,0.020063953852906137,0.016001361818027065,-0.010633006572372539,-0.050487407895227654,0.33135496768068595,0.003974131453991324
2016-10-18,15656,8088,1808,4619,11962,040701,FRZN CONCENTRATED ORANGE JUICE - ICE FUTURES U.S.,189.9499969482422,0.46902146142054163,-7343,7.6665244682796025,6280,-4.564568224754708,0.07586997165430312,0.1872473726758286,-0.050487407895227654,0.0934456450917267,0.3413094303333354,-0.01792733722939702
2016-10-25,15655,8366,1860,4583,12093,040701,FRZN CONCENTRATED ORANGE JUICE - ICE FUTURES U.S.,207.6999969482422,0.47971893963589907,-7510,-1.0666836995401123,6506,1.4435360245273376,0.010014391940513312,0.03227068257383141,0.0934456450917267,0.12108815370633197,0.3501908571961637,-0.0003994290568684729
2016-11-01,16660,10133,2742,3748,12023,040701,FRZN CONCENTRATED ORANGE JUICE - ICE FUTURES U.S.,232.8500061035156,0.4966986794717887,-8275,-4.886617694027468,7391,5.653145959757266,0.05738380571935832,0.205747572815534,0.12108815370633197,-0.04552289381862107,0.3583710900906397,0.037636137301407996
2016-11-08,17002,10312,2714,3830,12418,040701,FRZN CONCENTRATED ORANGE JUICE - ICE FUTURES U.S.,222.25,0.5051170450535231,-8588,-1.8787515006002402,7598,1.2424969987995198,0.029357459379615952,0.015891294334408106,-0.04552289381862107,-0.06119237841851788,0.36409024292118314,0.029200363515935177
2016-11-15,16114,10105,2478,3347,11830,040701,FRZN CONCENTRATED ORANGE JUICE - ICE FUTURES U.S.,208.6499938964844,0.526436638947499,-8483,0.6175744030114104,7627,0.1705681684507705,0.07056730579165843,0.03520623062862593,-0.06119237841851788,0.009345853170734442,0.3683504717974016,0.026597754352567858
2016-11-22,15866,9752,2578,3265,11503,040701,FRZN CONCENTRATED ORANGE JUICE - ICE FUTURES U.S.,210.6000061035156,0.5192234967855792,-8238,1.520417028670721,7174,-2.8112200570932107,0.02769501625135428,0.03673965936739659,0.009345853170734442,0.022791964168365153,0.3716852012563099,0.005912172276372663
2016-11-29,15798,9683,2572,2984,11453,040701,FRZN CONCENTRATED ORANGE JUICE - ICE FUTURES U.S.,215.3999938964844,0.5360805165210786,-8469,-1.4559435270389511,7111,-0.3970755073742594,0.022927200942023968,0.006119951040391677,0.022791964168365153,0.007428069400431392,0.37596171859382055,-0.01882036087683402
2016-12-06,16388,9984,2597,3252,11958,040701,FRZN CONCENTRATED ORANGE JUICE - ICE FUTURES U.S.,217.0,0.5312423724676593,-8706,-1.500189897455374,7387,1.7470565894417016,0.050821827744904666,0.025912089659009617,0.007428069400431392,-0.06820277904035854,0.38027558282610063,-0.005421291601355507
2016-12-13,15364,8946,2116,3697,11186,040701,FRZN CONCENTRATED ORANGE JUICE - ICE FUTURES U.S.,202.1999969482422,0.4874381671439729,-7489,7.426165486941665,6830,-3.3988284110324627,0.0817711482899953,0.1373169408786838,-0.06820277904035854,-0.0019782092112828886,0.3841247508335629,-0.007184973287340017
2016-12-20,14233,7971,1875,3982,10643,040701,FRZN CONCENTRATED ORANGE JUICE - ICE FUTURES U.S.,201.8000030517578,0.4679969085927071,-6661,5.389221556886228,6096,-4.777401718302525,0.056615384615384616,0.12350192971765184,-0.0019782092112828886,-0.05500498481493421,0.38665929103845664,-0.010040475973535721
2016-12-27,13153,7326,1648,3731,9669,040701,FRZN CONCENTRATED ORANGE JUICE - ICE FUTURES U.S.,190.6999969482422,0.451455941610279,-5938,5.079744256305768,5678,-2.936836928265299,0.0914179104477612,0.09716960106975707,-0.05500498481493421,0.03303619901718036,0.3882205794965813,-0.029881514501577004
2017-01-03,13065,7349,1513,3617,9844,040701,FRZN CONCENTRATED ORANGE JUICE - ICE FUTURES U.S.,197.0,0.4766169154228856,-6227,-2.197217364859728,5836,1.201246863833346,0.02146943020577966,0.01782893252087565,0.03303619901718036,-0.07360406091370564,0.39061404204807726,-0.023306952660826386
2017-01-10,13221,6278,1501,4575,9449,040701,FRZN CONCENTRATED ORANGE JUICE - ICE FUTURES U.S.,182.5,0.3686559261780501,-4874,10.355912743972445,4777,-8.105625717566015,0.09647746719908729,0.1392209795603548,-0.07360406091370564,-0.04876708984375,0.3930884972021537,-0.02469007067380485
2017-01-17,12732,5287,1522,4945,9106,040701,FRZN CONCENTRATED ORANGE JUICE - ICE FUTURES U.S.,173.60000610351562,0.3268143261074458,-4161,5.392935481431057,3765,-7.654489070418275,0.05074371930823429,0.14862681744749595,-0.04876708984375,-0.04637098369085135,0.39696396456572275,-0.03675214607805486
2017-01-24,11850,3604,1300,5671,8215,040701,FRZN CONCENTRATED ORANGE JUICE - ICE FUTURES U.S.,165.5500030517578,0.21468354430379746,-2544,12.70028275212064,2304,-11.47502356267672,0.11644822123001584,0.3884584013050571,-0.04637098369085135,0.044397406881524715,0.40024445255100816,-0.034515343998463476
2017-01-31,11922,4011,1493,5448,8094,040701,FRZN CONCENTRATED ORANGE JUICE - ICE FUTURES U.S.,172.89999389648438,0.22194262707599396,-2646,-0.8607594936708861,2518,1.8059071729957805,0.025402451631959828,0.10901162790697674,0.044397406881524715,-0.01677266627447427,0.4033044912639989,-0.03157961004739606
2017-02-07,11550,3728,1593,5477,7678,040701,FRZN CONCENTRATED ORANGE JUICE - ICE FUTURES U.S.,170.0,0.19056277056277057,-2201,3.732595202147291,2135,-3.212548230162724,0.0338274420372482,0.07197895132493892,-0.01677266627447427,0.0,0.40521217101721985,-0.017022395621000535
2017-02-14,11689,3320,1573,5742,7832,040701,FRZN CONCENTRATED ORANGE JUICE - ICE FUTURES U.S.,170.0,0.17880058174351954,-2090,0.9610389610389611,1747,-3.3593073593073592,0.03086783556799764,0.08747189863069692,0.0,0.0320588055778952,0.4057256868262465,-0.0046975771295789115
2017-02-21,11114,3399,1440,5643,7915,040701,FRZN CONCENTRATED ORANGE JUICE - ICE FUTURES U.S.,175.4499969482422,0.20442684901925498,-2272,-1.5570194199674907,1959,1.8136709727093847,0.013423808821360083,0.04381070469105187,0.0320588055778952,-0.06070102069951089,0.4076954604296889,0.014810665166514473
2017-02-28,10304,3463,1448,4945,7011,040701,FRZN CONCENTRATED ORANGE JUICE - ICE FUTURES U.S.,164.8000030517578,0.20050465838509315,-2066,1.8535180852978224,2015,0.5038689940615441,0.13399130143860824,0.014660965180207697,-0.06070102069951089,0.08616502843014184,0.4089503581409779,-0.01141866588212944
2017-03-07,10361,3710,1332,4670,6903,040701,FRZN CONCENTRATED ORANGE JUICE - ICE FUTURES U.S.,179.0,0.2155197374770775,-2233,-1.6207298136645965,2378,3.5229037267080745,0.03309427114836257,0.07199523998413328,0.08616502843014184,-0.020670374012526138,0.4120370903049899,0.014278281774554027
2017-03-14,10763,3980,1145,4528,7423,040701,FRZN CONCENTRATED ORANGE JUICE - ICE FUTURES U.S.,175.3000030517578,0.2689770510080832,-2895,-6.389344657851559,2835,4.4107711610848375,0.055392854154464065,0.08917073170731707,-0.020670374012526138,0.08556759691311133,0.416132764980947,0.009170928013511576
2017-03-21,11460,4704,918,4112,8444,040701,FRZN CONCENTRATED ORANGE JUICE - ICE FUTURES U.S.,190.3000030517578,0.37801047120418846,-4332,-13.351296107033356,3786,8.835826442441698,0.1144472762026123,0.16915688367129136,0.08556759691311133,-0.10404625714258453,0.421469215164656,0.02233892548252873
2017-03-28,11026,4800,881,3822,8575,040701,FRZN CONCENTRATED ORANGE JUICE - ICE FUTURES U.S.,170.5,0.4310720116089244,-4753,-3.6736474694589876,3919,1.1605584642233857,0.03395982899088489,0.023411371237458192,-0.10404625714258453,-0.09032254484741564,0.4262114264380395,0.011685456875774446
2017-04-04,11346,3476,1458,5391,8098,040701,FRZN CONCENTRATED ORANGE JUICE - ICE FUTURES U.S.,155.10000610351562,0.23858628591574124,-2707,18.556140032650102,2018,-17.241066569925632,0.15167914597079102,0.3852857721929469,-0.09032254484741564,0.042875523112785086,0.42307635346518785,-0.03290332052837736
2017-04-11,11010,3295,1396,5425,7806,040701,FRZN CONCENTRATED ORANGE JUICE - ICE FUTURES U.S.,161.75,0.21625794732061762,-2381,2.873259298431165,1899,-1.0488277807156707,0.024639105131887235,0.051801321679812405,0.042875523112785086,0.011746484676874003,0.4189624132805601,-0.01661875011745491
2017-04-18,11585,3445,1430,6022,8379,040701,FRZN CONCENTRATED ORANGE JUICE - ICE FUTURES U.S.,163.64999389648438,0.20345274061286145,-2357,0.21798365122615804,2015,1.0535876475930972,0.08124435803069231,0.037743589743589746,0.011746484676874003,-0.03421931594002259,0.4151987509862628,-0.03556158243713913
2017-04-25,10708,3260,1333,5524,7726,040701,FRZN CONCENTRATED ORANGE JUICE - ICE FUTURES U.S.,158.0500030517578,0.2056406425102727,-2202,1.3379369874838154,1927,-0.7596029348295209,0.08686792452830189,0.06139777922926192,-0.03421931594002259,0.010123320555726956,0.4130893675675146,-0.017634541807426237
2017-05-02,10541,3397,1215,5395,7712,040701,FRZN CONCENTRATED ORANGE JUICE - ICE FUTURES U.S.,159.64999389648438,0.21980836732757802,-2317,-1.0739633918565559,2182,2.381397086290624,0.010910200656137941,0.05529054640069384,0.010123320555726956,-0.07359849952527153,0.41147671647214756,0.007602530491228148
2017-05-09,10618,3057,1478,5409,7407,040701,FRZN CONCENTRATED ORANGE JUICE - ICE FUTURES U.S.,147.89999389648438,0.18817103032586174,-1998,3.02627834171331,1579,-5.7205198747746895,0.024890761548064917,0.13296582138919516,-0.07359849952527153,-0.03076394848368491,0.40871312610807486,-0.021721209207319552
2017-05-16,11049,3216,1803,5578,7370,040701,FRZN CONCENTRATED ORANGE JUICE - ICE FUTURES U.S.,143.35000610351562,0.16218662322382116,-1792,1.9401017140704464,1413,-1.5633829346392916,0.015909793018226752,0.09643355250049811,-0.03076394848368491,-0.052668313430735525,0.4044228422223525,-0.03264159835203733
2017-05-23,11774,3061,2543,6172,7024,040701,FRZN CONCENTRATED ORANGE JUICE - ICE FUTURES U.S.,135.8000030517578,0.0723628333616443,-852,8.507557244999548,518,-8.10028056837723,0.07123370718399515,0.15970735189150606,-0.052668313430735525,0.004786405610290201,0.3979706596130939,-0.03741827315448493
2017-05-30,12024,2968,3351,6474,6552,040701,FRZN CONCENTRATED ORANGE JUICE - ICE FUTURES U.S.,136.4499969482422,0.006487025948103792,-78,6.573806692712757,-383,-7.652454560896891,0.05941962229387379,0.1425858521918025,0.004786405610290201,-0.028581854039642862,0.3902862972701603,-0.038804332367438
2017-06-06,12320,2569,3941,7074,5878,040701,FRZN CONCENTRATED ORANGE JUICE - ICE FUTURES U.S.,132.5500030517578,-0.09707792207792208,1196,10.595475715236194,-1372,-8.22521623419827,0.09836318715256331,0.15192012288786483,-0.028581854039642862,0.06412674314825129,0.37965386307565324,-0.02717278645604109
2017-06-13,12667,2351,4000,7724,6309,040701,FRZN CONCENTRATED ORANGE JUICE - ICE FUTURES U.S.,141.0500030517578,-0.11170758664245678,1415,1.7775974025974024,-1649,-2.2483766233766236,0.07703270861540654,0.043615178712013855,0.06412674314825129,-0.03863875810227624,0.36859161816456754,-0.003089020793885014
2017-06-20,11728,2069,3757,7046,5596,040701,FRZN CONCENTRATED ORANGE JUICE - ICE FUTURES U.S.,135.60000610351562,-0.12363574351978172,1450,0.27630851819688956,-1688,-0.30788663456224835,0.11003005853504193,0.09011328527291453,-0.03863875810227624,0.05420346986648106,0.3569446065078555,0.0004230446581444072
2017-06-27,10829,2092,4041,6617,4704,040701,FRZN CONCENTRATED ORANGE JUICE - ICE FUTURES U.S.,142.9499969482422,-0.17665527749561363,1913,3.9478171896316505,-1949,-2.225443383356071,0.11668580514088861,0.05005706831893038,0.05420346986648106,-0.08359564325537494,0.34394793583230254,0.012696457998268323
2017-07-11,10703,2066,4250,6754,4433,040701,FRZN CONCENTRATED ORANGE JUICE - ICE FUTURES U.S.,131.0,-0.21685508735868447,2321,3.767660910518053,-2184,-2.170098808754271,0.036470903727540895,0.03720709309689677,-0.08359564325537494,-0.03282445077677709,0.3300016791612684,-0.0009765237298631689
2017-07-18,11682,1901,5502,7262,3905,040701,FRZN CONCENTRATED ORANGE JUICE - ICE FUTURES U.S.,126.6999969482422,-0.28736517719568566,3357,9.679529103989536,-3601,-13.239278706904607,0.09277335004925226,0.19140888828853167,-0.03282445077677709,0.04696130301149726,0.3144360447563769,-0.02553716082701886
2017-07-25,11728,2019,5993,7330,3621,040701,FRZN CONCENTRATED ORANGE JUICE - ICE FUTURES U.S.,132.64999389648438,-0.31625170532060026,3709,3.0131826741996233,-3974,-3.192946413285396,0.03214318327093416,0.07601098352471293,0.04696130301149726,-0.004146157695249841,0.2980548001843636,-0.003821121483435441
2017-08-01,12066,2008,5704,7468,3954,040701,FRZN CONCENTRATED ORANGE JUICE - ICE FUTURES U.S.,132.10000610351562,-0.29123155975468257,3514,-1.6626875852660299,-3696,2.370395634379263,0.041236210821222204,0.03890041493775934,-0.004146157695249841,-0.00416353540004244,0.2820407493059424,-0.018572645956009718
2017-08-08,12848,1985,5918,8187,4478,040701,FRZN CONCENTRATED ORANGE JUICE - ICE FUTURES U.S.,131.5500030517578,-0.28868306351183065,3709,1.6161113873694681,-3933,-1.964196916956738,0.09814449269640742,0.029988611919524233,-0.00416353540004244,0.0589129594846971,0.267488306342011,0.001455729696044485
2017-08-15,12271,1963,5541,7553,4379,040701,FRZN CONCENTRATED ORANGE JUICE - ICE FUTURES U.S.,139.3000030517578,-0.2586586260288485,3174,-4.164072229140722,-3578,2.7630759651307595,0.06143144485417365,0.05317164179104478,0.0589129594846971,-0.05312282119996736,0.2542169866657295,0.02409842863484834
2017-08-22,10451,1985,5185,5970,3570,040701,FRZN CONCENTRATED ORANGE JUICE - ICE FUTURES U.S.,131.89999389648438,-0.22964309635441585,2400,-6.307554396544698,-3200,3.080433542498574,0.2507337526205451,0.052719665271966525,-0.05312282119996736,-0.007960484014827074,0.24169572587006624,-0.0006300871658736451
2017-08-29,10267,1788,5287,5964,3327,040701,FRZN CONCENTRATED ORANGE JUICE - ICE FUTURES U.S.,130.85000610351562,-0.2568423103146002,2637,2.2677255764998563,-3499,-2.860970242082097,0.02680012915724895,0.04226148409893993,-0.007960484014827074,0.11196020797197925,0.22740687746749547,-0.0015847252966294028
2017-09-05,9687,1780,5038,5090,2978,040701,FRZN CONCENTRATED ORANGE JUICE - ICE FUTURES U.S.,145.5,-0.21802415608547537,2112,-5.113470341872017,-3258,2.347326385506964,0.1515865146256817,0.03769433851569375,0.11196020797197925,0.08006868657377586,0.2129889583892505,0.02707753767284968
2017-09-12,9090,2057,2501,4498,5118,040701,FRZN CONCENTRATED ORANGE JUICE - ICE FUTURES U.S.,157.14999389648438,0.06820682068206821,-620,-28.20274594817797,-444,29.04924125116135,0.28410981697171384,0.6173760421237385,0.08006868657377586,-0.031816736838650606,0.20336472001929232,0.03221197590103742
2017-09-19,8859,1818,2189,4358,5150,040701,FRZN CONCENTRATED ORANGE JUICE - ICE FUTURES U.S.,152.14999389648438,0.08940060954961057,-792,-1.892189218921892,-371,0.8030803080308031,0.01809002944888515,0.1375093586224108,-0.031816736838650606,-0.02859014800674975,0.19445971591980754,0.03735639795780552
2017-09-26,8390,1579,2065,4358,4757,040701,FRZN CONCENTRATED ORANGE JUICE - ICE FUTURES U.S.,147.8000030517578,0.047556615017878424,-399,4.436166610226888,-486,-1.2981149113895474,0.043115743280307185,0.09961580680570802,-0.02859014800674975,0.05074424793735344,0.18469698131627157,0.03237570717773749
2017-10-03,8622,1649,2311,4515,4714,040701,FRZN CONCENTRATED ORANGE JUICE - ICE FUTURES U.S.,155.3000030517578,0.023080491765251683,-199,2.3837902264600714,-662,-2.097735399284863,0.021670820240546104,0.0797979797979798,0.05074424793735344,0.03831292228796146,0.17467254283628808,0.017448399860902478
2017-10-10,9007,1704,2471,4284,4936,040701,FRZN CONCENTRATED ORANGE JUICE - ICE FUTURES U.S.,161.25,0.07238814255578994,-652,-5.254001391788448,-767,-1.2178148921363952,0.04913232104121475,0.05149700598802395,0.03831292228796146,-0.05271317829457367,0.16561800136494903,0.0071370419623732915
2017-10-17,9209,2121,2371,4239,5313,040701,FRZN CONCENTRATED ORANGE JUICE - ICE FUTURES U.S.,152.75,0.11662504072103377,-1074,-4.685244809592539,-250,5.739980015543466,0.04417922948073702,0.11509349955476403,-0.05271317829457367,-0.007528601613645658,0.1577807219793298,0.0019365845899929144
2017-10-24,8556,1919,2175,4144,5060,040701,FRZN CONCENTRATED ORANGE JUICE - ICE FUTURES U.S.,151.60000610351562,0.10705937353903694,-916,1.7157128895645566,-256,-0.06515365403409708,0.03780964797913951,0.09721543722520762,-0.007528601613645658,0.030672781723433795,0.15081991259699318,0.007178023815439741
2017-10-31,7794,1883,2186,3406,4509,040701,FRZN CONCENTRATED ORANGE JUICE - ICE FUTURES U.S.,156.25,0.14151911726969463,-1103,-2.1856007480130906,-303,-0.5493221131369799,0.16285533796588755,0.0115507495699189,0.030672781723433795,0.02432001953125007,0.14431606985918155,0.0021835952454858387
2017-11-07,8001,2023,2243,3382,4708,040701,FRZN CONCENTRATED ORANGE JUICE - ICE FUTURES U.S.,160.0500030517578,0.16572928383952007,-1326,-2.861175263022838,-220,1.0649217346676931,0.027564894932014833,0.04617909048288795,0.02432001953125007,0.008434806741553169,0.13795127378933023,-0.0013131064103765813
2017-11-14,9097,2690,2295,3746,5704,040701,FRZN CONCENTRATED ORANGE JUICE - ICE FUTURES U.S.,161.39999389648438,0.21523579201934703,-1958,-7.899012623422072,395,7.686539182602174,0.1439153439153439,0.14423269809428285,0.008434806741553169,0.03314749879697576,0.13237663430790375,0.013878005051932698
2017-11-21,10616,3852,2619,4140,6734,040701,FRZN CONCENTRATED ORANGE JUICE - ICE FUTURES U.S.,166.75,0.24434815373021854,-2594,-6.991315818401671,1233,9.211828075189622,0.13095457053522164,0.229639932004327,0.03314749879697576,-0.008695633872516817,0.126951855746033,0.023856923693122114
2017-11-28,10848,4098,2601,4124,6954,040701,FRZN CONCENTRATED ORANGE JUICE - ICE FUTURES U.S.,165.3000030517578,0.26087758112094395,-2830,-2.223059532780708,1497,2.4868123587038435,0.021303484383462717,0.03940886699507389,-0.008695633872516817,-0.019661221657584438,0.1219836650601746,0.014200368613986356
2017-12-05,10742,4118,2687,3998,6690,040701,FRZN CONCENTRATED ORANGE JUICE - ICE FUTURES U.S.,162.0500030517578,0.250605101470862,-2692,1.2721238938053099,1431,-0.6084070796460177,0.03648952095808383,0.015576781778104336,-0.019661221657584438,-0.07466834850753412,0.11649375323228583,0.003300908504231936
2017-12-12,9798,2786,2437,4569,5944,040701,FRZN CONCENTRATED ORANGE JUICE - ICE FUTURES U.S.,149.9499969482422,0.14033476219636662,-1375,12.260286725004654,349,-10.072612176503444,0.12527347094074004,0.3028910587784798,-0.07466834850753412,-0.061020300651574266,0.10897629918860713,-0.017623817463509595
2017-12-19,9161,1845,2213,5049,5438,040701,FRZN CONCENTRATED ORANGE JUICE - ICE FUTURES U.S.,140.8000030517578,0.0424626132518284,-389,10.063278220044907,-368,-7.317819963257807,0.09402116906646324,0.2870872350911779,-0.061020300651574266,-0.047940339870012005,0.10041907699837357,-0.041876066705349616
2017-12-26,9473,1412,3263,5953,4871,040701,FRZN CONCENTRATED ORANGE JUICE - ICE FUTURES U.S.,134.0500030517578,-0.11421936028713185,1082,16.057198995742823,-1851,-16.18818906232944,0.13590169992609016,0.3172192513368984,-0.047940339870012005,,0.0892226102891459,-0.05215951436532671
