,Open_Interest_All,NonComm_Positions_Long_All,NonComm_Positions_Short_All,Comm_Positions_Long_All,Comm_Positions_Short_All,CFTC_Contract_Market_Code,Market_and_Exchange_Names,PA_Close,HP,NetLong_Comm,Q_Comm,NetLong_NonComm,Q_NonComm,PT_Comm,PT_NonComm,Ret,Ret_Lead,HP_Smooth_52w,Basis
2015-01-06,32665,24265,3185,5531,27864,075651,PALLADIUM - NEW YORK MERCANTILE EXCHANGE,800.4000244140625,0.683698147864687,-22333,,21080,,,,,0.019115426444632044,,
2015-01-13,33826,25060,3870,5446,28003,075651,PALLADIUM - NEW YORK MERCANTILE EXCHANGE,815.7000122070312,0.6668538993673505,-22557,-0.6857492729220879,21190,0.3367518750956681,0.006696762235044396,0.051157967507777395,0.019115426444632044,-0.045298530898701284,,
2015-01-20,34518,25210,4951,5986,27085,075651,PALLADIUM - NEW YORK MERCANTILE EXCHANGE,778.75,0.611246306274987,-21099,4.310293856796547,20259,-2.7523207000532133,0.04408696440990596,0.04081429660820265,-0.045298530898701284,0.004237544517455838,,-0.013178001933054361
2015-01-27,34098,24917,5397,6087,26236,075651,PALLADIUM - NEW YORK MERCANTILE EXCHANGE,782.0499877929688,0.5909144231333217,-20149,2.752187264615563,19520,-2.140911987948317,0.02939083624663552,0.02437817510061358,0.004237544517455838,0.005434435223244494,,-0.0073420738267792615
2015-02-03,33952,23941,5041,6819,26502,075651,PALLADIUM - NEW YORK MERCANTILE EXCHANGE,786.2999877929688,0.5797302073515551,-19683,1.3666490703267054,18900,-1.8182884626664322,0.02995108190030311,0.045959561106893934,0.005434435223244494,-0.02581710302444229,,-0.004136323983728919
2015-02-10,33778,23429,5373,7015,25785,075651,PALLADIUM - NEW YORK MERCANTILE EXCHANGE,766.0,0.5556871336372787,-18770,2.689090480678605,18056,-2.4858623939679547,0.027835365853658537,0.029303520588847998,-0.02581710302444229,0.022911211217974792,,-0.015480114645456459
2015-02-17,34191,23928,5236,7037,26616,075651,PALLADIUM - NEW YORK MERCANTILE EXCHANGE,783.5499877929688,0.5726360738205961,-19579,-2.395050032565575,18692,1.8828823494582272,0.025346923008349925,0.021807708133315045,0.022911211217974792,0.008614638638452021,,0.0016900929714911027
2015-02-24,32998,24025,4762,6288,26492,075651,PALLADIUM - NEW YORK MERCANTILE EXCHANGE,790.2999877929688,0.6122795320928541,-20204,-1.8279664239127258,19263,1.670030124886666,0.02663209273947529,0.01983534234202939,0.008614638638452021,0.051689279073853456,,0.0027819223769956214
2015-03-03,32935,25100,3878,4923,27628,075651,PALLADIUM - NEW YORK MERCANTILE EXCHANGE,831.1500244140625,0.6893881888568393,-22705,-7.5792472271046725,21222,5.936723437784108,0.07683327701145894,0.06760300917937746,0.051689279073853456,-0.0329664002998481,,0.014247526723415555
2015-03-10,32909,25375,3738,4847,27678,075651,PALLADIUM - NEW YORK MERCANTILE EXCHANGE,803.75,0.6937615849767541,-22831,-0.38257173219978746,21637,1.260057689388189,0.003873943120676403,0.014254800261051763,-0.0329664002998481,-0.05219286122181177,,0.012483932589415337
2015-03-17,31255,23719,4546,5196,25077,075651,PALLADIUM - NEW YORK MERCANTILE EXCHANGE,761.7999877929688,0.6360902255639098,-19881,8.964113160533593,19173,-7.4873135008660245,0.09744656955042447,0.08717495135326375,-0.05219286122181177,0.0020346387737013583,,-0.006233222181247728
2015-03-24,30935,23232,4920,5741,24648,075651,PALLADIUM - NEW YORK MERCANTILE EXCHANGE,763.3499755859375,0.61118474220139,-18907,3.1163013917773155,18312,-2.7547592385218365,0.032051071111257365,0.030583972719522592,0.0020346387737013583,-0.037138896302677415,,-0.007889879319819219
2015-03-31,31497,23514,7748,6191,21640,075651,PALLADIUM - NEW YORK MERCANTILE EXCHANGE,735.0,0.4904911578880528,-15449,11.178277032487474,15766,-8.230160012930337,0.12424993712047716,0.09948179898918816,-0.037138896302677415,0.0458503567442603,,-0.03052712707228322
2015-04-07,31602,23474,7410,6107,22264,075651,PALLADIUM - NEW YORK MERCANTILE EXCHANGE,768.7000122070312,0.511265109803177,-16157,-2.2478331269644727,16064,0.9461218528748769,0.024955059744104897,0.012239347234814143,0.0458503567442603,-0.008455834391543293,,-0.010415746548900791
2015-04-14,31666,23383,6314,5933,23065,075651,PALLADIUM - NEW YORK MERCANTILE EXCHANGE,762.2000122070312,0.5410219162508685,-17132,-3.0852477691285363,17069,3.1801784697171063,0.03362300848334368,0.039970367377176144,-0.008455834391543293,0.015809482550487974,,0.0005724023524468394
2015-04-21,32073,22622,5191,6969,24467,075651,PALLADIUM - NEW YORK MERCANTILE EXCHANGE,774.25,0.5455679231752565,-17498,-1.155813806606455,17431,1.1431819617255101,0.07755439623361751,0.06773810807895589,0.015809482550487974,0.008524346898207913,,0.004008233439047784
2015-04-28,32578,23304,5251,6735,24858,075651,PALLADIUM - NEW YORK MERCANTILE EXCHANGE,780.8499755859375,0.556295659647615,-18123,-1.9486795747201697,18053,1.9393259127615126,0.019782863292501503,0.02598494134127123,0.008524346898207913,0.018057292773190348,,0.015314224322326587
2015-05-05,32470,22975,4354,6869,25799,075651,PALLADIUM - NEW YORK MERCANTILE EXCHANGE,794.9500122070312,0.5829996920234062,-18930,-2.4771318067407453,18621,1.7435078887592854,0.03290682012979062,0.04486077060997475,0.018057292773190348,-0.012327803814683791,,0.008448036595394505
2015-05-12,31823,22623,4637,6655,24862,075651,PALLADIUM - NEW YORK MERCANTILE EXCHANGE,785.1500244140625,0.5721333626622255,-18207,2.2266707730212505,17986,-1.9556513704958423,0.0365199733477171,0.023294203961848864,-0.012327803814683791,-0.012736419396360277,,0.007487726478846255
2015-05-19,31484,22418,5176,6401,23883,075651,PALLADIUM - NEW YORK MERCANTILE EXCHANGE,775.1500244140625,0.5552661669419388,-17482,2.2782264399962293,17242,-2.337931684630613,0.04071456874917448,0.026962383126766687,-0.012736419396360277,0.006772882454552542,,0.00037928217850855884
2015-05-26,30284,22574,4791,5946,23757,075651,PALLADIUM - NEW YORK MERCANTILE EXCHANGE,780.4000244140625,0.5881323471139875,-17811,-1.044975225511371,17783,1.7183331215855673,0.01956031377301956,0.019769778914672027,0.006772882454552542,-0.015633023866434725,,-5.8513707718900025e-05
2015-06-02,29149,23178,6359,4507,21162,075651,PALLADIUM - NEW YORK MERCANTILE EXCHANGE,768.2000122070312,0.5713746612233696,-16655,3.8171971998415004,16819,-3.183199049002774,0.15715454439206825,0.07353488844500118,-0.015633023866434725,-0.03749022043129968,,-0.008517260256813953
2015-06-09,32282,25111,10841,5481,19458,075651,PALLADIUM - NEW YORK MERCANTILE EXCHANGE,739.4000244140625,0.43296573942134936,-13977,9.187279151943462,14270,-8.744725376513776,0.1073820121095473,0.17843235425011125,-0.03749022043129968,-0.008993811461302403,,-0.014881883255925845
2015-06-16,33684,25801,13490,6078,18197,075651,PALLADIUM - NEW YORK MERCANTILE EXCHANGE,732.75,0.3597850611566322,-12119,5.755529397187287,12311,-6.0683972492410625,0.07653964984552009,0.08498129342597542,-0.008993811461302403,-0.05076767274927496,,-0.013932653544156735
2015-06-23,34821,25359,15487,7554,16662,075651,PALLADIUM - NEW YORK MERCANTILE EXCHANGE,695.5499877929688,0.26156629620056865,-9108,8.938962118513242,9872,-7.240826505165657,0.12433927981499834,0.05971208931107085,-0.05076767274927496,-0.03436124476796065,,-0.02862705404463422
2015-06-30,37100,26460,17716,8395,16496,075651,PALLADIUM - NEW YORK MERCANTILE EXCHANGE,671.6500244140625,0.218355795148248,-8101,2.89193302891933,8744,-3.239424485224433,0.04045638985978868,0.07538029699384281,-0.03436124476796065,-0.030149630408583428,0.5496419751460853,-0.03345672374952858
2015-07-07,36192,24616,17269,9288,16111,075651,PALLADIUM - NEW YORK MERCANTILE EXCHANGE,651.4000244140625,0.18852232537577365,-6823,3.4447439353099734,7347,-3.7654986522911047,0.050316941611874486,0.05469738569893757,-0.030149630408583428,0.0072151535089404195,0.5362671733027405,-0.03156093772002564
2015-07-14,36205,24152,17140,9545,16311,075651,PALLADIUM - NEW YORK MERCANTILE EXCHANGE,656.0999755859375,0.1868802651567463,-6766,0.15749336870026526,7012,-0.9256189213085764,0.017674814356435642,0.014361135328877265,0.0072151535089404195,-0.04214291176312446,0.5237890694403835,-0.027387485319559753
2015-07-21,36428,23083,17037,10523,16277,075651,PALLADIUM - NEW YORK MERCANTILE EXCHANGE,628.4500122070312,0.1579554189085319,-5754,2.795194033973208,6046,-2.668139759701699,0.037761194029850745,0.0292123629112662,-0.04214291176312446,-0.012491107436732318,0.5111741159737679,-0.02517387819671153
2015-07-28,37021,22959,17367,11190,16482,075651,PALLADIUM - NEW YORK MERCANTILE EXCHANGE,620.5999755859375,0.142945895572783,-5292,1.2682551883166795,5592,-1.246294059514659,0.03151199768719283,0.011258245300798492,-0.012491107436732318,-0.03625523829380861,0.49889984196040177,-0.019582618005371113
2015-08-04,37485,22844,18245,11311,15517,075651,PALLADIUM - NEW YORK MERCANTILE EXCHANGE,598.0999755859375,0.11220488195278111,-4206,2.9334701925933926,4599,-2.682261419194511,0.04048009542269271,0.024167052009053516,-0.03625523829380861,0.0010868156505534632,0.486425810992414,-0.0211404182557064
2015-08-11,36928,22648,17912,10615,15182,075651,PALLADIUM - NEW YORK MERCANTILE EXCHANGE,598.75,0.12367309358752167,-4567,-0.9630518874216353,4736,0.36547952514339066,0.03996588750629918,0.01304240631163708,0.0010868156505534632,-0.003757828810020847,0.47508978857351114,-0.022706462016195104
2015-08-18,36028,22934,16963,9648,15576,075651,PALLADIUM - NEW YORK MERCANTILE EXCHANGE,596.5,0.16453869212834463,-5928,-3.6855502599653382,5971,3.3443457538994803,0.05395654931810974,0.030954708374063212,-0.003757828810020847,-0.09505450495730305,0.465679149287294,-0.01293767163541263
2015-08-25,31134,18409,14118,10139,14130,075651,PALLADIUM - NEW YORK MERCANTILE EXCHANGE,539.7999877929688,0.12818783323697566,-3991,5.376373931386699,4291,-4.663039857888309,0.07981375417198895,0.22658099425093,-0.09505450495730305,0.0716932439462632,0.4557529341093435,-0.034069002697557096
2015-09-01,28619,19140,13324,7495,12956,075651,PALLADIUM - NEW YORK MERCANTILE EXCHANGE,578.5,0.19081728921345958,-5461,-4.72152630564656,5816,4.898182051776193,0.18669013740159404,0.046975110892065054,0.0716932439462632,0.012446002086484498,0.44818334425517536,-0.006529338354523889
2015-09-08,27515,18551,13130,7304,12197,075651,PALLADIUM - NEW YORK MERCANTILE EXCHANGE,585.7000122070312,0.1778302743957841,-4893,1.9846954820224325,5421,-1.3802019637303888,0.048715450489718475,0.024715128941636945,0.012446002086484498,0.022963995094261724,0.4406735367590811,-0.0036750165422244773
2015-09-15,27693,18742,13632,7150,11841,075651,PALLADIUM - NEW YORK MERCANTILE EXCHANGE,599.1500244140625,0.16939298739753728,-4691,0.734145011811739,5110,-1.1302925676903508,0.026854825970196408,0.021406066596651636,0.022963995094261724,0.019527581899570157,0.4333416300195799,0.0030076565056447514
2015-09-22,27147,18492,12097,6908,12598,075651,PALLADIUM - NEW YORK MERCANTILE EXCHANGE,610.8499755859375,0.20959958743139204,-5690,-3.6074098147546314,6395,4.640161773733435,0.05121501076591818,0.05835431037300991,0.019527581899570157,0.07620537069429112,0.4274536815304171,0.031166931572871183
2015-09-29,26595,18610,9259,6310,15390,075651,PALLADIUM - NEW YORK MERCANTILE EXCHANGE,657.4000244140625,0.34141755969167137,-9080,-12.487567687037242,9351,10.888864331233654,0.15622119815668203,0.10606767375937422,0.07620537069429112,0.07445991687557951,0.42524762712429537,0.032259750853520876
2015-10-06,26430,18887,7042,5714,17571,075651,PALLADIUM - NEW YORK MERCANTILE EXCHANGE,706.3499755859375,0.44861899356791524,-11857,-10.441812370746382,11845,9.377702575672119,0.11926132703457161,0.09618573797678276,0.07445991687557951,-0.03157073485345596,0.4258319112853859,0.04715951742636463
2015-10-13,25558,18258,6051,5468,17680,075651,PALLADIUM - NEW YORK MERCANTILE EXCHANGE,684.0499877929688,0.47781516550590813,-12212,-1.343170639424896,12207,1.3696556942867952,0.015336098151028167,0.06664198445020363,-0.03157073485345596,0.01505736127004531,0.4270997955346669,0.03406855359561408
2015-10-20,25837,18606,6161,5382,17872,075651,PALLADIUM - NEW YORK MERCANTILE EXCHANGE,694.3499755859375,0.48341525718930217,-12490,-1.0877220439784019,12445,0.9312152750606463,0.01195493248473381,0.018492348689788832,0.01505736127004531,-0.02318711910712068,0.4284406398597773,0.03298784692132645
2015-10-27,26065,19207,5919,5013,18296,075651,PALLADIUM - NEW YORK MERCANTILE EXCHANGE,678.25,0.5096105889123346,-13283,-3.0692417850369624,13288,3.2627627046483725,0.03402119353039598,0.03355090344662899,-0.02318711910712068,-0.05079249864656288,0.43032831309355773,0.008652316565572016
2015-11-03,26826,19597,6783,5317,18074,075651,PALLADIUM - NEW YORK MERCANTILE EXCHANGE,643.7999877929688,0.47554611198091407,-12757,2.0180318434682527,12814,-1.8185305965854592,0.022487281433029797,0.04753601213040182,-0.05079249864656288,-0.07176143691057058,0.4313559903409976,-0.022883079812910233
2015-11-10,27526,19410,8333,6109,17168,075651,PALLADIUM - NEW YORK MERCANTILE EXCHANGE,597.5999755859375,0.40176560342948486,-11059,6.3296801610378,11077,-6.475061507492732,0.07294754478669932,0.06261038820603396,-0.07176143691057058,-0.08584335657421993,0.43069842618740845,-0.0332165346450363
2015-11-17,27520,17536,9139,7745,16035,075651,PALLADIUM - NEW YORK MERCANTILE EXCHANGE,546.2999877929688,0.3012354651162791,-8290,10.059580033422947,8397,-9.736249364237448,0.11644238856181666,0.10046860356138707,-0.08584335657421993,-0.00915248052667883,0.42788401399021003,-0.05963971623043324
2015-11-24,28418,17009,10527,8879,15305,075651,PALLADIUM - NEW YORK MERCANTILE EXCHANGE,541.2999877929688,0.226124287423464,-6426,6.773255813953488,6482,-6.9585755813953485,0.07707575256367846,0.0695453224869262,-0.00915248052667883,-0.004895554108011124,0.423591253850492,-0.05592235319312039
2015-12-01,26853,17655,11081,7445,14037,075651,PALLADIUM - NEW YORK MERCANTILE EXCHANGE,538.6500244140625,0.24548467582765426,-6592,-0.5841368146949116,6574,0.32373847561404745,0.12577972255842101,0.04175946547884187,-0.004895554108011124,0.015965794479063655,0.4198807001416829,-0.04386119888276599
2015-12-08,26006,17545,9866,6776,14529,075651,PALLADIUM - NEW YORK MERCANTILE EXCHANGE,547.25,0.2981235099592402,-7753,-4.323539269355379,7679,4.114996462220236,0.05449425017601502,0.04833825836343074,0.015965794479063655,0.03417087657748974,0.4173958595257147,-0.021204636818496284
2015-12-15,24428,16716,9581,6108,13250,075651,PALLADIUM - NEW YORK MERCANTILE EXCHANGE,565.9500122070312,0.2923694121499918,-7142,2.3494578174267478,7135,-2.0918249634699686,0.10057857216654613,0.04236224664410389,0.03417087657748974,-0.0195246710038528,0.41489533057820016,0.008981702582716968
2015-12-22,23778,16451,8728,5581,13272,075651,PALLADIUM - NEW YORK MERCANTILE EXCHANGE,554.9000244140625,0.3234502481285222,-7691,-2.2474209923039137,7723,2.4070738496806943,0.02912003394685196,0.044402081099328805,-0.0195246710038528,0.0009911475378820978,0.41310228974585356,0.006408532903164427
2015-12-29,24119,16653,8909,5608,13353,075651,PALLADIUM - NEW YORK MERCANTILE EXCHANGE,555.4500122070312,0.3211161325096397,-7745,-0.22710068130204392,7744,0.08831693161746151,0.00569590211486736,0.014983178155073938,0.0009911475378820978,-0.03663702614792408,0.41133332518361865,0.007869739108270088
2016-01-05,25036,17162,10546,5817,12477,075651,PALLADIUM - NEW YORK MERCANTILE EXCHANGE,535.0999755859375,0.26601693561271766,-6660,4.4985281313487295,6616,-4.676810813051951,0.059309063080791515,0.07745055579615995,-0.03663702614792408,-0.12184635519382858,0.40330099417877313,-0.005263747502799078
2016-01-12,27222,17319,13438,7516,10780,075651,PALLADIUM - NEW YORK MERCANTILE EXCHANGE,469.8999938964844,0.11990301961648667,-3264,13.564467167279117,3881,-10.924269052564307,0.18561434193266288,0.09913190493221055,-0.12184635519382858,0.0572462103551552,0.392782708029718,-0.04526332828505485
2016-01-19,26180,17438,12360,6465,11015,075651,PALLADIUM - NEW YORK MERCANTILE EXCHANGE,496.7999877929687,0.17379679144385027,-4550,-4.724120196899566,5078,4.397178752479612,0.07356979405034325,0.040170481240351705,0.0572462103551552,-0.010165032039157751,0.3843702173598885,-0.02538089290966995
2016-01-26,25779,16643,12588,6611,10281,075651,PALLADIUM - NEW YORK MERCANTILE EXCHANGE,491.75,0.14236393964079289,-3670,3.361344537815126,4055,-3.907563025210084,0.05209566658773384,0.03499709212822004,-0.010165032039157751,-0.002338574268397342,0.37574424652349375,-0.02824573197488534
2016-02-02,26235,16855,12932,6924,10446,075651,PALLADIUM - NEW YORK MERCANTILE EXCHANGE,490.6000061035156,0.1342481417953116,-3522,0.5741107102680476,3923,-0.5120446875363668,0.027518710420264825,0.01866586094605029,-0.002338574268397342,0.05544227751948694,0.36717728372433517,-0.019464141131373958
2016-02-09,27198,17241,12057,6633,11603,075651,PALLADIUM - NEW YORK MERCANTILE EXCHANGE,517.7999877929688,0.18273402456062945,-4970,-5.519344387268916,5184,4.806556127310844,0.0794033779337574,0.0430404805788791,0.05544227751948694,-0.015449981051754436,0.3600051085497843,0.024737704638853067
2016-02-16,28117,17197,11509,7457,12821,075651,PALLADIUM - NEW YORK MERCANTILE EXCHANGE,509.7999877929687,0.19077426467973113,-5364,-1.4486359291124347,5688,1.8530774321641297,0.10070026629845152,0.02062286629972828,-0.015449981051754436,-0.01873281291024076,0.35266161222015224,0.00684866679126141
2016-02-23,28091,16049,12216,8734,12003,075651,PALLADIUM - NEW YORK MERCANTILE EXCHANGE,500.25,0.11637179167704959,-3269,7.451008286801579,3833,-6.597432158480634,0.1010271495394705,0.06562886962674686,-0.01873281291024076,0.034682609866941494,0.34312492490446367,0.0047190749520162
2016-03-01,25293,15333,13076,8179,10007,075651,PALLADIUM - NEW YORK MERCANTILE EXCHANGE,517.5999755859375,0.07227296089827225,-1828,5.129756861628279,2257,-5.610337830621908,0.1402727372704278,0.05547537752120807,0.034682609866941494,0.09582696862561702,0.3312573243667989,0.013888628297953481
2016-03-08,23425,14864,9601,6741,11963,075651,PALLADIUM - NEW YORK MERCANTILE EXCHANGE,567.2000122070312,0.22292422625400213,-5222,-13.418732455620134,5263,11.884711184912822,0.1814585115483319,0.16120989168199468,0.09582696862561702,0.00564177034231661,0.3222027597759768,0.023796304814483155
2016-03-15,22064,14001,7703,6375,12708,075651,PALLADIUM - NEW YORK MERCANTILE EXCHANGE,570.4000244140625,0.2870286439448876,-6333,-4.742796157950907,6298,4.418356456776948,0.0582193575433632,0.12721157390342794,0.00564177034231661,0.06127270279796537,0.31549003705253403,0.02893203691485498
2016-03-22,22446,14919,6719,5655,14152,075651,PALLADIUM - NEW YORK MERCANTILE EXCHANGE,605.3499755859375,0.3785529715762274,-8497,-9.807831762146483,8200,8.62037708484409,0.1092543040339274,0.08790091505684444,0.06127270279796537,-0.05385310465137616,0.31101634915589627,0.04817665497134486
2016-03-29,22670,14502,7610,6371,13434,075651,PALLADIUM - NEW YORK MERCANTILE EXCHANGE,572.75,0.31155712395235996,-7063,6.388666132050254,6892,-5.82731889869019,0.07240595809139107,0.0591534008683068,-0.05385310465137616,-0.046093451617743364,0.3075753100417483,0.026858153214885445
2016-04-05,22736,14295,8839,6753,12149,075651,PALLADIUM - NEW YORK MERCANTILE EXCHANGE,546.3499755859375,0.2373328641801548,-5396,7.353330392589324,5456,-6.3343625937362145,0.08819172574330758,0.06207313910261952,-0.046093451617743364,-0.0014642405577318662,0.3023073822413056,-0.008292307124519931
2016-04-12,24523,14775,11886,7795,10589,075651,PALLADIUM - NEW YORK MERCANTILE EXCHANGE,545.5499877929688,0.11393385801084696,-2794,11.444405348346235,2889,-11.290464461646728,0.1415361183637946,0.13229061175499793,-0.0014642405577318662,0.06901296903401333,0.2940941503520744,-0.010085208691068388
2016-04-19,24352,14958,11346,7364,11049,075651,PALLADIUM - NEW YORK MERCANTILE EXCHANGE,583.2000122070312,0.15132227332457293,-3685,-3.633323818456143,3612,2.9482526607674426,0.04838972465106175,0.027486313868613138,0.06901296903401333,0.03780862025280829,0.2865125032395613,-0.008132435743908348
2016-04-26,22958,14520,8068,5990,12739,075651,PALLADIUM - NEW YORK MERCANTILE EXCHANGE,605.25,0.2939716003136162,-6749,-12.582128777923785,6452,11.662286465177397,0.1635965614821934,0.16451213033469098,0.03780862025280829,0.006360967510842697,0.2814678097908305,0.014707289925597137
2016-05-03,22749,14275,7080,5766,13443,075651,PALLADIUM - NEW YORK MERCANTILE EXCHANGE,609.0999755859375,0.33746538309376234,-7677,-4.042163951563725,7195,3.2363446293231117,0.04831068769847467,0.05773823460547881,0.006360967510842697,-0.02733535387665953,0.2767459961575681,0.027546661826606745
2016-05-10,24651,14313,7559,6866,13618,075651,PALLADIUM - NEW YORK MERCANTILE EXCHANGE,592.4500122070312,0.2739036955904426,-6752,4.066112796166864,6754,-1.9385467493076618,0.062243702401874636,0.023637527432333577,-0.02733535387665953,-0.013587623642677404,0.2710108102523416,0.02123473930490566
2016-05-17,24978,13855,7511,7482,13827,075651,PALLADIUM - NEW YORK MERCANTILE EXCHANGE,584.4000244140625,0.25402354071582994,-6345,1.651048639000446,6344,-1.6632185306884102,0.03871603547796706,0.023682486193016942,-0.013587623642677404,-0.07982550045379488,0.26521768282491637,0.0008113233492637029
2016-05-24,23153,12824,8682,7527,11510,075651,PALLADIUM - NEW YORK MERCANTILE EXCHANGE,537.75,0.1720295426078694,-3983,9.456321562975418,4142,-8.815757866922892,0.12407417135052792,0.10239003068911001,-0.07982550045379488,0.018596001859600086,0.2572157058151834,-0.02901373476185603
2016-05-31,22341,13870,9919,6890,10351,075651,PALLADIUM - NEW YORK MERCANTILE EXCHANGE,547.75,0.15491696880175462,-3461,2.2545674426640177,3951,-0.8249470910897077,0.10417029174641843,0.09596872504098533,0.018596001859600086,0.00949340430311496,0.2492069040378446,-0.025869877298702056
2016-06-07,23144,14921,10958,6672,10315,075651,PALLADIUM - NEW YORK MERCANTILE EXCHANGE,552.9500122070312,0.157405807120636,-3643,-0.8146457186339018,3963,0.0537129045253122,0.014952610820038853,0.08076046215077862,0.00949340430311496,-0.02965914468218178,0.2439076745705232,-0.016465748945575547
2016-06-14,23750,15164,12281,7031,9521,075651,PALLADIUM - NEW YORK MERCANTILE EXCHANGE,536.5499877929688,0.10484210526315789,-2490,4.981852748012444,2883,-4.666436225371587,0.06965925567907201,0.057059573692840225,-0.02965914468218178,0.032615786782484335,0.23900492541872562,-0.020558698984540012
2016-06-21,23998,15251,13333,7115,8933,075651,PALLADIUM - NEW YORK MERCANTILE EXCHANGE,554.0499877929688,0.0757563130260855,-1818,2.8294736842105266,1918,-4.063157894736842,0.04187437686939183,0.03984746711446963,0.032615786782484335,0.0328490436026001,0.23543165651152398,0.007731546483260802
2016-06-28,21616,14032,9916,5926,9909,075651,PALLADIUM - NEW YORK MERCANTILE EXCHANGE,572.25,0.18426165803108807,-3983,-9.02158513209434,4116,9.159096591382616,0.1367224502683928,0.19358610322365125,0.0328490436026001,0.05399742143130193,0.2347760000285017,0.011261127326066296
2016-07-05,21620,14011,7581,5739,12535,075651,PALLADIUM - NEW YORK MERCANTILE EXCHANGE,603.1500244140625,0.31433857539315446,-6796,-13.013508512213177,6430,10.705033308660251,0.15393455182226112,0.10911448684698036,0.05399742143130193,0.04285828490357724,0.2371955432980667,0.02220246771106296
2016-07-12,22949,15000,6961,5653,14552,075651,PALLADIUM - NEW YORK MERCANTILE EXCHANGE,629.0,0.3877728877075254,-8899,-9.727104532839963,8039,7.44218316373728,0.10408314773570898,0.07326624470652521,0.04285828490357724,0.044356159640798865,0.24105886296250478,0.03977837895571319
2016-07-19,23595,16557,6265,4537,15845,075651,PALLADIUM - NEW YORK MERCANTILE EXCHANGE,656.9000244140625,0.47925407925407926,-11308,-10.497189420018302,10292,9.817421238398188,0.11819252281424787,0.09872053281920953,0.044356159640798865,0.05221492847951015,0.2472376833537653,0.04259504004443023
2016-07-26,26677,19628,6173,4265,18830,075651,PALLADIUM - NEW YORK MERCANTILE EXCHANGE,691.2000122070312,0.5459759343254489,-14565,-13.803771985590169,13455,13.405382496291587,0.14102619614635203,0.12259214759117863,0.05221492847951015,0.03645835035009126,0.2549882610220858,0.047223889261799386
2016-08-02,29287,22416,7187,4071,20377,075651,PALLADIUM - NEW YORK MERCANTILE EXCHANGE,716.4000244140625,0.5567658005258306,-16306,-6.526221089327885,15229,6.6499231547775235,0.07121236910994765,0.12843292909502416,0.03645835035009126,-0.032523796809166616,0.2635375094561829,0.04303260293377218
2016-08-09,30272,22727,6961,4897,21423,075651,PALLADIUM - NEW YORK MERCANTILE EXCHANGE,693.0999755859375,0.5459170190274841,-16526,-0.751186533274149,15766,1.8335780380373545,0.07112462006079028,0.018088116410670978,-0.032523796809166616,0.0157986042313365,0.2716575849454129,0.024815932220640526
2016-08-16,29123,21560,6337,4832,21232,075651,PALLADIUM - NEW YORK MERCANTILE EXCHANGE,704.0499877929688,0.563128798544106,-16400,0.4162262156448203,15223,-1.7937367864693445,0.009821976672805401,0.06420045166146897,0.0157986042313365,-0.007243769156114466,0.27932277929956223,0.017827169091210446
2016-08-23,27809,20637,5747,4309,20481,075651,PALLADIUM - NEW YORK MERCANTILE EXCHANGE,698.9500122070312,0.5815383508935956,-16172,0.7828863784637572,14890,-1.143426158019435,0.05139169019766035,0.057345360824742266,-0.007243769156114466,-0.03004506707667065,0.2880410584852664,0.0031174827511010615
2016-08-30,25545,20052,6254,3538,18178,075651,PALLADIUM - NEW YORK MERCANTILE EXCHANGE,677.9500122070312,0.5731062830299471,-14640,5.509007875148334,13798,-3.926786292207559,0.14155461410941242,0.041511442256519426,-0.03004506707667065,0.03429456387840579,0.2953927699048143,-0.013595508723611184
2016-09-06,25451,19541,6289,3568,18015,075651,PALLADIUM - NEW YORK MERCANTILE EXCHANGE,701.2000122070312,0.5676397783977054,-14447,0.7555294578195341,13252,-2.1374045801526718,0.008942223045915767,0.02113821138211382,0.03429456387840579,-0.06431836257267187,0.3028891065202358,0.0031959704107284532
2016-09-13,24477,18405,5538,3659,16699,075651,PALLADIUM - NEW YORK MERCANTILE EXCHANGE,656.0999755859375,0.5327450259427218,-13040,5.528270009036973,12867,-1.5127106989902166,0.06911287945770704,0.07881217892494675,-0.06431836257267187,0.04244785498768233,0.30987664572302787,-0.016971361022217878
2016-09-20,24674,18489,5969,3433,17351,075651,PALLADIUM - NEW YORK MERCANTILE EXCHANGE,683.9500122070312,0.5640755451082111,-13918,-3.587040895534584,12520,-1.4176573926543286,0.042244033872209395,0.021056505029029355,0.04244785498768233,0.023685959379919685,0.3166934910629667,-0.004414984412434568
2016-09-27,26048,19499,5872,3669,18444,075651,PALLADIUM - NEW YORK MERCANTILE EXCHANGE,700.1500244140625,0.5672220515970516,-14775,-3.4732917240820296,13627,4.486504012320661,0.060100393433726765,0.04363249379212487,0.023685959379919685,-0.0023566726508984503,0.3210358851380702,0.008986999590978198
2016-10-04,27978,20944,6893,4057,19224,075651,PALLADIUM - NEW YORK MERCANTILE EXCHANGE,698.5,0.5421045106869683,-15167,-1.5049140049140048,14051,1.6277641277641277,0.05016966625144968,0.08858713223407695,-0.0023566726508984503,-0.07358629121555116,0.3228336835442058,-0.0001353143685683269
2016-10-11,25107,19325,6886,3495,16428,075651,PALLADIUM - NEW YORK MERCANTILE EXCHANGE,647.0999755859375,0.5151153064882303,-12933,7.984845235542212,12439,-5.761669883479877,0.16854891331626762,0.062035023463431385,-0.07358629121555116,-0.013521867300453905,0.323550993947712,-0.002455299156239428
2016-10-18,22997,16076,6574,4518,14737,075651,PALLADIUM - NEW YORK MERCANTILE EXCHANGE,638.3499755859375,0.444362308127147,-10219,10.80973433703748,9502,-11.697932847413071,0.140950402492859,0.15721854304635763,-0.013521867300453905,-0.007127732383466201,0.32279997569651664,-0.016581433222546734
2016-10-25,21605,14185,6415,5033,13402,075651,PALLADIUM - NEW YORK MERCANTILE EXCHANGE,633.7999877929688,0.387364036102754,-8369,8.044527547071358,7770,-7.531417141366265,0.10035259018171956,0.09951456310679611,-0.007127732383466201,-0.0003944462051357345,0.3204490804501786,-0.02444448778565926
2016-11-01,22766,13369,8400,6959,12506,075651,PALLADIUM - NEW YORK MERCANTILE EXCHANGE,633.5499877929688,0.24365281560221383,-5547,13.061791252024992,4969,-12.964591529738486,0.14497816593886462,0.12866920850751068,-0.0003944462051357345,0.04956203144040372,0.31598959398135745,-0.023941918314895814
2016-11-08,22296,12922,6637,7099,14030,075651,PALLADIUM - NEW YORK MERCANTILE EXCHANGE,664.9500122070312,0.31086293505561535,-6931,-6.079240973381358,6285,5.780549942897303,0.07875431870888353,0.11299146173117235,0.04956203144040372,0.06083165871788454,0.31424146574339845,0.007104201682977509
2016-11-15,23177,13937,4807,6819,16770,075651,PALLADIUM - NEW YORK MERCANTILE EXCHANGE,705.4000244140625,0.42934806057729646,-9951,-13.54503049874417,9130,12.760136347326876,0.12802577472550766,0.15178190354246693,0.06083165871788454,0.054295416029766175,0.31670516950226413,0.025392736122217933
2016-11-22,27518,17212,4845,6084,19301,075651,PALLADIUM - NEW YORK MERCANTILE EXCHANGE,743.7000122070312,0.48030380114833926,-13217,-14.091556284247314,12367,13.966432238857488,0.1286586566870199,0.15020175001133426,0.054295416029766175,0.026825348769091484,0.3215932370738963,0.04025255081385913
2016-11-29,26153,19390,5131,4527,19499,075651,PALLADIUM - NEW YORK MERCANTILE EXCHANGE,763.6500244140625,0.5724773448552747,-14972,-6.377643724107856,14259,6.875499672941348,0.0730458669774411,0.10048529831572937,0.026825348769091484,-0.03810650912166447,0.3278815576321198,0.04676775260578314
2016-12-06,27640,21391,5767,3823,20411,075651,PALLADIUM - NEW YORK MERCANTILE EXCHANGE,734.5499877929688,0.6001447178002894,-16588,-6.179023438993615,15624,5.219286506328146,0.06668317240240984,0.09709846085867885,-0.03810650912166447,-0.00673883641589057,0.3336896577829092,0.025630200818367223
2016-12-13,27269,20931,5792,3775,19948,075651,PALLADIUM - NEW YORK MERCANTILE EXCHANGE,729.5999755859375,0.5930910557776229,-16173,1.5014471780028944,15139,-1.7547033285094067,0.02154027736795515,0.01814915989971186,-0.00673883641589057,-0.07983827021542833,0.3394727663142098,0.009027979692665094
2016-12-20,25156,19143,4106,4029,19677,075651,PALLADIUM - NEW YORK MERCANTILE EXCHANGE,671.3499755859375,0.6220384798855144,-15648,1.92526311929297,15037,-0.37405112031977705,0.02214629207795495,0.14942578175405394,-0.07983827021542833,0.004394149570731143,0.34521484769415195,-0.024768796406907052
2016-12-27,24290,17962,3776,4304,19258,075651,PALLADIUM - NEW YORK MERCANTILE EXCHANGE,674.2999877929688,0.6156442980650474,-14954,2.758785180473843,14186,-3.3828907616473205,0.02945420592479416,0.06950961449995399,0.004394149570731143,0.051905680904069884,0.3508788508779099,-0.030533814953924102
2017-01-03,24483,17830,3566,4363,19650,075651,PALLADIUM - NEW YORK MERCANTILE EXCHANGE,709.2999877929688,0.6243924355675367,-15287,-1.3709345409633593,14264,0.3211198023878139,0.018781493357764543,0.01598429613011778,0.051905680904069884,0.0780347350538082,0.35777068741550255,-0.0075981117205016074
2017-01-10,26971,19911,3615,4579,21902,075651,PALLADIUM - NEW YORK MERCANTILE EXCHANGE,764.6500244140625,0.6422824515220051,-17323,-8.315974349548666,16296,8.299636482457215,0.09319889732260866,0.09053812802856415,0.0780347350538082,-0.016020400979372185,0.36781644572137784,0.013532100559927497
2017-01-17,28383,21025,4632,4990,22391,075651,PALLADIUM - NEW YORK MERCANTILE EXCHANGE,752.4000244140625,0.6130782510657788,-17401,-0.28919951058544363,16393,0.3596455452152312,0.032869508053029475,0.08305725532992946,-0.016020400979372185,0.05695105554961577,0.3762641660987226,0.029149535141353284
2017-01-24,30826,22279,4702,5057,23679,075651,PALLADIUM - NEW YORK MERCANTILE EXCHANGE,795.25,0.6041004346979822,-18622,-4.301870838177782,17577,4.171511115808759,0.047153396436525614,0.049071568881805715,0.05695105554961577,-0.05143039850872366,0.38514371408059167,0.04183054269127726
2017-01-31,28488,19402,3629,5556,22311,075651,PALLADIUM - NEW YORK MERCANTILE EXCHANGE,754.3499755859375,0.5881423757371524,-16755,6.0565756179848185,15773,-5.852202686044248,0.06699680625829835,0.1715079675220355,-0.05143039850872366,0.013455325435887344,0.393872449348704,0.01674280156395467
2017-02-07,29331,19791,3828,5586,22538,075651,PALLADIUM - NEW YORK MERCANTILE EXCHANGE,764.5,0.577955064607412,-16952,-0.6915192361696153,15963,0.6669474866610503,0.009138102688095577,0.024895211482281215,0.013455325435887344,0.02151734755661372,0.4014728539649883,0.000738622525560981
2017-02-14,30408,20450,3735,5867,23476,075651,PALLADIUM - NEW YORK MERCANTILE EXCHANGE,780.9500122070312,0.5790910286766641,-17609,-2.23995090518564,16715,2.563840305478845,0.041543127832873256,0.031093653090758736,0.02151734755661372,-0.002689079439487929,0.4089404840418523,0.010072434792582899
2017-02-21,30322,20313,3622,5837,23429,075651,PALLADIUM - NEW YORK MERCANTILE EXCHANGE,778.8499755859375,0.5801728118198008,-17592,0.05590634043672718,16691,-0.07892659826361484,0.002631039431422128,0.010444955086693127,-0.002689079439487929,-0.010464099164636864,0.4178597344292129,-0.004798194183498075
2017-02-28,27645,20395,3854,4913,22487,075651,PALLADIUM - NEW YORK MERCANTILE EXCHANGE,770.7000122070312,0.6357026587086272,-17574,0.059362838862871845,16541,-0.49469032385726536,0.0681021897810219,0.012948987587116994,-0.010464099164636864,0.007849990524385175,0.42869492092556594,0.005440049658155062
2017-03-07,27966,21374,4338,4403,22070,075651,PALLADIUM - NEW YORK MERCANTILE EXCHANGE,776.75,0.6317313881141386,-17667,-0.3364080303852414,17036,1.7905588714053173,0.03501680957957164,0.05689950217797138,0.007849990524385175,-0.04390083757442875,0.43655659711518396,0.004045346410693499
2017-03-14,27837,20937,4359,4755,21786,075651,PALLADIUM - NEW YORK MERCANTILE EXCHANGE,742.6500244140625,0.6118116176312103,-17031,2.274190087963956,16578,-1.6377029249803332,0.023962925285407482,0.018105629348513598,-0.04390083757442875,0.06328687599126126,0.4428024235322286,-0.012377290015159586
2017-03-21,29594,22859,4694,4487,23289,075651,PALLADIUM - NEW YORK MERCANTILE EXCHANGE,789.6500244140625,0.6353314861120497,-18802,-6.362036138951755,18165,5.701045371268456,0.0637600806451613,0.08191485500671433,0.06328687599126126,0.006268537983707301,0.44774047188868676,0.004184216388658219
2017-03-28,32450,25824,5292,4070,25352,075651,PALLADIUM - NEW YORK MERCANTILE EXCHANGE,794.5999755859375,0.6558397534668721,-21282,-8.380077042643778,20532,7.9982428870717035,0.08429066684793692,0.1145070060419077,0.006268537983707301,0.015542457841112967,0.45436129168704276,0.00834125652300931
2017-04-04,33938,26795,5728,4132,26044,075651,PALLADIUM - NEW YORK MERCANTILE EXCHANGE,806.9500122070312,0.6456479462549355,-21912,-1.941448382126348,21067,1.6486902927580895,0.024986744432661717,0.04326169172585555,0.015542457841112967,-0.0049569365381876285,0.46221350480386547,0.01024658257066372
2017-04-11,34518,27058,6088,4269,25882,075651,PALLADIUM - NEW YORK MERCANTILE EXCHANGE,802.9500122070312,0.6261370878961701,-21613,0.8810183275384526,20970,-0.2858153102716719,0.009916752346522503,0.01879563144874193,-0.0049569365381876285,-0.03997762766434476,0.4720635669170447,0.01983716965985362
2017-04-18,33619,25060,5685,4544,24373,075651,PALLADIUM - NEW YORK MERCANTILE EXCHANGE,770.8499755859375,0.5898152830244802,-19829,5.168317979025436,19375,-4.620777565328234,0.06169381332780026,0.07809399902423159,-0.03997762766434476,0.03327498894264802,0.4804961247958891,-0.005797666128290512
2017-04-25,34121,25031,5114,4482,24774,075651,PALLADIUM - NEW YORK MERCANTILE EXCHANGE,796.5,0.5947070718912106,-20292,-1.3771974181266546,19917,1.6121835866623042,0.01582581350834017,0.019903798308177144,0.03327498894264802,0.02128061796237435,0.48627949924930436,0.0009702498007025918
2017-05-02,36686,27316,5823,4448,26438,075651,PALLADIUM - NEW YORK MERCANTILE EXCHANGE,813.4500122070312,0.5994112195387886,-21990,-4.976407490987954,21493,4.618856422730869,0.05497636469597876,0.09034672138567851,0.02128061796237435,-0.024586636793742844,0.49131691918093956,0.0024023726661802284
2017-05-09,37329,26380,5771,5583,26518,075651,PALLADIUM - NEW YORK MERCANTILE EXCHANGE,793.4500122070312,0.5608240242170967,-20935,2.8757564193425287,20609,-2.4096385542168677,0.03784928818416872,0.030729992846256726,-0.024586636793742844,-0.0020165563003057274,0.4968346178083752,-0.00250530003327091
2017-05-16,37379,25909,6008,6176,26403,075651,PALLADIUM - NEW YORK MERCANTILE EXCHANGE,791.8499755859375,0.5411327215816367,-20227,1.8966487181547858,19901,-1.8966487181547858,0.021731790417139876,0.022182535952627126,-0.0020165563003057274,-0.024815260446735543,0.5023559482096407,0.0069637998163367704
2017-05-23,33324,22714,5184,6245,24352,075651,PALLADIUM - NEW YORK MERCANTILE EXCHANGE,772.2000122070312,0.5433621413995919,-18107,5.671633805077717,17530,-6.343133845207202,0.06928783867699448,0.14406050612947166,-0.024815260446735543,0.044030043334011726,0.5094969597248661,-0.007562986312792058
2017-05-30,29926,22842,4926,4760,23225,075651,PALLADIUM - NEW YORK MERCANTILE EXCHANGE,806.2000122070312,0.6170219875693377,-18465,-1.0743008042251831,17916,1.1583243308126274,0.09333571556190816,0.013900893114376261,0.044030043334011726,0.057181809585608256,0.5183835947011658,-0.0018488105491663586
2017-06-06,34586,27455,6141,4507,26254,075651,PALLADIUM - NEW YORK MERCANTILE EXCHANGE,852.2999877929688,0.6287804313884231,-21747,-10.967052061752321,21314,11.354674864666176,0.10669354052208965,0.1734730325038695,0.057181809585608256,0.016367490797641437,0.5274484913217001,0.01842423563616334
2017-06-13,36107,28735,7138,4453,26465,075651,PALLADIUM - NEW YORK MERCANTILE EXCHANGE,866.25,0.6096324812363254,-22012,-0.7662059792979818,21597,0.8182501590238824,0.008571058930073096,0.06347392189111588,0.016367490797641437,0.02181821000180384,0.5371559985519534,0.022926195655279622
2017-06-20,36559,28887,7141,4567,26507,075651,PALLADIUM - NEW YORK MERCANTILE EXCHANGE,885.1500244140625,0.6001258240105035,-21940,0.19940731714072063,21746,0.41266236463843575,0.005020274184205445,0.004302209392694571,0.02181821000180384,-0.011184572265719561,0.547240027609346,0.03425589770315247
2017-06-27,35760,28219,7180,4622,26094,075651,PALLADIUM - NEW YORK MERCANTILE EXCHANGE,875.25,0.6004474272930649,-21472,1.2801225416450122,21039,-1.9338603353483412,0.015236358900898554,0.019972315602135655,-0.011184572265719561,-0.019765767258461908,0.5552436000951533,0.02082733203811218
2017-07-11,33097,25308,6654,4647,23693,075651,PALLADIUM - NEW YORK MERCANTILE EXCHANGE,857.9500122070312,0.5754600114814031,-19046,6.784116331096198,18654,-6.669463087248322,0.08560338743824983,0.10753394656154183,-0.019765767258461908,0.013345780108536598,0.5602651661737734,0.001807206337277474
2017-07-18,33495,25585,6486,4481,24094,075651,PALLADIUM - NEW YORK MERCANTILE EXCHANGE,869.4000244140625,0.5855500821018063,-19613,-1.7131462066048282,19099,1.344532737106082,0.01984251968503937,0.01387546381466122,0.013345780108536598,-0.008569141934464786,0.5640685737582788,0.0010528581967799498
2017-07-25,33529,25444,6155,4503,24195,075651,PALLADIUM - NEW YORK MERCANTILE EXCHANGE,861.9500122070312,0.5873124757672462,-19692,-0.23585609792506346,19289,0.5672488431109121,0.0042860129625757895,0.014937181556378366,-0.008569141934464786,0.04228784928455487,0.5661466198450705,-0.006564927394496846
2017-08-01,34842,27194,6459,3873,25309,075651,PALLADIUM - NEW YORK MERCANTILE EXCHANGE,898.4000244140625,0.6152344871132541,-21436,-5.201467386441587,20735,4.312684541739986,0.05976286752107463,0.06103467744331857,0.04228784928455487,0.00556544953709337,0.5674785150909899,0.006801497337774832
2017-08-08,35434,27922,6656,4410,26215,075651,PALLADIUM - NEW YORK MERCANTILE EXCHANGE,903.4000244140624,0.6153694192018965,-21805,-1.0590666437058722,21266,1.5240227311864991,0.04711836734693878,0.02675111342472092,0.00556544953709337,-0.007029041896708166,0.5686055077578372,0.013071676410370365
2017-08-15,35126,27931,6465,4194,26296,075651,PALLADIUM - NEW YORK MERCANTILE EXCHANGE,897.0499877929688,0.6292205204122303,-22102,-0.8381780211096688,21466,0.5644296438448947,0.009740898655296818,0.005814629608093964,-0.007029041896708166,0.04202665706488151,0.5702074981690823,0.008031440214634542
2017-08-22,36674,29046,5773,4091,28001,075651,PALLADIUM - NEW YORK MERCANTILE EXCHANGE,934.75,0.6519605169875116,-23910,-5.147184421795821,23273,5.144337527757217,0.056338028169014086,0.051896952813119276,0.04202665706488151,0.013586533519156285,0.5719158004468402,0.02050113671054432
2017-08-29,35003,28949,5480,3489,27677,075651,PALLADIUM - NEW YORK MERCANTILE EXCHANGE,947.4500122070312,0.6910264834442762,-24188,-0.7580302121393904,23469,0.5344385668320881,0.02971186549444908,0.011327659821661971,0.013586533519156285,0.016465222845475802,0.5740213414574302,0.013446587616454318
2017-09-05,34977,29204,4236,3293,29034,075651,PALLADIUM - NEW YORK MERCANTILE EXCHANGE,963.0499877929688,0.7359407610715614,-25741,-4.436762563208868,24968,4.282490072279519,0.04804033779812541,0.044826555023923444,0.016465222845475802,-0.014537147788230564,0.5771527737274612,0.016131527324652433
2017-09-12,33331,27421,4115,3383,27512,075651,PALLADIUM - NEW YORK MERCANTILE EXCHANGE,949.0499877929688,0.7239206744472113,-24129,4.608742888183664,23306,-4.751693970323355,0.05217672762582942,0.06037544393708777,-0.014537147788230564,-0.045677231066351465,0.5801581755745671,0.014282829448503955
2017-09-19,31864,26060,3644,3612,26549,075651,PALLADIUM - NEW YORK MERCANTILE EXCHANGE,905.7000122070312,0.7198405724328396,-22937,3.5762503375236268,22416,-2.6701869130839158,0.03952123603328802,0.061675195259897654,-0.045677231066351465,0.00993706511946324,0.5837561668532232,-0.007569230103607907
2017-09-26,30568,24571,3928,3791,25203,075651,PALLADIUM - NEW YORK MERCANTILE EXCHANGE,914.7000122070312,0.7004710808688825,-21412,4.785965352749184,20643,-5.564273160933969,0.0525970890529075,0.06221270921786729,0.00993706511946324,0.0036077268491627734,0.5863791579255438,-0.008488952137029207
2017-10-03,30590,24462,3944,3859,24963,075651,PALLADIUM - NEW YORK MERCANTILE EXCHANGE,918.0,0.68989865969271,-21104,1.0075896362208845,20518,-0.408924365349385,0.01068628131288599,0.004400478772090403,0.0036077268491627734,0.018246187363834432,0.588738323465845,-0.011735994891363863
2017-10-10,31198,24740,3951,3928,25349,075651,PALLADIUM - NEW YORK MERCANTILE EXCHANGE,934.75,0.6866145265722162,-21421,-1.0362863680941483,20789,0.8859104282445244,0.01554120982341087,0.009933428601303545,0.018246187363834432,0.04525272831555904,0.591517362232869,-0.0034776027906208307
2017-10-17,35235,27601,4543,3863,27538,075651,PALLADIUM - NEW YORK MERCANTILE EXCHANGE,977.0499877929688,0.6719171278558251,-23675,-7.224822103981024,23058,7.272902109109558,0.07178115346645011,0.10742284718765555,0.04525272831555904,-0.015096464033860113,0.5945327818745535,0.019077783201340712
2017-10-24,33411,26000,4385,3694,26002,075651,PALLADIUM - NEW YORK MERCANTILE EXCHANGE,962.2999877929688,0.6676842955912723,-22308,3.879665105718746,21615,-4.095359727543635,0.0574151400862069,0.05789040645055126,-0.015096464033860113,0.01896497997662494,0.5988274354796328,0.012918737231480303
2017-10-31,34052,26232,4885,3626,25721,075651,PALLADIUM - NEW YORK MERCANTILE EXCHANGE,980.5499877929688,0.6488605661928815,-22095,0.6375145910029631,21347,-0.8021310346891743,0.01189218659488193,0.023524118648970017,0.01896497997662494,0.01524655794518015,0.603856214904443,0.01670160635730419
2017-11-07,35650,27397,4609,3841,27281,075651,PALLADIUM - NEW YORK MERCANTILE EXCHANGE,995.5,0.6575035063113605,-23440,-3.949841419006226,22788,4.231763185715963,0.05703360966518861,0.045022808223458104,0.01524655794518015,-0.008588636657929416,0.611814882033465,0.015963847571889817
2017-11-14,36128,27159,4696,4453,27557,075651,PALLADIUM - NEW YORK MERCANTILE EXCHANGE,986.9500122070312,0.6395039858281665,-23104,0.9424964936886395,22463,-0.9116409537166901,0.027741330834114338,0.010202479987443102,-0.008588636657929416,0.011094799201171845,0.6181349022406295,0.0026281526867190717
2017-11-21,34806,26958,4439,4234,27407,075651,PALLADIUM - NEW YORK MERCANTILE EXCHANGE,997.9000244140624,0.6657760156294892,-23173,-0.19098759964570416,22519,0.1550044286979628,0.011662084004930313,0.014587380959964327,0.011094799201171845,0.024200784435381095,0.6226815936839409,0.009137550256550778
2017-11-28,35677,29139,4608,3860,28732,075651,PALLADIUM - NEW YORK MERCANTILE EXCHANGE,1022.0499877929688,0.6971438181461446,-24872,-4.881342297305062,24531,5.78061253806815,0.05212935689739814,0.06963581948025009,0.024200784435381095,-0.029646287515152747,0.6268515940108217,0.010433754807700294
2017-12-05,33706,28082,4500,3331,27344,075651,PALLADIUM - NEW YORK MERCANTILE EXCHANGE,991.75,0.7124250875215096,-24013,2.407713653053788,23582,-2.6599770160047087,0.06249388753056235,0.03575593886194831,-0.029646287515152747,0.024149243465622527,0.6295428967544031,-0.0007351052578085018
2017-12-12,34124,28173,4357,3240,27650,075651,PALLADIUM - NEW YORK MERCANTILE EXCHANGE,1015.7000122070312,0.7153323174305474,-24410,-1.1778318400284815,23816,0.6942384145256038,0.012852055681450307,0.007193359975407316,0.024149243465622527,0.015998758264789137,0.6317580429011389,0.007422023412232991
2017-12-19,35321,28988,4525,3280,28514,075651,PALLADIUM - NEW YORK MERCANTILE EXCHANGE,1031.949951171875,0.7144191840548116,-25234,-2.414722775758997,24463,1.8960262571796975,0.028433037680065422,0.02933190105332259,0.015998758264789137,0.025001259798332898,0.6340912761372386,0.008638207685710298
2017-12-26,36407,29957,4459,3371,29597,075651,PALLADIUM - NEW YORK MERCANTILE EXCHANGE,1057.75,0.7203559754992171,-26226,-2.8085275048837803,25498,2.9302681124543475,0.0356102887648629,0.030073221757322174,0.025001259798332898,,0.635981997206733,0.008836585624980403
