,Open_Interest_All,NonComm_Positions_Long_All,NonComm_Positions_Short_All,Comm_Positions_Long_All,Comm_Positions_Short_All,CFTC_Contract_Market_Code,Market_and_Exchange_Names,RR_Close,HP,NetLong_Comm,Q_Comm,NetLong_NonComm,Q_NonComm,PT_Comm,PT_NonComm,Ret,Ret_Lead,HP_Smooth_52w,Basis
2015-01-06,8860,869,4531,5892,2394,039601,ROUGH RICE - CHICAGO BOARD OF TRADE,1136.0,-0.39480812641083524,3498,,-3662,,,,,-0.010563380281690127,,
2015-01-13,8446,887,4821,5859,1844,039601,ROUGH RICE - CHICAGO BOARD OF TRADE,1124.0,-0.4753729576130713,4015,5.835214446952596,-3934,-3.069977426636569,0.07568479813059847,0.0539593552908199,-0.010563380281690127,0.0022241992882561235,,
2015-01-20,8704,917,4986,6018,1853,039601,ROUGH RICE - CHICAGO BOARD OF TRADE,1126.5,-0.478515625,4165,1.7759886336727444,-4069,-1.5983897703054701,0.02134417481895566,0.033034050482805354,0.0022241992882561235,-0.026187305814469597,,-0.004178307478439696
2015-01-27,9045,1013,5038,5909,1746,039601,ROUGH RICE - CHICAGO BOARD OF TRADE,1097.0,-0.4602542841348812,4163,-0.022977941176470586,-4025,0.5055147058823529,0.02821685173089484,0.024458767145926295,-0.026187305814469597,-0.05332725615314493,,-0.011575568061295038
2015-02-03,10288,1012,4977,5969,2056,039601,ROUGH RICE - CHICAGO BOARD OF TRADE,1038.5,-0.380346034214619,3913,-2.7639579878385847,-3965,0.6633499170812603,0.04610591900311527,0.010352312573050592,-0.05332725615314493,-0.014443909484833872,,-0.022208222877539437
2015-02-10,10440,989,4804,5880,2189,039601,ROUGH RICE - CHICAGO BOARD OF TRADE,1023.5,-0.353544061302682,3691,-2.1578538102643856,-3815,1.45800933125972,0.027512702937166934,0.033833937510788885,-0.014443909484833872,0.04347826086956519,,-0.02320063338714849
2015-02-17,9667,925,4664,5763,2115,039601,ROUGH RICE - CHICAGO BOARD OF TRADE,1068.0,-0.3773662977138719,3648,-0.41187739463601536,-3739,0.7279693486590039,0.024244732165524245,0.03650026838432636,0.04347826086956519,-0.02200374531835203,,-0.012700361896835159
2015-02-24,9177,778,4763,5610,1712,039601,ROUGH RICE - CHICAGO BOARD OF TRADE,1044.5,-0.42475754603901056,3898,2.586117720078618,-3985,-2.54473983655736,0.07593553673859602,0.04439631835408771,-0.02200374531835203,-0.0081378650071805,,-0.011641664498793485
2015-03-03,9089,778,4814,5725,1637,039601,ROUGH RICE - CHICAGO BOARD OF TRADE,1036.0,-0.44977445263505333,4088,2.070393374741201,-4036,-0.5557371690094802,0.02580820429231187,0.009120171673819743,-0.0081378650071805,-0.006756756756756799,,-0.00027685305547107806
2015-03-10,8963,770,4889,5732,1566,039601,ROUGH RICE - CHICAGO BOARD OF TRADE,1029.0,-0.4647997322325114,4166,0.8581802178457476,-4119,-0.9131917702717571,0.01068785968758564,0.014666902279554691,-0.006756756756756799,0.03255587949465499,,0.0016436219599022764
2015-03-17,8862,763,5046,5654,1600,039601,ROUGH RICE - CHICAGO BOARD OF TRADE,1062.5,-0.4574588129090499,4054,-1.2495816132991187,-4283,-1.829744505187995,0.015439757375241246,0.028232053709760715,0.03255587949465499,0.04705882352941182,,-0.0010862116112032988
2015-03-24,8705,710,4897,5397,1639,039601,ROUGH RICE - CHICAGO BOARD OF TRADE,1112.5,-0.43170591614014936,3758,-3.3401038140374637,-4187,1.0832769126607988,0.04206935758953951,0.036026395576957373,0.04705882352941182,-0.022471910112359605,,0.016050518810261444
2015-03-31,9228,755,4814,5370,1572,039601,ROUGH RICE - CHICAGO BOARD OF TRADE,1087.5,-0.4115734720416125,3798,0.4595060310166571,-4059,1.4704192992533027,0.013540766349755113,0.022984377805710183,-0.022471910112359605,-0.017931034482758568,,0.012517833025249921
2015-04-07,10098,758,4760,5555,1626,039601,ROUGH RICE - CHICAGO BOARD OF TRADE,1068.0,-0.3890869479104773,3929,1.4195925444299955,-4002,0.6176853055916776,0.03328227266397438,0.010329829648423342,-0.017931034482758568,-0.04400749063670417,,0.009755202517107377
2015-04-14,11168,673,5107,5788,1217,039601,ROUGH RICE - CHICAGO BOARD OF TRADE,1021.0,-0.40929441260744986,4571,6.357694592988711,-4434,-4.27807486631016,0.09164882226980728,0.07474048442906574,-0.04400749063670417,-0.022526934378060748,,-0.009381774466844916
2015-04-21,11291,745,5340,6232,1536,039601,ROUGH RICE - CHICAGO BOARD OF TRADE,998.0,-0.4159064741829776,4696,1.119269340974212,-4595,-1.4416189111747852,0.09822348094747682,0.05012325390304026,-0.022526934378060748,-0.0015030060120240218,,-0.0270982046707846
2015-04-28,11328,625,5448,6551,1712,039601,ROUGH RICE - CHICAGO BOARD OF TRADE,996.5,-0.4271716101694915,4839,1.266495438845098,-4823,-2.0193074129837925,0.05990560329178265,0.03754322410670179,-0.0015030060120240218,-0.024586051179126933,,-0.021726435333686556
2015-05-05,10826,655,5556,6603,1461,039601,ROUGH RICE - CHICAGO BOARD OF TRADE,972.0,-0.4749676704230556,5142,2.6747881355932206,-4901,-0.6885593220338982,0.03757440476190476,0.02221864434068588,-0.024586051179126933,-0.05144032921810704,,-0.02342817963801672
2015-05-12,11196,780,5965,6512,1507,039601,ROUGH RICE - CHICAGO BOARD OF TRADE,922.0,-0.44703465523401215,5005,-1.265472011823388,-5185,-2.6233142434878993,0.0170844244918319,0.07916975537435138,-0.05144032921810704,0.04663774403470722,,-0.02533224931608306
2015-05-19,11169,871,5941,6262,1496,039601,ROUGH RICE - CHICAGO BOARD OF TRADE,965.0,-0.42671680544363866,4766,-2.1346909610575207,-5070,1.0271525544837443,0.033642691415313224,0.016881972988843218,0.04663774403470722,-0.023834196891191706,,-0.007752886702600274
2015-05-26,11572,882,5982,6351,1693,039601,ROUGH RICE - CHICAGO BOARD OF TRADE,942.0,-0.40252333218112685,4658,-0.9669621273166802,-5100,-0.26860059092130006,0.03555445052212829,0.007575757575757576,-0.023834196891191706,0.03768577494692149,,-0.013395022393103114
2015-06-02,12232,1097,6078,6240,1659,039601,ROUGH RICE - CHICAGO BOARD OF TRADE,977.5,-0.37450948332243295,4581,-0.6653992395437262,-4981,1.0283442792948496,0.01835675401949614,0.04334494773519164,0.03768577494692149,0.020971867007672618,,0.002259693187266112
2015-06-09,12034,943,5530,6011,1746,039601,ROUGH RICE - CHICAGO BOARD OF TRADE,998.0,-0.35441249792255275,4265,-2.583387835186396,-4587,3.2210595160235442,0.040737398478793346,0.10845048663679902,0.020971867007672618,-0.018036072144288595,,0.020160697764167377
2015-06-16,11101,1061,5537,5957,1820,039601,ROUGH RICE - CHICAGO BOARD OF TRADE,980.0,-0.37266912890730564,4137,-1.0636529832142263,-4476,0.9223865713810869,0.016458788736016458,0.01894513488936041,-0.018036072144288595,0.0035714285714285587,,0.004188061046287992
2015-06-23,9610,1171,5482,5422,1515,039601,ROUGH RICE - CHICAGO BOARD OF TRADE,983.5,-0.4065556711758585,3907,-2.071885415728313,-4311,1.4863525808485722,0.12108980827447023,0.024800841725537353,0.0035714285714285587,0.033553634977122604,,0.010987663524114104
2015-06-30,9586,1221,4981,5120,2082,039601,ROUGH RICE - CHICAGO BOARD OF TRADE,1016.5,-0.31692050907573543,3038,-9.042663891779396,-3760,5.733610822060354,0.1206609275201333,0.08884230893260239,0.033553634977122604,0.047220855878012724,-0.4145402506516716,0.009965394703057937
2015-07-07,9302,1232,5383,5391,2110,039601,ROUGH RICE - CHICAGO BOARD OF TRADE,1064.5,-0.3527198451945818,3281,2.5349467974128936,-4151,-4.0788650114750675,0.03986135181975736,0.06243386243386243,0.047220855878012724,0.02442461249412875,-0.4122506060051127,0.01644155563004299
2015-07-14,9056,1404,4865,5109,2571,039601,ROUGH RICE - CHICAGO BOARD OF TRADE,1090.5,-0.28025618374558303,2538,-7.987529563534723,-3461,7.417759621586756,0.09674479166666666,0.11006540118041155,0.02442461249412875,0.009170105456212774,-0.40753651949584385,0.026829481984863218
2015-07-21,8726,1385,4573,4816,2485,039601,ROUGH RICE - CHICAGO BOARD OF TRADE,1100.5,-0.26713270685308277,2331,-2.2857773851590104,-3188,3.014575971731449,0.05191069716477195,0.05219872440416247,0.009170105456212774,-0.002271694684234493,-0.402695008715059,0.028191170567666544
2015-07-28,8697,1226,4346,4822,2576,039601,ROUGH RICE - CHICAGO BOARD OF TRADE,1098.0,-0.25824997125445553,2246,-0.9741003896401559,-3120,0.7792803117121246,0.013111651797783185,0.06927494615936827,-0.002271694684234493,0.043260473588342396,-0.39788017413303883,0.019445671228304998
2015-08-04,9418,1389,4153,4585,2627,039601,ROUGH RICE - CHICAGO BOARD OF TRADE,1145.5,-0.20789976640475685,1958,-3.3114867195584687,-2764,4.0933655283431065,0.03993344425956739,0.06423673763984121,0.043260473588342396,0.02924487123526842,-0.3917517738837394,0.01847417098833149
2015-08-11,10093,1313,3970,4621,3094,039601,ROUGH RICE - CHICAGO BOARD OF TRADE,1179.0,-0.15129297532943625,1527,-4.576343172648121,-2657,1.1361223189636864,0.06519766688269604,0.049025175089911034,0.02924487123526842,0.004240882103477617,-0.38423743642891744,0.019656478282518385
2015-08-18,10188,1459,4058,4416,3063,039601,ROUGH RICE - CHICAGO BOARD OF TRADE,1184.0,-0.1328032979976443,1353,-1.7239671059149906,-2599,0.5746557019716636,0.03155502072469581,0.04241435562805873,0.004240882103477617,-0.041807432432432456,-0.3766182201128183,0.01844742811542192
2015-08-25,11434,1268,3329,5135,4406,039601,ROUGH RICE - CHICAGO BOARD OF TRADE,1134.5,-0.0637572153227217,729,-6.124852767962309,-2061,5.280722418531606,0.21611990357404884,0.2001305199042854,-0.041807432432432456,0.02203613926840009,-0.367416425854286,0.008696771836333531
2015-09-01,9945,1346,3142,5138,4468,039601,ROUGH RICE - CHICAGO BOARD OF TRADE,1159.5,-0.06737053795877325,670,-0.516004897673605,-1796,2.3176491166695823,0.006766604205704768,0.05904634581105169,0.02203613926840009,0.035791289348857225,-0.3588436862001285,0.0034227507435817136
2015-09-08,9872,1553,3529,5084,4392,039601,ROUGH RICE - CHICAGO BOARD OF TRADE,1201.0,-0.07009724473257699,692,0.2212166918049271,-1976,-1.809954751131222,0.013718868720979317,0.11688311688311688,0.035791289348857225,0.07993338884263124,-0.35082295171491873,0.005052434502036154
2015-09-15,10703,2070,3502,5211,5239,039601,ROUGH RICE - CHICAGO BOARD OF TRADE,1297.0,0.002616088947024199,-28,-7.293354943273905,-1432,5.510534846029174,0.09320574162679426,0.09763101220387653,0.07993338884263124,-0.017347725520431734,-0.3412705452105419,0.023705145944025143
2015-09-22,10960,2332,3634,5231,5312,039601,ROUGH RICE - CHICAGO BOARD OF TRADE,1274.5,0.007390510948905109,-81,-0.4951882649724376,-1302,1.2146127254040924,0.008821018685383666,0.06604089842440496,-0.017347725520431734,0.045508042369556634,-0.3320952542589775,0.029659062249190658
2015-09-29,11590,2529,3812,5207,5817,039601,ROUGH RICE - CHICAGO BOARD OF TRADE,1332.5,0.05263157894736842,-610,-4.826642335766423,-1283,0.17335766423357665,0.04798621190130624,0.059138937076170954,0.045508042369556634,0.0030018761726078314,-0.32223046366394303,0.035339391290178795
2015-10-06,12473,3072,4211,5463,6170,039601,ROUGH RICE - CHICAGO BOARD OF TRADE,1336.5,0.05668243405756434,-707,-0.8369283865401207,-1139,1.2424503882657463,0.052351070231238715,0.1293423039956062,0.0030018761726078314,-0.057613168724279795,-0.3127576412209053,0.0273951967966361
2015-10-13,12471,2918,3966,5594,6298,039601,ROUGH RICE - CHICAGO BOARD OF TRADE,1259.5,0.0564509662416807,-704,0.024051952216788262,-1048,0.729575883909244,0.021779347460477633,0.057960488088320744,-0.057613168724279795,-0.03334656609765785,-0.30375255323401296,-0.006634704985533523
2015-10-20,13108,2100,3740,6593,6638,039601,ROUGH RICE - CHICAGO BOARD OF TRADE,1217.5,0.0034330180042722,-45,5.284259481998236,-1640,-4.74701307032315,0.10120172322575768,0.17876712328767122,-0.03334656609765785,-0.047227926078028726,-0.29643861106167285,-0.010669167765167919
2015-10-27,12747,1761,3602,7113,6674,039601,ROUGH RICE - CHICAGO BOARD OF TRADE,1160.0,-0.0344394759551267,439,3.6924015868172106,-1841,-1.5334147085749161,0.040327845071444116,0.08894275592019392,-0.047227926078028726,0.02543103448275863,-0.2903456079196602,-0.03438074872932748
2015-11-03,12120,1653,3094,6702,6321,039601,ROUGH RICE - CHICAGO BOARD OF TRADE,1189.5,-0.031435643564356436,381,-0.4550090217306033,-1441,3.1379932533145056,0.05866543807110497,0.1297661681061723,0.02543103448275863,-0.021857923497267784,-0.2844612905479487,-0.028594099019798452
2015-11-10,12523,1649,2794,7188,6789,039601,ROUGH RICE - CHICAGO BOARD OF TRADE,1163.5,-0.03186137506987144,399,0.1485148514851485,-1145,2.442244224422442,0.06825499034127495,0.06842223722709881,-0.021857923497267784,0.03695745595186928,-0.2788479590928803,-0.01943804596752968
2015-11-17,12435,1725,2591,6971,6864,039601,ROUGH RICE - CHICAGO BOARD OF TRADE,1206.5,-0.008604744672295939,107,-2.3317096542362052,-866,2.227900662780484,0.02110589085652331,0.06464318813716403,0.03695745595186928,0.010360547036883494,-0.2729731066054763,-0.0016757430586150656
2015-11-24,12382,1520,2548,6977,6631,039601,ROUGH RICE - CHICAGO BOARD OF TRADE,1219.0,-0.02794378937166855,346,1.9219943707277845,-1028,-1.3027744270205066,0.017563198118753676,0.06096361848574238,0.010360547036883494,-0.038966365873666975,-0.26775971687709743,0.012642523937704167
2015-12-01,12980,1588,2626,6858,6536,039601,ROUGH RICE - CHICAGO BOARD OF TRADE,1171.5,-0.024807395993836672,322,-0.1938297528670651,-1038,-0.08076239702794379,0.015977303270120948,0.03464641670621737,-0.038966365873666975,-0.06359368331199322,-0.2626982101920295,-0.0033822850783634113
2015-12-08,14485,2196,3309,7654,6999,039601,ROUGH RICE - CHICAGO BOARD OF TRADE,1097.0,-0.045219192267863306,655,2.5654853620955316,-1113,-0.5778120184899845,0.08592097181464546,0.23451407811080835,-0.06359368331199322,-0.006381039197812188,-0.25825986288745467,-0.013906763887352297
2015-12-15,15297,2637,3619,7726,7094,039601,ROUGH RICE - CHICAGO BOARD OF TRADE,1090.0,-0.04131529057985226,632,-0.15878494994822231,-982,0.904383845357266,0.01126855600539811,0.12004475703324809,-0.006381039197812188,-0.00596330275229362,-0.2539209714413026,-0.024953910445746318
2015-12-22,15787,2770,4018,7660,7087,039601,ROUGH RICE - CHICAGO BOARD OF TRADE,1083.5,-0.03629568632419079,573,-0.38569654180558277,-1248,-1.7389030528861866,0.004950159354444972,0.07837360047142015,-0.00596330275229362,0.07660359944623907,-0.24965380898802592,-0.029146767856831145
2015-12-29,14275,1697,3959,7699,5985,039601,ROUGH RICE - CHICAGO BOARD OF TRADE,1166.5,-0.12007005253940456,1714,7.227465636283018,-2262,-6.423006270982453,0.08338205203156972,0.20014144271570014,0.07660359944623907,0.0004286326618088143,-0.24716181367170625,0.00016637970416434486
2016-01-05,13412,1726,3987,7497,5828,039601,ROUGH RICE - CHICAGO BOARD OF TRADE,1167.0,-0.12444079928422308,1669,-0.31523642732049034,-2261,0.0070052539404553416,0.02694183864915572,0.009977244880098022,0.0004286326618088143,-0.015424164524421635,-0.24196244199619452,0.016042599143220305
2016-01-12,13469,1928,4086,7234,5876,039601,ROUGH RICE - CHICAGO BOARD OF TRADE,1149.0,-0.10082411463360309,1358,-2.318818968088279,-2158,0.7679689830002983,0.02372234935163997,0.05004988360492185,-0.015424164524421635,-0.05352480417754568,-0.23475957963120475,0.013815318698135416
2016-01-19,13543,1992,4055,7364,5895,039601,ROUGH RICE - CHICAGO BOARD OF TRADE,1087.5,-0.10846931994388245,1469,0.8241146336030885,-2063,0.7053233350657064,0.011237649898182366,0.015710269555151316,-0.05352480417754568,0.01839080459770126,-0.22764330453397172,0.0020187767498044155
2016-01-26,13223,1803,4398,7684,5555,039601,ROUGH RICE - CHICAGO BOARD OF TRADE,1107.5,-0.16100733570294185,2129,4.873366314701322,-2595,-3.92822860518349,0.0498527079084523,0.08579261409450088,0.01839080459770126,0.009029345372460584,-0.22188855552566517,-0.012611575514797102
2016-02-02,13040,1754,4322,7603,5519,039601,ROUGH RICE - CHICAGO BOARD OF TRADE,1117.5,-0.1598159509202454,2084,-0.340316115858731,-2568,0.2041896695152386,0.008916323731138546,0.02057274522712311,0.009029345372460584,-0.03713646532438475,-0.21764759238538878,-0.010436475732224016
2016-02-09,13444,1829,4472,7831,5653,039601,ROUGH RICE - CHICAGO BOARD OF TRADE,1076.0,-0.16200535554894377,2178,0.7208588957055215,-2643,-0.5751533742331288,0.026846633046573715,0.03570861767973338,-0.03713646532438475,0.0074349442379182396,-0.21396415573627842,-0.0159365955173683
2016-02-16,13293,1953,4319,7614,5547,039601,ROUGH RICE - CHICAGO BOARD OF TRADE,1084.0,-0.15549537350485218,2067,-0.8256471288307051,-2366,2.0603986908658136,0.024542208038902818,0.04416454081632653,0.0074349442379182396,-0.022601476014760147,-0.20969740719379726,-0.0005705054863879176
2016-02-23,12383,1492,4632,7520,4974,039601,ROUGH RICE - CHICAGO BOARD OF TRADE,1059.5,-0.20560445772429944,2546,3.6034002858647405,-3140,-5.822613405551794,0.053385625100048024,0.1263879817112998,-0.022601476014760147,-0.021236432279377104,-0.2054829247262067,-0.010877357471109728
2016-03-01,11665,1863,4649,7095,4606,039601,ROUGH RICE - CHICAGO BOARD OF TRADE,1037.0,-0.2133733390484355,2489,-0.46030848744246144,-2786,2.8587579746426552,0.06777198530040167,0.05958230958230958,-0.021236432279377104,-0.007232401157184154,-0.20093674946492554,-0.01855595920192767
2016-03-08,11923,2061,4671,7019,4839,039601,ROUGH RICE - CHICAGO BOARD OF TRADE,1029.5,-0.18283988928960831,2180,-2.6489498499785684,-2610,1.508786969567081,0.026058357227188397,0.032679738562091505,-0.007232401157184154,0.0072850898494414285,-0.19551444479294666,-0.010968779011861213
2016-03-15,12495,2001,4578,7236,4973,039601,ROUGH RICE - CHICAGO BOARD OF TRADE,1037.0,-0.1811124449779912,2263,0.6961335234420867,-2577,0.2767759791998658,0.028749283315586863,0.023255813953488372,0.0072850898494414285,0.0033751205400192053,-0.1902000915635032,-0.011006656518204379
2016-03-22,12648,2079,4675,7113,4965,039601,ROUGH RICE - CHICAGO BOARD OF TRADE,1040.5,-0.1698292220113852,2148,-0.9203681472589036,-2596,-0.1520608243297319,0.010846166583871502,0.025910571513177376,0.0033751205400192053,-0.03267659778952425,-0.1851640012917962,-0.00446209612223321
2016-03-29,12968,1928,4926,7330,4734,039601,ROUGH RICE - CHICAGO BOARD OF TRADE,1006.5,-0.20018507094386181,2596,3.542061986084757,-2998,-3.178368121442125,0.03713527851458886,0.05865188211263496,-0.03267659778952425,-0.02732240437158473,-0.18109883973222407,-0.007339062295138926
2016-04-05,13013,1908,4528,7420,5266,039601,ROUGH RICE - CHICAGO BOARD OF TRADE,979.0,-0.1655267809113963,2154,-3.408389882788402,-2620,2.9148673658235658,0.04903042724262967,0.06494717215661902,-0.02732240437158473,-0.0005107252298263143,-0.1767996057514725,-0.012411401727563845
2016-04-12,12977,1970,4401,7266,5268,039601,ROUGH RICE - CHICAGO BOARD OF TRADE,978.5,-0.15396470678893426,1998,-1.1988011988011988,-2431,1.4523937600860677,0.01244614648157013,0.02966567257887302,-0.0005107252298263143,0.058763413387838526,-0.17188941910111646,-0.01438664498894147
2016-04-19,12029,1482,3770,6890,4876,039601,ROUGH RICE - CHICAGO BOARD OF TRADE,1036.0,-0.1674287139413085,2014,0.12329506049163905,-2288,1.1019496031440241,0.06527281998980113,0.21306169078446305,0.058763413387838526,0.05694980694980689,-0.16711100063493053,-0.0004366738289143216
2016-04-26,10750,1399,3259,6420,4934,039601,ROUGH RICE - CHICAGO BOARD OF TRADE,1095.0,-0.1382325581395349,1486,-4.389392301936986,-1860,3.558068002327708,0.046503434912806056,0.1275225418634607,0.05694980694980689,0.020091324200913308,-0.16155448040358522,0.021732159339636556
2016-05-03,9760,1477,2449,5947,5383,039601,ROUGH RICE - CHICAGO BOARD OF TRADE,1117.0,-0.05778688524590164,564,-8.576744186046511,-972,8.26046511627907,0.08137687555163284,0.22618441161487518,0.020091324200913308,0.0,-0.15353177299633222,0.033264021496106744
2016-05-10,9482,1567,2139,5445,5623,039601,ROUGH RICE - CHICAGO BOARD OF TRADE,1117.0,0.018772410883779792,-178,-7.602459016393443,-572,4.098360655737705,0.06704011564871702,0.10793308148947653,0.0,0.08415398388540729,-0.1445739448017593,0.033387517846411856
2016-05-17,10006,1681,1826,5181,6416,039601,ROUGH RICE - CHICAGO BOARD OF TRADE,1211.0,0.12342594443334,-1235,-11.147437249525415,-145,4.503269352457288,0.09114426144692593,0.1217564870259481,0.08415398388540729,-0.04459124690338567,-0.13399427653489432,0.03950795916249586
2016-05-24,9836,1726,1569,5046,6556,039601,ROUGH RICE - CHICAGO BOARD OF TRADE,1157.0,0.15351769011793412,-1510,-2.7483509894063562,157,3.018189086548071,0.023702809860368903,0.09165402124430956,-0.04459124690338567,-0.05445116681071738,-0.12330117995222009,0.014803402258273294
2016-05-31,9753,2042,1649,5051,6350,039601,ROUGH RICE - CHICAGO BOARD OF TRADE,1094.0,0.13318978775761303,-1299,2.1451809678731193,393,2.3993493289955268,0.018507148495745987,0.1072879978325657,-0.05445116681071738,0.07312614259597816,-0.11353773243144999,-0.003729051736058911
2016-06-07,9753,2035,1768,5076,6288,039601,ROUGH RICE - CHICAGO BOARD OF TRADE,1174.0,0.12426945555213781,-1212,0.8920332205475239,267,-1.2919101814826206,0.007655755015839493,0.03313173810149882,0.07312614259597816,-0.0379045996592845,-0.10433231024924439,0.014454457367293318
2016-06-14,9764,2229,1707,4792,6333,039601,ROUGH RICE - CHICAGO BOARD OF TRADE,1129.5,0.15782466202376075,-1541,-3.373321029426843,522,2.614580129191018,0.029573033707865168,0.06478658536585366,-0.0379045996592845,-0.02346170872067288,-0.09413050657749311,-0.016083872492234665
2016-06-21,9847,2226,1628,4914,6350,039601,ROUGH RICE - CHICAGO BOARD OF TRADE,1103.0,0.14583121762973494,-1436,1.0753789430561247,598,0.7783695206882425,0.012340198863636364,0.02127659574468085,-0.02346170872067288,-0.03218495013599276,-0.08350768179277016,-0.01073019634938942
2016-06-28,9537,2043,2074,5014,5486,039601,ROUGH RICE - CHICAGO BOARD OF TRADE,1067.5,0.04949145433574499,-472,9.7897836904641,-31,-6.3877323042551035,0.09180952380952381,0.15278115132377945,-0.03218495013599276,-0.03653395784543323,-0.07646129788101093,-0.005119360573682875
2016-07-05,9580,2351,2276,4902,5256,039601,ROUGH RICE - CHICAGO BOARD OF TRADE,1028.5,0.036951983298538625,-354,1.2372863583936249,75,1.1114606270315612,0.03366804489072652,0.11022260644045818,-0.03653395784543323,0.043753038405444755,-0.06896760887152784,-0.03306187405226161
2016-07-12,9492,2291,2276,4898,5180,039601,ROUGH RICE - CHICAGO BOARD OF TRADE,1073.5,0.02970922882427307,-282,0.7515657620041754,15,-0.6263048016701461,0.007938082952966859,0.013137727173199037,0.043753038405444755,0.004657661853749495,-0.06300673555287675,-0.012180779976371564
2016-07-19,9820,2285,2515,5004,5100,039601,ROUGH RICE - CHICAGO BOARD OF TRADE,1078.5,0.009775967413441956,-96,1.9595448798988624,-230,-2.5811209439528024,0.01840855106888361,0.051041666666666666,0.004657661853749495,-0.07046824292999532,-0.05768156874005897,-0.005089983948297128
2016-07-26,9855,1945,3218,5353,4376,039601,ROUGH RICE - CHICAGO BOARD OF TRADE,1002.5,-0.0991374936580416,977,10.926680244399185,-1273,-10.621181262729124,0.11028882721759688,0.20201433275227582,-0.07046824292999532,-0.04588528678304238,-0.05462171340166639,-0.014756214514744405
2016-08-02,11480,2287,4503,6111,4085,039601,ROUGH RICE - CHICAGO BOARD OF TRADE,956.5,-0.1764808362369338,2026,10.644342973110096,-2216,-9.568746829020803,0.10288348371910554,0.23961708394698086,-0.04588528678304238,0.014113957135389432,-0.054017503206131336,-0.017131619127306166
2016-08-09,12081,2377,5021,6713,4351,039601,ROUGH RICE - CHICAGO BOARD OF TRADE,970.0,-0.19551361642248158,2362,2.9268292682926833,-2644,-3.7282229965156795,0.0784526391901663,0.08218437415517707,0.014113957135389432,0.07577319587628861,-0.05486790015022836,-0.02469797722776023
2016-08-16,11055,2372,4495,6458,4253,039601,ROUGH RICE - CHICAGO BOARD OF TRADE,1043.5,-0.1994572591587517,2205,-1.2995612945948183,-2123,4.312556907540766,0.032956773410512556,0.07732634338138926,0.07577319587628861,-0.01245807379012942,-0.05614970709563427,-0.0066385808729492336
2016-08-23,10451,2302,4396,6057,3936,039601,ROUGH RICE - CHICAGO BOARD OF TRADE,1030.5,-0.20294708640321502,2121,-0.7598371777476255,-2094,0.2623247399366802,0.07185029520664465,0.025231412361899075,-0.01245807379012942,-0.09946627850557976,-0.05882643538564376,0.007855016530963876
2016-08-30,10463,2375,4672,5955,3659,039601,ROUGH RICE - CHICAGO BOARD OF TRADE,928.0,-0.2194399311860843,2296,1.6744809109176158,-2297,-1.942397856664434,0.03942167672144789,0.04952462040584646,-0.09946627850557976,0.011314655172413701,-0.06175084679386127,-0.005524531984732128
2016-09-06,11024,2480,5191,6264,3646,039601,ROUGH RICE - CHICAGO BOARD OF TRADE,938.5,-0.23748185776487662,2618,3.077511230048743,-2711,-3.9568001529198127,0.032492431886982844,0.08134532655455612,0.011314655172413701,-0.0005327650506127268,-0.06496978165986704,-0.006228482097723892
2016-09-13,11555,2528,5411,6278,3577,039601,ROUGH RICE - CHICAGO BOARD OF TRADE,938.0,-0.23375162267416702,2701,0.7529027576197387,-2883,-1.5602322206095791,0.008422120750887874,0.033757400176344626,-0.0005327650506127268,0.05490405117270791,-0.06951531457565917,-0.02561078991825633
2016-09-20,11637,2558,5356,6386,3636,039601,ROUGH RICE - CHICAGO BOARD OF TRADE,989.5,-0.23631520151241728,2750,0.4240588489831242,-2798,0.7356122890523582,0.01666334065056875,0.010740459944402325,0.05490405117270791,-0.011622031328954008,-0.07420196289222307,-0.008480946073728832
2016-09-27,10936,2431,5743,6127,2716,039601,ROUGH RICE - CHICAGO BOARD OF TRADE,978.0,-0.3119056327724945,3411,5.680158116353011,-3312,-4.416945948268454,0.13332579441366052,0.0628823097626621,-0.011622031328954008,0.03220858895705514,-0.08121229388683582,0.013425451454022323
2016-10-04,11272,2372,5689,6110,2768,039601,ROUGH RICE - CHICAGO BOARD OF TRADE,1009.5,-0.29648687012065295,3342,-0.6309436722750549,-3317,-0.04572055596196049,0.007772020725388601,0.014018111896786999,0.03220858895705514,0.029717682020802272,-0.08800401127487846,0.018566040427448215
2016-10-11,11394,2287,5503,6231,3077,039601,ROUGH RICE - CHICAGO BOARD OF TRADE,1039.5,-0.27681235738107773,3154,-1.667849538679915,-3216,0.8960255500354862,0.0461968199398367,0.03478818998716303,0.029717682020802272,0.00240500240500241,-0.09441292134454689,0.02596212125767336
2016-10-18,11043,1964,4768,6253,3191,039601,ROUGH RICE - CHICAGO BOARD OF TRADE,1042.0,-0.2772797247124876,3062,-0.8074425136036509,-2804,3.615938213094611,0.014400677678949597,0.15715983363042185,0.00240500240500241,-0.056142034548944286,-0.09981124331986921,0.013091245007423952
2016-10-25,10564,1874,4918,6527,3415,039601,ROUGH RICE - CHICAGO BOARD OF TRADE,983.5,-0.2945853843241196,3112,0.4527755139002083,-3044,-2.173322466721,0.05009052504526252,0.0353356890459364,-0.056142034548944286,-0.023385866802236865,-0.10481404925004215,0.002045216825990054
2016-11-01,10559,1687,4709,6666,3461,039601,ROUGH RICE - CHICAGO BOARD OF TRADE,960.5,-0.3035325314897244,3205,0.88034835289663,-3022,0.20825444907232107,0.018267996445146636,0.06191369606003752,-0.023385866802236865,-0.00937011972930768,-0.11004668171014537,-0.011922090768389978
2016-11-08,11159,1814,5352,6738,3565,039601,ROUGH RICE - CHICAGO BOARD OF TRADE,951.5,-0.28434447531140783,3173,-0.30305900179941286,-3538,-4.886826404015531,0.017082403183538774,0.10745185598660341,-0.00937011972930768,-0.013137151865475594,-0.11490212594555953,-0.021860462950584053
2016-11-15,11910,2106,6017,7023,3529,039601,ROUGH RICE - CHICAGO BOARD OF TRADE,939.0,-0.2933669185558354,3494,2.8766018460435525,-3911,-3.3425934223496734,0.030420773313115997,0.1178136156592392,-0.013137151865475594,0.018104366347177825,-0.12037832159716605,-0.02583978340667498
2016-11-22,12092,2095,6051,7082,3686,039601,ROUGH RICE - CHICAGO BOARD OF TRADE,956.0,-0.28084684088653655,3396,-0.8228379513014275,-3956,-0.3778337531486146,0.020059435364041606,0.005524183648416401,0.018104366347177825,-0.0026150627615062483,-0.12524184181860584,-0.006971437108695194
2016-11-29,12222,1878,5994,7192,3756,039601,ROUGH RICE - CHICAGO BOARD OF TRADE,953.5,-0.28113238422516773,3436,0.33079722130334105,-4116,-1.3231888852133642,0.016441359152356595,0.03480691056910569,-0.0026150627615062483,0.0445726271630833,-0.1301711685153622,-0.0017560329259936364
2016-12-06,12603,1876,5646,7189,3999,039601,ROUGH RICE - CHICAGO BOARD OF TRADE,996.0,-0.253114337856066,3190,-2.0127638684339715,-3770,2.830960562919326,0.021987844118698606,0.04653017814411061,0.0445726271630833,-0.01757028112449799,-0.13416915208436608,0.011662917717798286
2016-12-13,12851,2028,5475,7053,4078,039601,ROUGH RICE - CHICAGO BOARD OF TRADE,978.5,-0.2314994942027858,2975,-1.7059430294374356,-3447,2.562881853526938,0.019315425388554488,0.0430494468879115,-0.01757028112449799,-0.03321410321921303,-0.13782654061557634,0.010566885700658406
2016-12-20,12235,2090,5390,7151,4277,039601,ROUGH RICE - CHICAGO BOARD OF TRADE,946.0,-0.23489987740089907,2874,-0.7859310559489534,-3300,1.1438798537078827,0.025988799439972,0.0196524064171123,-0.03321410321921303,-0.016913319238900604,-0.14164585198243612,-0.0022091433468031008
2016-12-27,11836,1865,6117,7048,3454,039601,ROUGH RICE - CHICAGO BOARD OF TRADE,930.0,-0.3036498817167962,3594,5.88475684511647,-4252,-7.780956272987331,0.08817368120358027,0.11926835379604109,-0.016913319238900604,0.00698924731182804,-0.14517623331277058,-0.005798045330945703
2017-01-03,11719,2206,6367,6967,3487,039601,ROUGH RICE - CHICAGO BOARD OF TRADE,936.5,-0.29695366498848025,3480,-0.9631632308212235,-4161,0.7688408246029064,0.010904916778266693,0.06893736148372798,0.00698924731182804,0.009610250934329878,-0.14849378842246785,-0.015293465214266206
2017-01-10,11708,2030,5964,7173,3702,039601,ROUGH RICE - CHICAGO BOARD OF TRADE,945.5,-0.2964639562692176,3471,-0.07679836163495178,-3934,1.9370253434593396,0.03871264367816092,0.07242932199149361,0.009610250934329878,0.0523532522474881,-0.15225609306930657,-0.008417307397849686
2017-01-17,11538,1952,5643,6925,3766,039601,ROUGH RICE - CHICAGO BOARD OF TRADE,995.0,-0.27379095163806555,3159,-2.6648445507345406,-3691,2.075503928937479,0.02918342531100926,0.052534562211981564,0.0523532522474881,-0.0020100502512563345,-0.15543535521727164,0.012925956525896735
2017-01-24,11290,2025,5576,6420,3551,039601,ROUGH RICE - CHICAGO BOARD OF TRADE,993.0,-0.25411868910540303,2869,-2.5134338706881607,-3551,1.2133818686080777,0.07220940728111523,0.01841862912774635,-0.0020100502512563345,-0.03977844914400808,-0.15722595816731896,0.01659717675644815
2017-01-31,11604,2170,5759,6247,3506,039601,ROUGH RICE - CHICAGO BOARD OF TRADE,953.5,-0.23621165115477422,2741,-1.133746678476528,-3589,-0.3365810451727192,0.022352096790731055,0.04136713330810947,-0.03977844914400808,-0.011536444677503921,-0.15869510624875222,0.00503107384373048
2017-02-07,12052,2268,5910,6297,3792,039601,ROUGH RICE - CHICAGO BOARD OF TRADE,942.5,-0.20784931961500167,2505,-2.033781454670803,-3642,-0.4567390554981041,0.033303597977995834,0.03044754218635363,-0.011536444677503921,0.001061007957559701,-0.15957672094233025,-0.00024295246688075847
2017-02-14,12080,2230,5909,6254,3819,039601,ROUGH RICE - CHICAGO BOARD OF TRADE,943.5,-0.2015728476821192,2435,-0.5808164619980086,-3679,-0.30700298705609025,0.006949270326615705,0.004791743457427202,0.001061007957559701,-0.0005299417064122958,-0.16046282621497,-0.013152094902778555
2017-02-21,12298,2158,5966,6125,3834,039601,ROUGH RICE - CHICAGO BOARD OF TRADE,943.0,-0.1862904537323142,2291,-1.1920529801324504,-3808,-1.0678807947019868,0.014459283060548249,0.01587887740029542,-0.0005299417064122958,-0.015376458112407176,-0.16009140306127795,-0.012777239257743994
2017-02-28,11830,2048,5520,6285,4048,039601,ROUGH RICE - CHICAGO BOARD OF TRADE,928.5,-0.18909551986475062,2237,-0.43909578793299725,-3472,2.732151569360872,0.03619471595857931,0.07346723044397463,-0.015376458112407176,-0.001077005923532548,-0.1596245219231302,-0.006617305285199728
2017-03-07,11770,2103,5329,6016,4183,039601,ROUGH RICE - CHICAGO BOARD OF TRADE,927.5,-0.15573491928632116,1833,-3.4150464919695684,-3226,2.0794590025359256,0.03961172663986665,0.03310010764262648,-0.001077005923532548,0.029649595687331498,-0.15910327249999007,-0.0039885431195691235
2017-03-14,11307,2154,4813,5934,4161,039601,ROUGH RICE - CHICAGO BOARD OF TRADE,955.0,-0.15680551870522685,1773,-0.5097706032285472,-2659,4.81733220050977,0.01030212976721149,0.08138366585330846,0.029649595687331498,0.023036649214659644,-0.1586358316101292,0.0031615445333631467
2017-03-21,11413,2322,4809,5737,4476,039601,ROUGH RICE - CHICAGO BOARD OF TRADE,977.0,-0.11048803995443793,1261,-4.52816839126205,-2487,1.521181568939595,0.05013218447077254,0.0241200392651802,0.023036649214659644,-0.0015353121801432446,-0.157494655032111,0.00901741583959856
2017-03-28,11232,2250,4498,5434,4320,039601,ROUGH RICE - CHICAGO BOARD OF TRADE,975.5,-0.09918091168091168,1114,-1.2880049066853587,-2248,2.0941032156312973,0.047057617387738365,0.05675755779490219,-0.0015353121801432446,0.03229113275243467,-0.1555522673539773,0.012440773362411811
2017-04-04,10716,2391,3635,4885,4825,039601,ROUGH RICE - CHICAGO BOARD OF TRADE,1007.0,-0.005599104143337066,60,-9.383903133903134,-1244,8.93874643874644,0.10854788877445933,0.16661135081314304,0.03229113275243467,0.019364448857994043,-0.1524767351084377,0.020645915127625508
2017-04-11,10322,2271,2664,4643,5343,039601,ROUGH RICE - CHICAGO BOARD OF TRADE,1026.5,0.06781631466770006,-700,-7.092198581560284,-393,7.941396043299739,0.07610654916883637,0.2210739614994934,0.019364448857994043,-0.020944958597174823,-0.1482117154650409,0.018123993355924684
2017-04-18,9770,2192,2166,4606,5535,039601,ROUGH RICE - CHICAGO BOARD OF TRADE,1005.0,0.09508700102354145,-929,-2.2185622941290446,26,4.059290835109475,0.022581599447786215,0.13240018357044517,-0.020944958597174823,-0.07512437810945272,-0.1431633363311015,0.007267356387194372
2017-04-25,9755,2214,3693,4693,4139,039601,ROUGH RICE - CHICAGO BOARD OF TRADE,929.5,-0.056791389031266015,554,15.179119754350051,-1479,-15.404298874104402,0.16791213768115942,0.2622312510580667,-0.07512437810945272,0.0037654653039267405,-0.14159716000209632,-0.011165542085126793
2017-05-02,11147,2461,5119,5409,3963,039601,ROUGH RICE - CHICAGO BOARD OF TRADE,933.0,-0.12972100116623306,1446,9.144028703229115,-2658,-12.086109687339826,0.09517712334613743,0.22071240105540896,0.0037654653039267405,0.0337620578778135,-0.14298050838517962,-0.018403159756748458
2017-05-09,11100,2430,5141,5423,3830,039601,ROUGH RICE - CHICAGO BOARD OF TRADE,964.5,-0.14351351351351352,1593,1.3187404682874315,-2711,-0.4754642504709788,0.01588673943585864,0.007000396248844274,0.0337620578778135,0.10160705028512185,-0.14610139154666604,-0.014743608189323154
2017-05-16,9048,2196,2991,4590,4326,039601,ROUGH RICE - CHICAGO BOARD OF TRADE,1062.5,-0.029177718832891247,264,-11.972972972972972,-795,17.26126126126126,0.1490578734858681,0.45961056487372276,0.10160705028512185,0.02682352941176469,-0.14903607737870891,0.015875857853293228
2017-05-23,9074,2519,2167,4386,5017,039601,ROUGH RICE - CHICAGO BOARD OF TRADE,1091.0,0.06953934317831166,-631,-9.891688770999115,352,12.67683465959328,0.09518238859938317,0.24477166026461802,0.02682352941176469,0.025206232813932195,-0.1506510455890863,0.04065192475008189
2017-05-30,9092,2534,2027,4405,5124,039601,ROUGH RICE - CHICAGO BOARD OF TRADE,1118.5,0.07908051033875935,-719,-0.969803835133348,507,1.7081772096098742,0.013222793577500263,0.033983775487831616,0.025206232813932195,-0.008046490835941,-0.15169160861637193,0.04578538538471619
2017-06-06,9024,2891,1987,3857,5103,039601,ROUGH RICE - CHICAGO BOARD OF TRADE,1109.5,0.13807624113475178,-1246,-5.796304443466784,904,4.366476022877254,0.06350446428571428,0.08138581385813858,-0.008046490835941,0.014420910319963953,-0.15142609350901398,0.03575083510131664
2017-06-13,9473,3102,2032,3930,5590,039601,ROUGH RICE - CHICAGO BOARD OF TRADE,1125.5,0.17523487807452762,-1660,-4.587765957446808,1070,1.8395390070921984,0.058823529411764705,0.049863654070899883,0.014420910319963953,0.010217681030653125,-0.15109128166188382,0.014495476533747761
2017-06-20,9727,3541,2105,3903,5906,039601,ROUGH RICE - CHICAGO BOARD OF TRADE,1137.0,0.20592166135499126,-2003,-3.6208170590098177,1436,3.8636123720046447,0.034967886634723215,0.09068366985476443,0.010217681030653125,-0.0070360598065083435,-0.1499356962056289,0.010395363823335812
2017-06-27,9470,3219,1972,3773,5488,039601,ROUGH RICE - CHICAGO BOARD OF TRADE,1129.0,0.18109820485744457,-1715,2.960830677495631,1247,-1.9430451321065074,0.05917287549940611,0.08765170487382007,-0.0070360598065083435,0.04650132860938894,-0.14740479715713467,0.002386161029088902
2017-07-11,9407,3474,2595,3618,5060,039601,ROUGH RICE - CHICAGO BOARD OF TRADE,1181.5,0.15329010311470181,-1442,2.882787750791975,879,-3.8859556494192184,0.06718137819774142,0.14466963255890591,0.04650132860938894,0.004231908590774491,-0.14516752562220847,0.015898904969869947
2017-07-18,9498,3305,2438,3990,5721,039601,ROUGH RICE - CHICAGO BOARD OF TRADE,1186.5,0.18224889450410614,-1731,-3.0721802912724567,867,-0.1275645795684065,0.10637421480794974,0.056764757095594635,0.004231908590774491,0.036662452591656125,-0.14223407051298093,0.013388684820679812
2017-07-25,9666,3317,2374,4080,5975,039601,ROUGH RICE - CHICAGO BOARD OF TRADE,1230.0,0.19604800331057315,-1895,-1.7266793009054537,943,0.8001684565171615,0.034211834908005966,0.013354419258478299,0.036662452591656125,0.005691056910569037,-0.13865191597649762,0.019890768015915373
2017-08-01,9929,3228,2184,4200,6384,039601,ROUGH RICE - CHICAGO BOARD OF TRADE,1237.0,0.21996172827072213,-2184,-2.989861369749638,1044,1.0448996482516035,0.04998110355253212,0.05155210643015521,0.005691056910569037,-0.018189167340339485,-0.13251539247786753,0.023005030082813675
2017-08-08,9952,3425,1932,3897,6397,039601,ROUGH RICE - CHICAGO BOARD OF TRADE,1214.5,0.2512057877813505,-2500,-3.1825964346862725,1493,4.522106959411824,0.030697493685642122,0.08381556841515773,-0.018189167340339485,0.008233841086866978,-0.12429064970828517,0.007073982967691092
2017-08-15,9827,3296,1903,3855,6609,039601,ROUGH RICE - CHICAGO BOARD OF TRADE,1224.5,0.2802482955123639,-2754,-2.552250803858521,1393,-1.004823151125402,0.024273700305810397,0.03039045970378919,0.008233841086866978,-0.0032666394446713154,-0.11514138217107658,0.008066920539206943
2017-08-22,9650,3310,1899,3631,6199,039601,ROUGH RICE - CHICAGO BOARD OF TRADE,1220.5,0.2661139896373057,-2568,1.8927444794952681,1411,0.18316882059631626,0.06449643947100712,0.003455557688615857,-0.0032666394446713154,0.006554690700532495,-0.10618808892499856,-0.0018845017554322697
2017-08-29,10442,3428,1903,4112,6810,039601,ROUGH RICE - CHICAGO BOARD OF TRADE,1228.5,0.2583796207623061,-2698,-1.3471502590673576,1525,1.1813471502590673,0.09998168833546969,0.022885012192834366,0.006554690700532495,0.017094017094017033,-0.09731642147950778,-0.0016682094373392283
2017-09-05,10067,3923,1729,3718,7070,039601,ROUGH RICE - CHICAGO BOARD OF TRADE,1249.5,0.33296910698321247,-3352,-6.263167975483625,2194,6.406818617123157,0.060622914349276975,0.1183651804670913,0.017094017094017033,0.01600640256102448,-0.08669317074548284,0.007128509057455324
2017-09-12,10496,3925,2048,4115,7183,039601,ROUGH RICE - CHICAGO BOARD OF TRADE,1269.5,0.2923018292682927,-3068,2.82109863911791,1877,-3.1489023542266814,0.04514073287307488,0.053741838272225013,0.01600640256102448,0.006695549428908931,-0.0765050229179219,0.009055988204141703
2017-09-19,10737,3978,2314,4402,7204,039601,ROUGH RICE - CHICAGO BOARD OF TRADE,1278.0,0.2609667504889634,-2802,2.534298780487805,1664,-2.029344512195122,0.026537997587454766,0.050699300699300696,0.006695549428908931,-0.06338028169014087,-0.06699120804940016,0.011521042131304336
2017-09-26,10386,3364,2144,4833,7002,039601,ROUGH RICE - CHICAGO BOARD OF TRADE,1197.0,0.20883882149046792,-2169,5.895501536742106,1220,-4.135233305392568,0.05348542458808619,0.14233841684822077,-0.06338028169014087,0.003759398496240518,-0.05843055376088313,-0.005913528647131509
2017-10-03,10299,2753,2081,5168,6811,039601,ROUGH RICE - CHICAGO BOARD OF TRADE,1201.5,0.15953005146130692,-1643,5.064509917196226,672,-5.27633352590025,0.0439101761415811,0.1394290442697559,0.003759398496240518,0.0004161464835621409,-0.0493644829102331,-0.009272590699920754
2017-10-10,10121,2636,2079,5208,6592,039601,ROUGH RICE - CHICAGO BOARD OF TRADE,1202.0,0.1367453808912163,-1384,2.5148072628410527,557,-1.1166132634236334,0.021949152542372882,0.02523860021208908,0.0004161464835621409,0.009151414309484185,-0.04103309346769716,-0.01321422134198866
2017-10-17,9993,2397,2008,5129,6661,039601,ROUGH RICE - CHICAGO BOARD OF TRADE,1213.0,0.1533073151205844,-1532,-1.4623060962355499,389,-1.659915028159273,0.012553011026293468,0.07037457434733257,0.009151414309484185,-0.04328112118713934,-0.03276156130420365,-0.012592281639965446
2017-10-24,10024,2557,2003,5377,6735,039601,ROUGH RICE - CHICAGO BOARD OF TRADE,1160.5,0.13547486033519554,-1358,1.7412188531972381,554,1.6511558090663465,0.026585204755614267,0.03618421052631579,-0.04328112118713934,-0.02714347264110295,-0.024823973130209745,-0.007516720365999786
2017-10-31,10126,1742,2063,6477,6483,039601,ROUGH RICE - CHICAGO BOARD OF TRADE,1129.0,0.0005925340707090658,-6,13.487629688747008,-321,-8.72905027932961,0.10432098765432099,0.22996057818659657,-0.02714347264110295,-0.004428697962798989,-0.019147474699539965,-0.015331182546111254
2017-11-07,10263,1794,2871,6545,5887,039601,ROUGH RICE - CHICAGO BOARD OF TRADE,1124.0,-0.06411380687908019,658,6.557377049180328,-1077,-7.465929290934229,0.05341055341055341,0.18435155412647375,-0.004428697962798989,0.0,-0.014543268457027574,-0.016561863007878416
2017-11-14,10805,1883,3297,7029,5921,039601,ROUGH RICE - CHICAGO BOARD OF TRADE,1124.0,-0.1025451180009255,1108,4.384682841274482,-1414,-3.283640261132222,0.04,0.09942084942084942,0.0,0.0978647686832741,-0.011047126970287528,-0.018890632696421876
2017-11-21,10392,1669,2481,6971,6349,039601,ROUGH RICE - CHICAGO BOARD OF TRADE,1234.0,-0.05985373364126251,622,-4.497917630726516,-812,5.571494678389635,0.03648648648648649,0.24819277108433735,0.0978647686832741,-0.002836304700162051,-0.006556488798853436,0.016437313641572908
2017-11-28,10054,1620,2356,6569,6137,039601,ROUGH RICE - CHICAGO BOARD OF TRADE,1230.5,-0.04296797294609111,432,-1.8283294842186297,-736,0.7313317936874518,0.04832362663308673,0.0437625754527163,-0.002836304700162051,0.002031694433157316,-0.0019818951846140996,0.02239724024268032
2017-12-05,10166,1868,2190,6412,6460,039601,ROUGH RICE - CHICAGO BOARD OF TRADE,1233.0,0.004721621089907535,-48,-4.774219216232345,-322,4.117764074000398,0.037290242386575516,0.10202069985214392,0.002031694433157316,-0.005677210056772131,0.003515297225291194,0.023975320865542642
2017-12-12,10322,1845,2075,6372,6478,039601,ROUGH RICE - CHICAGO BOARD OF TRADE,1226.0,0.010269327649680294,-106,-0.5705292150304938,-230,0.904977375565611,0.004513618677042802,0.03520408163265306,-0.005677210056772131,-0.04445350734094622,0.008580367715786314,0.022588680965281566
2017-12-19,10700,2066,2531,6659,6504,039601,ROUGH RICE - CHICAGO BOARD OF TRADE,1171.5,-0.014485981308411215,155,2.5285797326099595,-465,-2.276690563844216,0.023778773835751728,0.14726995866869697,-0.04445350734094622,0.006828851899274513,0.012753704502216596,-0.012815602060322015
2017-12-26,10437,1439,2310,6643,6099,039601,ROUGH RICE - CHICAGO BOARD OF TRADE,1179.5,-0.05212225735364568,544,3.635514018691589,-871,-3.7943925233644857,0.03304033903625805,0.22619365164043745,0.006828851899274513,,0.016268658733894544,-0.010371137573882989
