,Open_Interest_All,NonComm_Positions_Long_All,NonComm_Positions_Short_All,Comm_Positions_Long_All,Comm_Positions_Short_All,CFTC_Contract_Market_Code,Market_and_Exchange_Names,SB_Close,HP,NetLong_Comm,Q_Comm,NetLong_NonComm,Q_NonComm,PT_Comm,PT_NonComm,Ret,Ret_Lead,HP_Smooth_52w,Basis
2015-01-06,841420,247711,258310,450931,435043,080732,SUGAR NO. 11 - ICE FUTURES U.S.,14.869999885559082,-0.018882365524945925,15888,,-10599,,,,,0.0,,
2015-01-13,818125,246320,237887,435866,440565,080732,SUGAR NO. 11 - ICE FUTURES U.S.,14.869999885559082,0.005743621084797555,-4699,-2.4466972498870954,8433,2.2618906134867247,0.023489584462439143,0.045050980262573655,0.0,0.06455951886585232,,
2015-01-20,815626,245303,214917,432576,473189,080732,SUGAR NO. 11 - ICE FUTURES U.S.,15.829999923706056,0.04979365542540331,-40613,-4.389793735676088,30386,2.6833307868601985,0.03965046121234537,0.05212072487071401,0.06455951886585232,-0.042324704960395865,,0.03176971504437461
2015-01-27,823104,241699,170291,438758,509566,080732,SUGAR NO. 11 - ICE FUTURES U.S.,15.15999984741211,0.08602558121452453,-70808,-3.7020644265876763,71408,5.02951107492895,0.044878121823343074,0.11706594820262628,-0.042324704960395865,-0.045514484652259934,,0.0073842736547193874
2015-02-03,853527,240921,204454,463526,497856,080732,SUGAR NO. 11 - ICE FUTURES U.S.,14.470000267028809,0.04022134039110655,-34330,4.431760749552912,36467,-4.245028574760905,0.03794329413282129,0.07845298905416784,-0.045514484652259934,0.01658602395917197,,-0.0058369194054693095
2015-02-10,864567,240555,204961,469309,505676,080732,SUGAR NO. 11 - ICE FUTURES U.S.,14.710000038146973,0.042063830796225166,-36367,-0.2386567735994292,35594,-0.10228147439975536,0.01395200951809515,0.001959525583817416,0.01658602395917197,0.029231835762112413,,-0.0016748134142466652
2015-02-17,857342,239236,184870,459263,519749,080732,SUGAR NO. 11 - ICE FUTURES U.S.,15.140000343322754,0.0705506087419023,-60486,-2.7897201720630096,54366,2.171260295616187,0.02463606166216553,0.050482662353279605,0.029231835762112413,-0.06406870839052614,,-0.010560903011988946
2015-02-24,836197,241545,208243,441265,479199,080732,SUGAR NO. 11 - ICE FUTURES U.S.,14.170000076293944,0.04536490803004555,-37934,2.630455524166552,33302,-2.4568958478646796,0.06360705035721115,0.05709801061833575,-0.06406870839052614,-0.050811592318432575,,-0.01606976310790892
2015-03-03,819751,246737,253672,424642,419748,080732,SUGAR NO. 11 - ICE FUTURES U.S.,13.449999809265137,-0.005970105556443359,4894,5.121759585360866,-6935,-4.81190437181669,0.09009344023496252,0.10115925173208315,-0.050811592318432575,-0.03197021246091447,,-0.017416399056558583
2015-03-10,847114,265284,264161,435800,434369,080732,SUGAR NO. 11 - ICE FUTURES U.S.,13.020000457763672,-0.001689264963157261,1431,-0.42244535230820085,1123,0.9829814175280055,0.029625279687049297,0.05484233489786475,-0.03197021246091447,-0.015361041160347533,,-0.02984565281173406
2015-03-17,864924,252965,253542,456192,450936,080732,SUGAR NO. 11 - ICE FUTURES U.S.,12.81999969482422,-0.006076834496441306,5256,0.4515330876363748,-577,-0.20068137228283325,0.040742872009242356,0.04528663967131748,-0.015361041160347533,-0.028861146206459187,,-0.041398086035939634
2015-03-24,883334,252243,262859,460387,441432,080732,SUGAR NO. 11 - ICE FUTURES U.S.,12.449999809265137,-0.021458474370962738,18955,1.5838385800370898,-10616,-1.1606800135040767,0.015190409605475156,0.019489343858109655,-0.028861146206459187,-0.041767029080786,,-0.03226599135107908
2015-03-31,903521,254869,271542,478904,450521,080732,SUGAR NO. 11 - ICE FUTURES U.S.,11.93000030517578,-0.03141376902141732,28383,1.0673199491924912,-16673,-0.6856975956999278,0.029702235252978992,0.021483213686644086,-0.041767029080786,0.07041074024310467,,-0.029933425347959196
2015-04-07,936040,252461,265996,506488,494490,080732,SUGAR NO. 11 - ICE FUTURES U.S.,12.770000457763672,-0.012817828297935987,11998,-1.8134608935486833,-13535,0.34730792090056567,0.07148308953843141,0.01534167732328814,0.07041074024310467,0.032889515079405074,,-0.0039022228288645862
2015-04-14,893089,250609,237700,471270,486852,080732,SUGAR NO. 11 - ICE FUTURES U.S.,13.1899995803833,0.017447309282725462,-15582,-2.946455279688902,12909,2.825092944745951,0.04472916810176575,0.061739595215324725,0.032889515079405074,-0.059135690506862404,,0.00813484227520567
2015-04-21,853491,234602,227874,459168,470993,080732,SUGAR NO. 11 - ICE FUTURES U.S.,12.40999984741211,0.013854861972768313,-11825,0.4206747591785365,6728,-0.6920922774773847,0.030060387395300384,0.05585803371418192,-0.059135690506862404,0.061240953926386954,,0.0005992043749114748
2015-04-28,834880,237179,193960,442001,499317,080732,SUGAR NO. 11 - ICE FUTURES U.S.,13.170000076293944,0.06865178229206592,-57316,-5.32999176324062,43219,4.2754990972371125,0.04832692033935397,0.08463859683303993,0.061240953926386954,-0.03189066620052228,,0.026010163444295555
2015-05-05,808794,238061,202046,414707,456088,080732,SUGAR NO. 11 - ICE FUTURES U.S.,12.75,0.0511638315813421,-41381,1.908657531621311,36015,-0.862878497508624,0.08098691425651272,0.0203768628992495,-0.03189066620052228,0.0650980332318476,,0.0007757271205047335
2015-05-12,849346,242083,177452,443495,521927,080732,SUGAR NO. 11 - ICE FUTURES U.S.,13.579999923706056,0.09234399173010764,-78432,-4.581018157899292,64631,3.538107354901248,0.09801620431272542,0.06820885027470891,0.0650980332318476,-0.05301916576390664,,0.0087894172662654
2015-05-19,865099,245570,190073,451897,515320,080732,SUGAR NO. 11 - ICE FUTURES U.S.,12.859999656677246,0.07331299654721599,-63423,1.7671243521485944,55497,-1.075415672764692,0.015517717327135482,0.03697522971791123,-0.05301916576390664,-0.06065316903536566,,0.010304019583529653
2015-05-26,891727,255744,224454,458647,493418,080732,SUGAR NO. 11 - ICE FUTURES U.S.,12.079999923706056,0.03899287562224762,-34771,3.311990881968422,31290,-2.7981768560592486,0.030094583878201592,0.09278464300142858,-0.06065316903536566,0.01986753084718007,,-0.02032132857926017
2015-06-02,912450,267237,232245,455237,496369,080732,SUGAR NO. 11 - ICE FUTURES U.S.,12.31999969482422,0.045078634445723055,-41132,-0.71333491079669,34992,0.4151494796053052,0.0066844891688366825,0.0386079978858097,0.01986753084718007,-0.020292208294861225,,-0.007202569017648415
2015-06-09,892859,262026,233614,442087,481748,080732,SUGAR NO. 11 - ICE FUTURES U.S.,12.06999969482422,0.04442022760592658,-39661,0.1612143131130473,28412,-0.7211354046797085,0.030060562762831027,0.013275764667904123,-0.020292208294861225,-0.06296597302594953,,-0.028938975027716675
2015-06-16,873992,251836,263414,452631,440707,080732,SUGAR NO. 11 - ICE FUTURES U.S.,11.3100004196167,-0.01364314547501579,11924,5.777507982783396,-11578,-4.478870683948977,0.057744101336784065,0.07761280931586609,-0.06296597302594953,-0.0053050766923607995,,-0.03150197249815495
2015-06-23,865764,248057,270409,446575,426540,080732,SUGAR NO. 11 - ICE FUTURES U.S.,11.25,-0.02314141036125318,20035,0.9280405312634441,-22352,-1.2327343957381762,0.023161897344565148,0.020780533342591414,-0.0053050766923607995,0.09155553181966147,,-0.017323114258204066
2015-06-30,838247,239238,233461,432116,440652,080732,SUGAR NO. 11 - ICE FUTURES U.S.,12.279999732971191,0.010183156038733213,-8536,-3.3000910178755416,5777,3.2490378440313985,0.032736076483097454,0.09682059830886039,0.09155553181966147,0.004071676858478757,0.025389231335972616,0.0007477887878814636
2015-07-07,790993,236496,202901,401992,433355,080732,SUGAR NO. 11 - ICE FUTURES U.S.,12.329999923706056,0.0396501612530073,-31363,-2.72318302361953,33595,3.3185922526415244,0.044796952643631927,0.07579023070253096,0.004071676858478757,0.025141964439162834,0.02591741392549242,0.00681575958998246
2015-07-14,794716,240805,172429,396673,476098,080732,SUGAR NO. 11 - ICE FUTURES U.S.,12.640000343322754,0.0999413627006377,-79425,-6.076159966017398,68376,4.397131200908225,0.055068282516261426,0.08416780807000392,0.025141964439162834,-0.0965190058458576,0.028561126381747605,0.028457248284022945
2015-07-21,811703,242981,219937,411847,433465,080732,SUGAR NO. 11 - ICE FUTURES U.S.,11.420000076293944,0.02663289405114925,-21618,7.273919236557462,23044,-5.704176083028402,0.06838540089339794,0.10732786368212081,-0.0965190058458576,-0.02189141841767228,0.028494635611726975,0.006044238550178463
2015-07-28,819269,249347,234204,408557,421458,080732,SUGAR NO. 11 - ICE FUTURES U.S.,11.170000076293944,0.015746964672165065,-12901,1.0739149664347674,15143,-0.9733855856144428,0.01842978741348048,0.04266974941629735,-0.02189141841767228,-0.014324068605126916,0.02806971324707491,-0.022551581868284737
2015-08-04,824041,243607,237035,413375,418476,080732,SUGAR NO. 11 - ICE FUTURES U.S.,11.010000228881836,0.006190225971765968,-5101,0.9520682462048485,6572,-1.0461765305412507,0.009376679237026824,0.01783239916611532,-0.014324068605126916,-0.03542237377068269,0.02736392333496817,-0.027266507628108238
2015-08-11,843937,242951,244280,427881,422842,080732,SUGAR NO. 11 - ICE FUTURES U.S.,10.619999885559082,-0.0059708248364510625,5039,1.2305212968772186,-1329,-0.95881151544644,0.02218348393072716,0.016216127463154026,-0.03542237377068269,0.010357783226233597,0.02632221245461132,-0.04294843781977632
2015-08-18,851159,242238,251889,429838,418500,080732,SUGAR NO. 11 - ICE FUTURES U.S.,10.729999542236328,-0.013320660417148852,11338,0.7463827276206637,-9651,-0.9860925637814197,0.0074251065023610875,0.016841824065473045,0.010357783226233597,-0.012115486142835863,0.02512091327667919,-0.015438583382708279
2015-08-25,835978,238244,249519,421395,408607,080732,SUGAR NO. 11 - ICE FUTURES U.S.,10.600000381469728,-0.015297053271736817,12788,0.1703559499458973,-11275,-0.19079866393940498,0.022091513032498716,0.013047320112431652,-0.012115486142835863,0.010377325728170739,0.023932149554666958,-0.012959651004733355
2015-09-01,818040,230003,215866,418584,433233,080732,SUGAR NO. 11 - ICE FUTURES U.S.,10.710000038146973,0.017907437289130117,-14649,-3.282024168100117,14137,3.039792913210635,0.03220996998181534,0.09396033364059847,0.010377325728170739,0.03361341320214728,0.02376001491850876,-0.006723238139782474
2015-09-08,817130,224551,173980,421365,481001,080732,SUGAR NO. 11 - ICE FUTURES U.S.,11.06999969482422,0.07298226720350495,-59636,-5.499364334262383,50571,4.453816439293922,0.05601828969619866,0.11878122404530639,0.03361341320214728,0.029810292032830255,0.0251272997042031,0.010502909839838233
2015-09-15,781009,212765,155995,414596,488483,080732,SUGAR NO. 11 - ICE FUTURES U.S.,11.399999618530272,0.09460454360961269,-73887,-1.7440309375497165,56770,0.7586308176177597,0.015780457745114215,0.0807327258921792,0.029810292032830255,-0.04561399311313252,0.027005063052997956,0.015303685161907997
2015-09-22,770935,215916,170101,418946,464166,080732,SUGAR NO. 11 - ICE FUTURES U.S.,10.880000114440918,0.058656047526704586,-45220,3.6705082783937186,45815,-1.402672696473408,0.032461341256828126,0.04470528500040154,-0.04561399311313252,0.08088236260888482,0.027837983697042865,0.007022047079933873
2015-09-29,750053,214717,134816,398655,489831,080732,SUGAR NO. 11 - ICE FUTURES U.S.,11.760000228881836,0.12155940980170735,-91176,-5.961073242231835,79901,4.421384422811261,0.0517239438775625,0.10437927177119184,0.08088236260888482,0.15901359261596593,0.030241097186906058,0.02437355553384498
2015-10-06,743349,213865,83340,386603,533063,080732,SUGAR NO. 11 - ICE FUTURES U.S.,13.630000114440918,0.19702723754252713,-146460,-7.370679138674201,130525,6.749389709793842,0.06011312802691412,0.17606702444440706,0.15901359261596593,0.014673500189720468,0.034410750695796584,0.05451002551539701
2015-10-13,742311,232455,73548,373215,561205,080732,SUGAR NO. 11 - ICE FUTURES U.S.,13.829999923706056,0.2532496487321352,-187990,-5.5868777653565145,158907,3.8181258063170866,0.044444682262794036,0.09275072466609804,0.014673500189720468,0.016630549326063226,0.03974828479424387,0.05092014707334175
2015-10-20,756639,240225,75769,365987,560641,080732,SUGAR NO. 11 - ICE FUTURES U.S.,14.0600004196167,0.25726138885254396,-194654,-0.8977369323639283,164456,0.7475303477922327,0.008408983971993076,0.03161768894346095,0.016630549326063226,0.0256045267377778,0.044927168224203395,0.06560045819385582
2015-10-27,801494,248315,76330,394844,600724,080732,SUGAR NO. 11 - ICE FUTURES U.S.,14.420000076293944,0.2568702947246018,-205880,-1.4836665834037104,171985,0.9950584096246692,0.06924690227086447,0.026647568882933667,0.0256045267377778,0.07420247497663124,0.04985607814281731,0.05257398905444151
2015-11-03,827353,257996,72638,406867,636650,080732,SUGAR NO. 11 - ICE FUTURES U.S.,15.489999771118164,0.2777327210996999,-229783,-2.982305544395841,185358,1.6685090593316982,0.04594941912781488,0.04044653604892419,0.07420247497663124,-0.05035505129093276,0.05503509275547373,0.03225202934207571
2015-11-10,834411,250539,79407,414584,631744,080732,SUGAR NO. 11 - ICE FUTURES U.S.,14.710000038146973,0.26025543766800774,-217160,1.5257090987764594,171132,-1.719459529366546,0.012064094624247845,0.04311614627848193,-0.05035505129093276,0.0047586468145948135,0.05959554486464115,0.016385644030333248
2015-11-17,838081,246718,73708,416624,628967,080732,SUGAR NO. 11 - ICE FUTURES U.S.,14.779999732971191,0.25336811119688907,-212343,0.5772934441180665,173010,0.2250689408456983,0.004606963908449863,0.029710447966145068,0.0047586468145948135,0.014884998038128039,0.06380799195882045,0.013461633572030758
2015-11-24,861967,265054,70578,411004,653419,080732,SUGAR NO. 11 - ICE FUTURES U.S.,15.0,0.2812346644361095,-242415,-3.588197322215872,194476,2.56132760437237,0.02825192616093414,0.06395695285312485,0.014884998038128039,0.029333305358886674,0.06843409137323087,0.010814083587195876
2015-12-01,863941,262940,66455,415150,661063,080732,SUGAR NO. 11 - ICE FUTURES U.S.,15.4399995803833,0.2846409650659015,-245913,-0.4058159999164701,196485,0.23307156770502815,0.01095508045340467,0.018934713641676405,0.029333305358886674,-0.028497382923657888,0.07293840124182817,-0.0003445846322966115
2015-12-08,864728,266263,60541,408295,664576,080732,SUGAR NO. 11 - ICE FUTURES U.S.,15.0,0.2963718070884718,-256281,-1.20008195004057,205722,1.0691702326895007,0.009663789961700893,0.028264647923526027,-0.028497382923657888,-0.027333323160807277,0.07749826666726987,0.005106829741176836
2015-12-15,846065,249158,56243,414689,649445,080732,SUGAR NO. 11 - ICE FUTURES U.S.,14.59000015258789,0.2774680432354488,-234756,2.4892220443885242,192915,-1.481043750173465,0.020227715682423455,0.07008163038104001,-0.027333323160807277,0.03084302978470621,0.08149766219863346,-0.002907322842188416
2015-12-22,867617,252100,55420,425806,671667,080732,SUGAR NO. 11 - ICE FUTURES U.S.,15.039999961853027,0.28337503760299765,-245861,-1.312546908334466,196680,0.44500127058795713,0.03037796829625877,0.012243106139438084,0.03084302978470621,-0.017287249304607233,0.08545604210852294,0.001085817551483229
2015-12-29,859958,246059,53997,423281,662039,080732,SUGAR NO. 11 - ICE FUTURES U.S.,14.779999732971191,0.27763914051616473,-238758,0.8186792098356763,192062,-0.5322625075350068,0.011197619135370214,0.024875356600101314,-0.017287249304607233,-0.014208392553519689,0.08915187092405451,-0.010624977090874994
2016-01-05,868697,250492,60449,430993,662912,080732,SUGAR NO. 11 - ICE FUTURES U.S.,14.56999969482422,0.26697340960081595,-231919,0.7952713969752011,190043,-0.23477890780712546,0.007848030679080907,0.03500664113127571,-0.014208392553519689,-0.03568974021832538,0.09464909736878072,-0.007021073964942668
2016-01-12,852726,231898,65262,437791,640042,080732,SUGAR NO. 11 - ICE FUTURES U.S.,14.050000190734863,0.23718169728611535,-202251,3.4152299363299283,166636,-2.6944953188511067,0.027525599976990868,0.07876901332615426,-0.03568974021832538,0.04982204980514848,0.09909982960342142,-0.00912711374303888
2016-01-19,868576,236461,61083,438626,660754,080732,SUGAR NO. 11 - ICE FUTURES U.S.,14.75,0.2557381276940648,-222128,-2.3309949503122924,175378,1.0251827667973066,0.01959922865615165,0.029380528594090287,0.04982204980514848,-0.049491494388903656,0.10306030022397263,-0.004350281837288773
2016-01-26,884344,224652,70033,457093,646359,080732,SUGAR NO. 11 - ICE FUTURES U.S.,14.020000457763672,0.21401852672715596,-189266,3.783434034557713,154619,-2.390003868400693,0.029781086988831414,0.07044471215026214,-0.049491494388903656,-0.07346652303960077,0.10552170302229245,-0.01246931411152092
2016-02-02,877254,199504,93918,490745,616046,080732,SUGAR NO. 11 - ICE FUTURES U.S.,12.989999771118164,0.14283320452229342,-125301,7.233045059388655,105586,-5.544561844712013,0.057793205763328394,0.16710744252305554,-0.07346652303960077,0.0307929622211347,0.10749500810173836,-0.027583374453674845
2016-02-09,862851,195422,111416,480679,572961,080732,SUGAR NO. 11 - ICE FUTURES U.S.,13.390000343322754,0.10695009914805685,-92282,3.7639041828250424,84006,-2.4599488859554928,0.05044512357161839,0.07033027200020858,0.0307929622211347,-0.01269604719455586,0.1087428209546582,-0.01064217898896734
2016-02-16,822756,193540,115283,461623,543848,080732,SUGAR NO. 11 - ICE FUTURES U.S.,13.220000267028809,0.09993849938499386,-82225,1.1655546554387723,78257,-0.6662795778181865,0.04790690134275379,0.018615841436680557,-0.01269604719455586,0.059001491468690936,0.10930797269779458,-0.02656502194568862
2016-02-23,798205,195073,128425,437529,514994,080732,SUGAR NO. 11 - ICE FUTURES U.S.,14.0,0.09704900370205649,-77465,0.578543334840463,66648,-1.410989406336751,0.055587109182665406,0.04536349529208836,0.059001491468690936,0.027857167380196612,0.110301897614564,0.0009075589077163496
2016-03-01,752262,184697,98185,410316,513762,080732,SUGAR NO. 11 - ICE FUTURES U.S.,14.390000343322754,0.1375132600078164,-103446,-3.2549282452502806,86512,2.488583759811076,0.030782033551280303,0.1435793016169286,0.027857167380196612,0.032661522038988755,0.11306119310618439,0.025900559283907817
2016-03-08,751073,174952,62593,403068,542426,080732,SUGAR NO. 11 - ICE FUTURES U.S.,14.859999656677246,0.1855452133148176,-139358,-4.7738686787316125,112359,3.4359039802621956,0.03798226112487229,0.19085646930055358,0.032661522038988755,0.030955588746617302,0.11666185614999161,0.02635565182575516
2016-03-15,768590,199349,61690,398922,574984,080732,SUGAR NO. 11 - ICE FUTURES U.S.,15.31999969482422,0.22907141648993612,-176062,-4.886875177246419,137659,3.3685141124764173,0.03768741541791508,0.09692038354422136,0.030955588746617302,0.0822454473878036,0.12118393789972963,0.036928609837097115
2016-03-22,827890,237051,62452,405266,626989,080732,SUGAR NO. 11 - ICE FUTURES U.S.,16.579999923706055,0.2678169805167353,-221723,-5.940878752000416,174599,4.806203567571787,0.056525761560854634,0.12842609256000775,0.0822454473878036,-0.0434258305393207,0.12674692741680074,0.04251329759340661
2016-03-29,865776,258383,69263,408621,649698,080732,SUGAR NO. 11 - ICE FUTURES U.S.,15.859999656677246,0.27845193213949104,-241077,-2.3377501842032156,189120,1.7539769776177994,0.02462773511578267,0.0858945325137496,-0.0434258305393207,-0.07692303529406808,0.1327058832083567,0.02528675986311113
2016-04-05,865816,259853,73618,415351,647924,080732,SUGAR NO. 11 - ICE FUTURES U.S.,14.640000343322754,0.26861711957274986,-232573,0.9822402099388293,186235,-0.3332270702814585,0.00799793092097529,0.017467785804462756,-0.07692303529406808,-0.03893446961280356,0.1381180937443314,-0.001788555937761238
2016-04-12,840440,237875,75115,428613,629542,080732,SUGAR NO. 11 - ICE FUTURES U.S.,14.06999969482422,0.23907596021131788,-200929,3.6548181137793714,162760,-2.711315106211943,0.029904881609972074,0.07500239624269146,-0.03893446961280356,0.07818055474971808,0.14238018318526585,-0.01944735186885801
2016-04-19,800540,225749,59207,404487,615749,080732,SUGAR NO. 11 - ICE FUTURES U.S.,15.170000076293944,0.26389936792664953,-211262,-1.2294750368854408,166542,0.45000237970586837,0.037166890797815405,0.09838010078749,0.07818055474971808,0.039551771816227266,0.14718873137668667,-0.020484068502108925
2016-04-26,772450,241124,51143,366329,604781,080732,SUGAR NO. 11 - ICE FUTURES U.S.,15.770000457763672,0.30869570846009453,-238452,-3.3964573912608986,189981,2.927898668398831,0.05058747206804584,0.0801972169283566,0.039551771816227266,0.030437509721188416,0.15180496072607183,0.0004685956066960133
2016-05-03,789143,261390,54891,358945,620603,080732,SUGAR NO. 11 - ICE FUTURES U.S.,16.25,0.33157235127220286,-261658,-3.0042073920642114,206499,2.1383908343582108,0.023690518484035493,0.07592615427420553,0.030437509721188416,-0.01415381798377402,0.15719743225858837,0.026942607908565216
2016-05-10,805306,297398,65622,346692,625433,080732,SUGAR NO. 11 - ICE FUTURES U.S.,16.020000457763672,0.3461305391987642,-278741,-2.164753409711548,231776,3.203095003060282,0.017572842998585574,0.12875048206710374,-0.01415381798377402,0.04993752897633952,0.16207794278683177,0.032954974903190035
2016-05-17,848078,310859,58525,356834,663360,080732,SUGAR NO. 11 - ICE FUTURES U.S.,16.81999969482422,0.36143609432151286,-306526,-3.450241274745252,252334,2.5528184317514087,0.047117509022793706,0.05565481991640136,0.04993752897633952,-0.012485082537621928,0.16761877159018365,0.026099669180332668
2016-05-24,868549,309409,59055,373264,674558,080732,SUGAR NO. 11 - ICE FUTURES U.S.,16.610000610351562,0.3468934970853688,-301294,0.6169243866719807,250354,-0.23346909128641471,0.026367073796885347,0.005373659299144557,-0.012485082537621928,0.0529800799777318,0.17353993738755133,0.013344598007303027
2016-05-31,895498,311304,55945,389376,700608,080732,SUGAR NO. 11 - ICE FUTURES U.S.,17.489999771118164,0.34755186499579005,-311232,-1.1442071777182405,255359,0.576248432730911,0.03868130174387881,0.013628355693276225,0.0529800799777318,0.08633506281545822,0.17935673028274493,0.01889012983046934
2016-06-07,899793,318851,63177,389573,706893,080732,SUGAR NO. 11 - ICE FUTURES U.S.,19.0,0.3526588893223219,-317320,-0.6798451811170991,255674,0.035175957958588404,0.005911720016854148,0.03868564607829793,0.08633506281545822,0.017894744873046875,0.1852843968542141,0.043243282251487374
2016-06-14,940081,328829,66760,413629,737165,080732,SUGAR NO. 11 - ICE FUTURES U.S.,19.34000015258789,0.3441575779108396,-323536,-0.6908255565446719,262069,0.7107190209303695,0.04720914429515621,0.034280528528346337,0.017894744873046875,-0.005170650500555762,0.19216517999624977,0.0355420332557489
2016-06-21,899424,349725,32409,392812,767114,080732,SUGAR NO. 11 - ICE FUTURES U.S.,19.239999771118164,0.4161574518803145,-374302,-5.400172963819075,317316,5.876834017494238,0.04376658510973976,0.14457493968084495,-0.005170650500555762,0.029625764116684827,0.20061323503935685,0.037305234883456787
2016-06-28,855761,346059,32988,363089,729596,080732,SUGAR NO. 11 - ICE FUTURES U.S.,19.809999465942383,0.42828196190291445,-366507,0.8666657772085246,313071,-0.47196872665172374,0.061537405565190335,0.011199138893066032,0.029625764116684827,0.05350839989235667,0.2086535966905911,0.03166457415470847
2016-07-05,842090,340083,36450,346402,713032,080732,SUGAR NO. 11 - ICE FUTURES U.S.,20.8700008392334,0.4353810162809201,-366630,-0.014373171948709977,303633,-1.1028780231863802,0.03138562666480404,0.025065532104755758,0.05350839989235667,-0.05510308958478927,0.21626380544112786,0.02368192113123203
2016-07-12,840414,338562,36127,343891,705803,080732,SUGAR NO. 11 - ICE FUTURES U.S.,19.719999313354492,0.430635377325937,-361912,0.5602726549418708,302435,-0.14226507855454879,0.009278894611191453,0.004921414826696274,-0.05510308958478927,-0.0182555129583164,0.22262330572238362,0.00569883672033768
2016-07-19,832463,332870,35113,338333,693214,080732,SUGAR NO. 11 - ICE FUTURES U.S.,19.36000061035156,0.4263024302581616,-354881,0.8366114795803021,297757,-0.5566304226250396,0.017592024406061963,0.018223667941182065,-0.0182555129583164,0.008264454667762822,0.23030925834174928,0.002440908922981753
2016-07-26,830909,330593,38638,332041,682804,080732,SUGAR NO. 11 - ICE FUTURES U.S.,19.520000457763672,0.4221437004533589,-350763,0.49467664028311165,291955,-0.6969679132886386,0.016457685656430292,0.01571374017891239,0.008264454667762822,-0.02407793082382803,0.23812458018369528,-0.0029006397867564096
2016-08-02,846754,336519,46724,351678,687178,080732,SUGAR NO. 11 - ICE FUTURES U.S.,19.049999237060547,0.3962189726886439,-335500,1.8369039208866436,289795,-0.25995626476545564,0.0231129242166383,0.03656165931275979,-0.02407793082382803,0.07034121817606209,0.2456251330051737,-0.02254526495911815
2016-08-09,866930,347273,49882,346040,699645,080732,SUGAR NO. 11 - ICE FUTURES U.S.,20.38999938964844,0.4078818359037062,-353605,-2.1381652758652456,297391,0.8970728216223366,0.017314009477041366,0.03502914479233549,0.07034121817606209,-0.006375633381951129,0.2535838380194075,0.009027189310307089
2016-08-16,883140,348427,51518,363961,709715,080732,SUGAR NO. 11 - ICE FUTURES U.S.,20.260000228881836,0.39150531059628146,-345754,0.9056094494365174,296909,-0.05559849122766544,0.02607024838033075,0.006975959194389228,-0.006375633381951129,0.023198386379309044,0.26136895284658884,0.01196614640388101
2016-08-23,903799,367444,58163,356743,716595,080732,SUGAR NO. 11 - ICE FUTURES U.S.,20.729999542236328,0.39815489948539445,-359852,-1.5963493896777408,309281,1.4009103879339628,0.013134725501193474,0.06029506093649775,0.023198386379309044,-0.0101302020795897,0.2693199519380722,0.015648432218110103
2016-08-30,908026,369812,57140,358970,719173,080732,SUGAR NO. 11 - ICE FUTURES U.S.,20.520000457763672,0.3966879803001236,-360203,-0.03883606863915539,312672,0.375194042038108,0.00445673718606901,0.00794234480691038,-0.0101302020795897,-0.014619938485219475,0.27660419314982204,0.01907534551192269
2016-09-06,913475,352987,58775,369807,713267,080732,SUGAR NO. 11 - ICE FUTURES U.S.,20.219999313354492,0.3759927748433181,-343460,1.843889932667126,294212,-2.0329814344523176,0.015458777516587047,0.04483172317989518,-0.014619938485219475,0.010385806080744686,0.2824313182967415,-0.0019838133489884398
2016-09-13,889291,342038,48996,356510,703716,080732,SUGAR NO. 11 - ICE FUTURES U.S.,20.43000030517578,0.39043012917031655,-347206,-0.41008237773338074,293042,-0.1280823229973453,0.021550122332408373,0.053008178316975,0.010385806080744686,0.08321090700914668,0.2881202718652166,0.0022060777937921313
2016-09-20,896638,360909,33980,344766,734449,080732,SUGAR NO. 11 - ICE FUTURES U.S.,22.1299991607666,0.43460460074188245,-389683,-4.776501730029878,326929,3.81056369624791,0.039359163836677584,0.08581398823466847,0.08321090700914668,0.0402169602687974,0.29535005173473927,0.017065200755992608
2016-09-27,857858,365849,36553,314882,701822,080732,SUGAR NO. 11 - ICE FUTURES U.S.,23.020000457763672,0.4510536708872564,-386940,0.30592056102908866,329296,0.2639861348727134,0.06148397173611985,0.018670384342026135,0.0402169602687974,0.010425706617969377,0.30168647983253827,0.02936308767163661
2016-10-04,830713,365919,36982,290293,678256,080732,SUGAR NO. 11 - ICE FUTURES U.S.,23.260000228881836,0.4670241106134128,-387963,-0.11925050532838768,328937,-0.04184841780341269,0.049718702925716715,0.0012385176507380225,0.010425706617969377,0.001289797349539823,0.3068787273915938,0.035424907607315335
2016-10-11,833715,356168,42076,297816,673985,080732,SUGAR NO. 11 - ICE FUTURES U.S.,23.290000915527344,0.4511961521623097,-376169,1.4197442438002055,314092,-1.7870191028670552,0.01213622953670556,0.03727614226454134,0.001289797349539823,-0.01159297755045019,0.31068539091909714,0.03322763936543344
2016-10-18,843124,349183,44463,307009,671900,080732,SUGAR NO. 11 - ICE FUTURES U.S.,23.020000457763672,0.43278450144937164,-364891,1.3527404448762466,304720,-1.1241251506809882,0.011520989182855608,0.023808193148158498,-0.01159297755045019,-0.003909650338757342,0.314060835392113,0.010034358680616555
2016-10-25,852696,343440,44580,320697,673998,080732,SUGAR NO. 11 - ICE FUTURES U.S.,22.93000030517578,0.4143340651298939,-353301,1.3746495177459068,298860,-0.6950341823978442,0.015870191365192344,0.015102314313695171,-0.003909650338757342,-0.07588311155518868,0.31708898482298403,-0.0009472294606343694
2016-11-01,844926,320329,43722,339924,659111,080732,SUGAR NO. 11 - ICE FUTURES U.S.,21.190000534057617,0.3777691774190876,-319187,4.00072241455337,276607,-2.6097225740474914,0.034146951808495196,0.06583967630908856,-0.07588311155518868,0.03680975741568404,0.31901276282912605,-0.02278152504383636
2016-11-08,845628,308701,38611,347064,666320,080732,SUGAR NO. 11 - ICE FUTURES U.S.,21.969999313354492,0.3775371676434555,-319256,-0.008166395637014367,270090,-0.771310150238009,0.014159489393951355,0.04819585847883171,0.03680975741568404,-0.037323610398375395,0.32126818071326935,-0.013737930222384892
2016-11-15,847421,294727,41822,362347,656790,080732,SUGAR NO. 11 - ICE FUTURES U.S.,21.149999618530273,0.3474577571242629,-294443,2.9342689693340334,252905,-2.0322174762425087,0.024347070119130204,0.05106240101738528,-0.037323610398375395,-0.06619383658540035,0.3230775969811034,-0.02028092845748789
2016-11-22,819282,262752,46038,367848,615976,080732,SUGAR NO. 11 - ICE FUTURES U.S.,19.75,0.30286030939285863,-248128,5.465406214856606,216714,-4.2707225806299345,0.04707650961960676,0.1172026296188348,-0.06619383658540035,-0.004556969751285611,0.3234934747687332,-0.036298594994193106
2016-11-29,822246,254341,37808,371861,619357,080732,SUGAR NO. 11 - ICE FUTURES U.S.,19.65999984741211,0.30099994405567193,-247496,0.07714071589513745,216533,-0.022092515153512467,0.007459509411653138,0.05696066048488956,-0.004556969751285611,-0.007629685640613948,0.3238080705185365,-0.017976783290721526
2016-12-06,835875,257116,36616,379542,627782,080732,SUGAR NO. 11 - ICE FUTURES U.S.,19.510000228881836,0.29698220427695526,-248240,-0.09048386979079254,220500,0.4824590207796693,0.015988897316057196,0.01350550842264377,-0.007629685640613948,-0.04664273894087312,0.32381980892600737,-0.029352629858267254
2016-12-13,821766,251740,42062,386520,613112,080732,SUGAR NO. 11 - ICE FUTURES U.S.,18.600000381469727,0.2757378621164662,-226592,2.5898609241812474,209678,-1.2946911918648123,0.021655969396738,0.03683433060360379,-0.04664273894087312,-0.01881722442427558,0.3237865362121808,-0.03175469340820842
2016-12-20,812810,227741,44017,390998,583713,080732,SUGAR NO. 11 - ICE FUTURES U.S.,18.25,0.23709723059509602,-192715,4.122463085598577,183724,-3.1583200083722134,0.03475594304363037,0.09550408819611567,-0.01881722442427558,0.01589046112478587,0.32289657838510577,-0.019602535099005978
2016-12-27,808168,224858,49385,386818,576821,080732,SUGAR NO. 11 - ICE FUTURES U.S.,18.540000915527344,0.2351033448490908,-190003,0.33365731228700435,175473,-1.015120384837785,0.011489779886451255,0.030086456172080965,0.01589046112478587,0.10625669989609365,0.3220785823145851,-0.014403024335563794
2017-01-03,810483,222892,47960,391713,591869,080732,SUGAR NO. 11 - ICE FUTURES U.S.,20.510000228881836,0.24695891215485088,-200156,-1.2562981954247137,174932,-0.06694152700923571,0.020275889554709214,0.01251975248475182,0.10625669989609365,-0.0014627345836525363,0.321693688132932,0.014072318247699353
2017-01-10,819121,223476,40482,393545,616193,080732,SUGAR NO. 11 - ICE FUTURES U.S.,20.479999542236328,0.27181332184133966,-222648,-2.7751353205434293,182994,0.9947154968086932,0.02590374928941963,0.030542737859811032,-0.0014627345836525363,0.01220703152284841,0.32235968091284006,0.025147924045487626
2017-01-17,828260,228371,36200,392640,626517,080732,SUGAR NO. 11 - ICE FUTURES U.S.,20.729999542236328,0.282371477555357,-233877,-1.3708597386710877,192171,1.1203472991169803,0.011017929524106688,0.03468634128457011,0.01220703152284841,-0.007235871772435676,0.3228718607178649,0.03268291177596864
2017-01-24,834634,231324,34232,402020,636794,080732,SUGAR NO. 11 - ICE FUTURES U.S.,20.579999923706055,0.28128976293800634,-234774,-0.1082993262985053,197092,0.5941371067056238,0.01892254051254604,0.018530931328985225,-0.007235871772435676,-0.006316771683602229,0.3241655383373044,0.027071518568636346
2017-01-31,831344,233451,36030,391892,628729,080732,SUGAR NO. 11 - ICE FUTURES U.S.,20.450000762939453,0.28488447622163626,-236837,-0.24717421049226368,197421,0.039418475643216065,0.01782542197348477,0.014565034269577446,-0.006316771683602229,0.013202862608413302,0.3268972935622917,-0.0007023332074475207
2017-02-07,859366,245518,31699,396246,659151,080732,SUGAR NO. 11 - ICE FUTURES U.S.,20.719999313354492,0.30592902209303136,-262905,-3.1356454127292674,213819,1.9724686772262745,0.032950633742563226,0.05915221649465942,0.013202862608413302,-0.012065637465483392,0.3307238113112335,0.0029599277573684932
2017-02-14,858862,239871,36795,415667,656375,080732,SUGAR NO. 11 - ICE FUTURES U.S.,20.469999313354492,0.2802638840698506,-240708,2.5829506869017393,203076,-1.2501076374908944,0.02070534549952334,0.03883021404870855,-0.012065637465483392,0.01612114972035017,0.3341916071705577,-0.003108681525581289
2017-02-21,802571,226927,27796,368956,608425,080732,SUGAR NO. 11 - ICE FUTURES U.S.,20.799999237060547,0.29837733982414016,-239469,0.1442606612005188,199131,-0.4593287396578263,0.0968516883385292,0.0861445570286154,0.01612114972035017,-0.07163460700822266,0.3380633059421362,0.002731666394669168
2017-02-28,765789,223047,43280,361295,558439,080732,SUGAR NO. 11 - ICE FUTURES U.S.,19.309999465942383,0.257439059584298,-197144,5.273676721436484,179767,-2.4127460374222345,0.0626779046985324,0.07270761131991875,-0.07163460700822266,-0.04712583493423206,0.34036957131860707,-0.013687303261496116
2017-03-07,765590,219523,53047,363780,537485,080732,SUGAR NO. 11 - ICE FUTURES U.S.,18.399999618530273,0.22689037213129742,-173705,3.060764779854503,166476,-1.7355955752824865,0.026006779360121607,0.0487617859632388,-0.04712583493423206,-0.013043466092057199,0.34116467052661625,-0.029095429010058228
2017-03-14,769600,220065,76789,366762,517166,080732,SUGAR NO. 11 - ICE FUTURES U.S.,18.15999984741211,0.19543139293139294,-150404,3.0435350513982677,143276,-3.030342611580611,0.026360744314016527,0.08180452343576304,-0.013043466092057199,-0.0479074305724041,0.3405177469966443,-0.029347134910551197
2017-03-21,788422,215749,89633,385029,511405,080732,SUGAR NO. 11 - ICE FUTURES U.S.,17.290000915527344,0.1602897940443062,-126376,3.122141372141372,126116,-2.22972972972973,0.026803981107365406,0.05619191700886103,-0.0479074305724041,0.015615878318003151,0.3384499164875591,-0.04596837554665093
2017-03-28,806906,220367,105204,396983,511401,080732,SUGAR NO. 11 - ICE FUTURES U.S.,17.559999465942383,0.14179842509536428,-114418,1.5167004472224266,115163,-1.3892306404438233,0.013164036354669392,0.06201105135285391,0.015615878318003151,-0.07972663218159959,0.3358219644290182,-0.023386559502309404
2017-04-04,801818,228322,123843,386909,488984,080732,SUGAR NO. 11 - ICE FUTURES U.S.,16.15999984741211,0.12730445063592985,-102075,1.5296701226660852,104479,-1.3240699660183466,0.03709471362369605,0.07551573836127952,-0.07972663218159959,0.03465343262562359,0.33310441310331007,-0.03176460825483505
2017-04-11,801536,240490,136363,398000,494630,080732,SUGAR NO. 11 - ICE FUTURES U.S.,16.719999313354492,0.1205560324177579,-96630,0.679081786639861,104127,-0.04390023671207182,0.018750210053437594,0.06551095520003822,0.03465343262562359,-0.001196085600258745,0.3308251837226648,-0.019530675989934656
2017-04-18,790120,233385,141665,404416,487227,080732,SUGAR NO. 11 - ICE FUTURES U.S.,16.700000762939453,0.10480813041057055,-82811,1.7240647955924626,91720,-1.5479030261897158,0.015498355283448645,0.033080922543660844,-0.001196085600258745,-0.031137750539368514,0.32776573684735555,-0.0076928660719189365
2017-04-25,775917,222675,143816,398999,467538,080732,SUGAR NO. 11 - ICE FUTURES U.S.,16.18000030517578,0.08833290158612325,-68539,1.8063079025970739,78859,-1.627727433807523,0.02897279631452552,0.03509226693152083,-0.031137750539368514,-0.018541420585690416,0.32352799056131765,-0.019541455506879645
2017-05-02,765024,219074,152488,391711,443352,080732,SUGAR NO. 11 - ICE FUTURES U.S.,15.880000114440918,0.06750245743924374,-51641,2.1778102554783567,66586,-1.5817413460460332,0.037690569454041194,0.033030826618437835,-0.018541420585690416,-0.027707841995384563,0.3184497233722222,-0.004063701687540448
2017-05-09,777908,223782,168834,387068,431565,080732,SUGAR NO. 11 - ICE FUTURES U.S.,15.4399995803833,0.05720085151457499,-44497,0.9338269126197347,54948,-1.5212594637553856,0.02007004359706975,0.053624915948407605,-0.027707841995384563,0.028497444690130935,0.3128933832244494,-0.019841318218442892
2017-05-16,792922,220319,176987,393514,430364,080732,SUGAR NO. 11 - ICE FUTURES U.S.,15.880000114440918,0.04647367584705683,-36850,0.9830211284624918,43332,-1.4932357039649933,0.009281714040185561,0.029236910592842797,0.028497444690130935,-0.0006297373305899079,0.30683641363840214,-0.012297699797845401
2017-05-23,798742,222316,159396,403602,459091,080732,SUGAR NO. 11 - ICE FUTURES U.S.,15.869999885559082,0.06947049234921915,-55489,-2.350672575612734,62920,2.4703564789474877,0.044992830589792664,0.05131617554596135,-0.0006297373305899079,-0.05356014076401272,0.3015013558550147,-0.004605980064277695
2017-05-30,814153,218216,169151,423492,459146,080732,SUGAR NO. 11 - ICE FUTURES U.S.,15.020000457763672,0.043792751485285934,-35654,2.483279957733536,49065,-1.7346026626870754,0.022597032985210246,0.03576711490653566,-0.05356014076401272,-0.06924107082764963,0.29565983444135113,-0.013439982148252323
2017-06-06,842105,220973,198851,431086,441448,080732,SUGAR NO. 11 - ICE FUTURES U.S.,13.979999542236328,0.012304878845274638,-10362,3.106541399466685,22122,-3.309328836226115,0.02898683604306537,0.07731096840580814,-0.06924107082764963,-0.013590814492466463,0.2891145650091002,-0.024019549607568295
2017-06-13,854313,221926,210076,447011,447612,080732,SUGAR NO. 11 - ICE FUTURES U.S.,13.789999961853027,0.0007034892363805772,-601,1.1591191122247224,11850,-1.2198003811876192,0.02469084742958766,0.0281896843070171,-0.013590814492466463,-0.013052959077136439,0.2825096786884375,-0.034855911263347854
2017-06-20,831702,196748,225691,455493,418801,080732,SUGAR NO. 11 - ICE FUTURES U.S.,13.609999656677246,-0.04411676297520025,36692,4.365261912203139,-28943,-4.77494782357286,0.042654987910245294,0.09656542127975873,-0.013052959077136439,-0.07053637489814235,0.2736582514796776,-0.038077063511835915
2017-06-27,821489,204851,251820,448642,393766,080732,SUGAR NO. 11 - ICE FUTURES U.S.,12.649999618530272,-0.06680065101297765,54876,2.186360018371965,-46969,-2.16736282947498,0.037851017559187475,0.07495987264354426,-0.07053637489814235,0.06245059175304668,0.2641374320005258,-0.042495586719585386
2017-07-11,762211,180752,236787,424895,360994,080732,SUGAR NO. 11 - ICE FUTURES U.S.,13.4399995803833,-0.08383636552083347,63901,1.098614832334943,-56035,-1.1036057695233898,0.0719172809391657,0.09372058657993625,0.06245059175304668,0.04910720399498736,0.25415248235049215,-0.008720300720955301
2017-07-18,772209,181255,234730,428288,368094,080732,SUGAR NO. 11 - ICE FUTURES U.S.,14.100000381469728,-0.07795039943849398,60194,-0.4863482683928728,-53475,0.3358650032602521,0.01317583772611636,0.006154068055338534,0.04910720399498736,-0.014184450888547362,0.24437198664348386,0.006967783957201494
2017-07-25,771060,180618,222557,428022,376110,080732,SUGAR NO. 11 - ICE FUTURES U.S.,13.899999618530272,-0.06732549996109252,51912,-1.0725075724318158,-41939,1.4938960825372405,0.010299304094352668,0.03177280337322503,-0.014184450888547362,0.07050363473421939,0.2348791418315751,0.0066868356888806
2017-08-01,762626,174500,200233,417591,391608,080732,SUGAR NO. 11 - ICE FUTURES U.S.,14.880000114440918,-0.034070435573924834,25983,-3.3627733250330714,-25733,2.1017819624931913,0.03204279787790148,0.07589937368739876,0.07050363473421939,-0.07392475625065253,0.22610579306181966,0.04111242744301996
2017-08-08,779185,175586,200938,429472,395983,080732,SUGAR NO. 11 - ICE FUTURES U.S.,13.779999732971191,-0.04297952347645296,33489,0.9842308025165678,-25352,0.04995895760176024,0.01969338122611166,0.0047566688976001525,-0.07392475625065253,-0.04716978455195686,0.21765966813556778,0.007844558733374333
2017-08-15,815068,179189,232991,457367,390528,080732,SUGAR NO. 11 - ICE FUTURES U.S.,13.130000114440918,-0.08200420087649128,66839,4.280113195197546,-53802,-3.6512509866078022,0.039332700393327,0.08650589548255616,-0.04716978455195686,0.028941364137764047,0.2082387828128717,-0.01632639243196109
2017-08-22,840614,183907,252539,466482,390726,080732,SUGAR NO. 11 - ICE FUTURES U.S.,13.510000228881836,-0.09011984097338374,75756,1.0940191493225104,-68632,-1.8194800924585433,0.010864340976752434,0.05559908900528358,0.028941364137764047,0.022945926031863628,0.1989767606673012,-0.005427085506419045
2017-08-29,835201,181571,246474,465380,403112,080732,SUGAR NO. 11 - ICE FUTURES U.S.,13.81999969482422,-0.07455450843569392,62268,-1.6045414423266802,-64903,0.44360431779627746,0.015530367579666825,0.019626441145206695,0.022945926031863628,0.015195372126210582,0.1898861951303572,-0.01745323818475126
2017-09-05,824467,179460,235790,459382,409333,080732,SUGAR NO. 11 - ICE FUTURES U.S.,14.029999732971191,-0.06070467344357021,50049,-1.46300112188563,-56330,1.0264594989709064,0.014065602642984178,0.030812763395544854,0.015195372126210582,-0.0007127067282846067,0.1810901825583631,0.004965869073178994
2017-09-12,801502,176887,216340,447676,409699,080732,SUGAR NO. 11 - ICE FUTURES U.S.,14.020000457763672,-0.04738228975099251,37977,-1.4642187012942909,-39453,2.0470194683353005,0.0140801866161248,0.0560058185221259,-0.0007127067282846067,-0.018544951525865216,0.17294835439308784,0.01645633754368945
2017-09-19,767416,177133,196823,434705,413029,080732,SUGAR NO. 11 - ICE FUTURES U.S.,13.760000228881836,-0.028245436634107186,21676,-2.033806528243223,-19690,2.465745562706019,0.019228909068174687,0.05284846345559371,-0.018544951525865216,-0.039970943429232575,0.16489690120454126,0.004709801428396116
2017-09-26,711181,185260,211447,391804,357418,080732,SUGAR NO. 11 - ICE FUTURES U.S.,13.210000038146973,-0.04835056054647129,34386,1.6562073243195345,-26187,-0.8466073159798597,0.13148572786170187,0.05734963083585619,-0.039970943429232575,0.06283118253665676,0.155609301948996,-0.011069347181652716
2017-10-03,683879,180403,227184,371246,318607,080732,SUGAR NO. 11 - ICE FUTURES U.S.,14.039999961853027,-0.07697121859276275,52639,2.56657587871442,-46781,-2.895746652399319,0.08606036358470573,0.05052663603108048,0.06283118253665676,0.009259267435479224,0.14545497715130334,0.0009002398757771569
2017-10-10,694059,178157,226229,368551,315170,080732,SUGAR NO. 11 - ICE FUTURES U.S.,14.170000076293944,-0.07691132886397266,53381,0.10849872565176003,-48072,-0.18877608465825094,0.008968570513411172,0.007915704302325006,0.009259267435479224,-0.009880052404302342,0.13499468023827668,0.00338789335712778
2017-10-17,700150,171307,233548,378371,312899,080732,SUGAR NO. 11 - ICE FUTURES U.S.,14.029999732971191,-0.09351139041633935,65472,1.7420709190429058,-62241,-2.041469097007603,0.01749099483559246,0.03499771523137914,-0.009880052404302342,0.017818959711915605,0.12451953518868727,0.005544464544543598
2017-10-24,717017,173476,236343,383003,318423,080732,SUGAR NO. 11 - ICE FUTURES U.S.,14.279999732971191,-0.09006759951298225,64580,-0.1274012711561808,-62867,-0.08940941226879955,0.014479075483372444,0.012112664371344423,0.017818959711915605,0.032212888427783026,0.11446468709325738,0.019809822681996162
2017-10-31,712697,170953,211833,381500,347731,080732,SUGAR NO. 11 - ICE FUTURES U.S.,14.739999771118164,-0.04738198701551992,33769,-4.297108715692934,-40880,3.0664544913161054,0.042251357937333985,0.07062170507803316,0.032212888427783026,-0.0013568184803193217,0.10558553224430713,0.01227709292353433
2017-11-07,711780,170901,206623,384275,349009,080732,SUGAR NO. 11 - ICE FUTURES U.S.,14.720000267028809,-0.04954620809800781,35266,0.21004718695322136,-35722,0.7237297196424287,0.005527190010964374,0.01393818671130842,-0.0013568184803193217,0.025815224697521177,0.09736792867667067,0.009652013404278216
2017-11-14,708272,181273,172908,388190,401427,080732,SUGAR NO. 11 - ICE FUTURES U.S.,15.100000381469728,0.018689147672080783,-13237,-6.814324650875271,8365,6.19390823007109,0.07134218234916422,0.12447590356343226,0.025815224697521177,-0.014569553739799068,0.09046700521568271,0.01845128679304757
2017-11-21,695563,179705,152878,388778,427388,080732,SUGAR NO. 11 - ICE FUTURES U.S.,14.880000114440918,0.055508990558727246,-38610,-3.582380780265209,26827,2.6066257031197053,0.03252892181247442,0.06494018034595875,-0.014569553739799068,0.010752677834782398,0.08485260585865317,0.010470428476271608
2017-11-28,704408,182294,148304,387881,435737,080732,SUGAR NO. 11 - ICE FUTURES U.S.,15.039999961853027,0.06793789962635291,-47856,-1.329282897451417,33990,1.029813259187162,0.011226078109026271,0.021666797742273092,0.010752677834782398,-0.009308533489218673,0.08033486720929729,0.005147113433534944
2017-12-05,707756,179182,142873,385808,435566,080732,SUGAR NO. 11 - ICE FUTURES U.S.,14.899999618530272,0.07030389004120063,-49758,-0.27001396917695425,36309,0.32921261541606567,0.0027320075872866684,0.026526524972442594,-0.009308533489218673,-0.07583887179173376,0.07589840463209592,0.003167432211938811
2017-12-12,759712,172033,205205,419124,383937,080732,SUGAR NO. 11 - ICE FUTURES U.S.,13.770000457763672,-0.046316235626132005,35187,12.00201764449895,-33172,-9.81708385375751,0.10577652258047646,0.18418345977870734,-0.07583887179173376,0.04647780452959971,0.06929651155703655,-0.02249213247744589
2017-12-19,787027,170978,226423,441268,381132,080732,SUGAR NO. 11 - ICE FUTURES U.S.,14.40999984741211,-0.07640906855800372,60136,3.2840076239417044,-55445,-2.9317688808390545,0.03033681906614786,0.05604666319410369,0.04647780452959971,0.020124910820530584,0.06252445519791214,-0.007003699475072432
2017-12-26,756189,164833,202395,428834,388558,080732,SUGAR NO. 11 - ICE FUTURES U.S.,14.699999809265137,-0.053261816820927045,40276,-2.5234204163262506,-37562,2.2722219186889396,0.024296787832520993,0.0821642140577516,0.020124910820530584,,0.05694062736298861,-0.004646952863057015
