,Open_Interest_All,NonComm_Positions_Long_All,NonComm_Positions_Short_All,Comm_Positions_Long_All,Comm_Positions_Short_All,CFTC_Contract_Market_Code,Market_and_Exchange_Names,SI_Close,HP,NetLong_Comm,Q_Comm,NetLong_NonComm,Q_NonComm,PT_Comm,PT_NonComm,Ret,Ret_Lead,HP_Smooth_52w
2015-01-06,152879,54911,22872,62455,102064,084691,SILVER - COMMODITY EXCHANGE INC.,16.60300064086914,0.25908725200975935,-39609,,32039,,,,,0.03144006137335986,
2015-01-13,157282,59808,19869,61363,108167,084691,SILVER - COMMODITY EXCHANGE INC.,17.125,0.29758014267366895,-46804,-4.706336383675979,39939,5.167485396947913,0.04244086592343538,0.09915031941463659,0.03144006137335986,0.048000029403797884,
2015-01-20,159904,62203,15929,60587,116228,084691,SILVER - COMMODITY EXCHANGE INC.,17.94700050354004,0.34796502901741044,-55641,-5.618570465787566,46274,4.027797205020282,0.04997879139213302,0.08108073516612911,0.048000029403797884,0.006742089849115729,
2015-01-27,162440,65722,12375,59964,121557,084691,SILVER - COMMODITY EXCHANGE INC.,18.06800079345703,0.37917384880571287,-61593,-3.7222333400040024,53347,4.423278967380428,0.032789594592361214,0.09056685916232378,0.006742089849115729,-0.042229380937239935,
2015-02-03,168486,64166,13593,65063,121262,084691,SILVER - COMMODITY EXCHANGE INC.,17.30500030517578,0.33355293614899756,-56199,3.3206106870229006,50573,-1.7077074612164491,0.02894941634241245,0.0356743270875397,-0.042229380937239935,-0.025888468438202805,
2015-02-10,168146,62034,15170,64438,117895,084691,SILVER - COMMODITY EXCHANGE INC.,16.85700035095215,0.317920140829993,-53457,1.6274349204088174,46864,-2.2013698467528457,0.021894007118842995,0.0480415522511787,-0.025888468438202805,-0.029364704806774222,
2015-02-17,175193,61145,19822,68694,116415,084691,SILVER - COMMODITY EXCHANGE INC.,16.36199951171875,0.27239102018916284,-47721,3.411321113793965,41323,-3.295350469235069,0.03098714811273358,0.06843528845085034,-0.029364704806774222,-0.011001119089806943,
2015-02-24,166676,57348,20009,67267,109414,084691,SILVER - COMMODITY EXCHANGE INC.,16.18199920654297,0.25286783940099355,-42147,3.1816339693937543,37339,-2.274063461439669,0.047701790232113246,0.05150148015047119,-0.011001119089806943,0.004696589874526591,
2015-03-03,164018,56342,25135,63453,103165,084691,SILVER - COMMODITY EXCHANGE INC.,16.257999420166016,0.24211976734260873,-39712,1.4609181885814395,31207,-3.6789939763373254,0.06039563552557347,0.07526050296402666,0.004696589874526591,-0.0396727473916203,
2015-03-10,169125,57966,31994,65853,99116,084691,SILVER - COMMODITY EXCHANGE INC.,15.61299991607666,0.1966770140428677,-33263,3.931885524759478,25972,-3.1917228596861325,0.039092193078699634,0.09429746554024011,-0.0396727473916203,-0.003266485729366053,
2015-03-17,178524,61649,37238,72202,102412,084691,SILVER - COMMODITY EXCHANGE INC.,15.562000274658203,0.16922094508301405,-30210,1.8051736881005174,24411,-0.9229859571322986,0.05523612081505492,0.09027475805717637,-0.003266485729366053,0.09002692741853435,
2015-03-24,172659,62332,30209,67276,106518,084691,SILVER - COMMODITY EXCHANGE INC.,16.96299934387207,0.2272803618693494,-39242,-5.059263740449463,32123,4.319867356769958,0.051969573172836805,0.08333603483861207,0.09002692741853435,-0.02251960055757596,
2015-03-31,170105,65426,22314,63225,113086,084691,SILVER - COMMODITY EXCHANGE INC.,16.58099937438965,0.29311895593897885,-49861,-6.1502730816233155,43112,6.36456831094817,0.06022880024502158,0.12524504217004787,-0.02251960055757596,0.0147157226799417,
2015-04-07,169700,63241,21160,64592,115030,084691,SILVER - COMMODITY EXCHANGE INC.,16.825000762939453,0.29721862109605185,-50438,-0.3392022574292349,42081,-0.6060962346785809,0.018433154067987217,0.039561142640490043,0.0147157226799417,-0.04005953421471542,
2015-04-14,177877,61417,26872,67026,110891,084691,SILVER - COMMODITY EXCHANGE INC.,16.150999069213867,0.24660298970637012,-43865,3.873305833824396,34545,-4.440777843252799,0.03694419307879517,0.08535604661962419,-0.04005953421471542,-0.009225327786815285,
2015-04-21,182633,60848,36523,73151,106987,084691,SILVER - COMMODITY EXCHANGE INC.,16.00200080871582,0.18526772270071673,-33836,5.638165698769374,24325,-5.7455432686631775,0.05567398327948573,0.10495938215690503,-0.009225327786815285,0.03655787119783316,
2015-04-28,179461,64340,41410,69451,103450,084691,SILVER - COMMODITY EXCHANGE INC.,16.586999893188477,0.1894506327280022,-33999,-0.08925002600844316,22930,-0.7638269097041608,0.04185632240415035,0.07923404255319148,0.03655787119783316,-0.0018086867329050182,
2015-05-05,175694,65383,37760,67908,105158,084691,SILVER - COMMODITY EXCHANGE INC.,16.55699920654297,0.21201634660261592,-37250,-1.811535653986103,27623,2.615052852708945,0.01878474108143714,0.0454999369806967,-0.0018086867329050182,-0.00283861689396947,
2015-05-12,174919,65302,35964,68337,106440,084691,SILVER - COMMODITY EXCHANGE INC.,16.510000228881836,0.2178322537860381,-38103,-0.48550320443498357,29338,0.9761289514724464,0.009789617627033306,0.018535342563150516,-0.00283861689396947,0.03270738950288221,
2015-05-19,174337,68171,16891,62550,125035,084691,SILVER - COMMODITY EXCHANGE INC.,17.049999237060547,0.35841502377579054,-62485,-13.939023205026327,51280,12.544091836793031,0.12997840978756298,0.2579530225012344,0.03270738950288221,-0.018533724274564234,
2015-05-26,173629,66592,15611,63321,124823,084691,SILVER - COMMODITY EXCHANGE INC.,16.733999252319336,0.3542150216841657,-61502,0.5638504735082053,50981,-0.171506909032506,0.005224721489922613,0.034779752563775045,-0.018533724274564234,0.002928271537886884,
2015-06-02,178343,63573,16728,67193,124762,084691,SILVER - COMMODITY EXCHANGE INC.,16.783000946044922,0.3227993248964075,-57569,2.2651745964095857,46845,-2.382090549389791,0.020489177150894742,0.05150620789280333,0.002928271537886884,-0.0496931740720612,
2015-06-09,189524,65881,43335,71347,107288,084691,SILVER - COMMODITY EXCHANGE INC.,15.949000358581545,0.18963825161984763,-35941,12.127193105420455,22546,-13.624868932338247,0.12107369776359617,0.26475058599472606,-0.0496931740720612,0.0005642876871014835,
2015-06-16,191774,67315,51643,74139,102994,084691,SILVER - COMMODITY EXCHANGE INC.,15.958000183105469,0.15046356648972228,-28855,3.738840463476921,15672,-3.6269812794157996,0.040003838923294927,0.08189445014206695,0.0005642876871014835,-0.01416216503071499,
2015-06-23,200273,74254,58697,73843,103320,084691,SILVER - COMMODITY EXCHANGE INC.,15.732000350952148,0.14718409371208302,-29477,-0.3243401086695798,15557,-0.05996641880546894,0.0035108911002861773,0.10524930237455905,-0.01416216503071499,-0.011505257150769,
2015-06-30,196724,71886,62005,76246,97406,084691,SILVER - COMMODITY EXCHANGE INC.,15.550999641418455,0.10756186332120128,-21160,4.152831385159258,9881,-2.8341314106244972,0.04789463985442149,0.042392692563353776,-0.011505257150769,-0.03864702244302154,0.2526008063642896
2015-07-07,197092,70786,63993,78158,92477,084691,SILVER - COMMODITY EXCHANGE INC.,14.949999809265137,0.0726513506382806,-14319,3.4774608080356235,6793,-1.5697118806042984,0.04009142321329153,0.022911581181044523,-0.03864702244302154,0.023076941232801573,0.24593601170777077
2015-07-14,185716,66392,56839,75946,91535,084691,SILVER - COMMODITY EXCHANGE INC.,15.295000076293944,0.08393999440005169,-15589,-0.6443691271081525,9553,1.400361252612993,0.01883198691194822,0.09371018656019994,0.023076941232801573,-0.03439032496007899,0.24015043966106653
2015-07-21,190226,66576,62331,79791,90958,084691,SILVER - COMMODITY EXCHANGE INC.,14.769000053405762,0.05870385751684838,-11167,2.3810549441082083,4245,-2.858127463438799,0.025897662651025773,0.04403174381530871,-0.03439032496007899,-0.009343929025812825,0.23389366096643832
2015-07-28,190322,67125,60829,79630,91703,084691,SILVER - COMMODITY EXCHANGE INC.,14.630999565124512,0.0634346003089501,-12073,-0.47627558798481806,6296,1.0781912041466466,0.005287948031027298,0.016029197993028745,-0.009343929025812825,-0.005536147686226789,0.22821169227785537
2015-08-04,185848,66772,58367,76161,89917,084691,SILVER - COMMODITY EXCHANGE INC.,14.550000190734863,0.07401747664758297,-13756,-0.8842908334296613,8405,1.1081220247790586,0.03164175869169908,0.022494985576039444,-0.005536147686226789,0.05024054549907997,0.22323768532204014
2015-08-11,177902,65566,48729,68255,90482,084691,SILVER - COMMODITY EXCHANGE INC.,15.281000137329102,0.12493957347303572,-22227,-4.558025913649864,16837,4.537041022771296,0.05336499996850136,0.09487729122008837,0.05024054549907997,-0.032327755411029946,0.22016586932675875
2015-08-18,173545,59535,45501,71220,94613,084691,SILVER - COMMODITY EXCHANGE INC.,14.786999702453612,0.13479500993978508,-23393,-0.6554170273521377,14034,-1.5755865588919744,0.04279003575886585,0.08815072927377281,-0.032327755411029946,-0.01196997696206048,0.2175788735877595
2015-08-25,167243,58687,43129,71182,95152,084691,SILVER - COMMODITY EXCHANGE INC.,14.609999656677246,0.14332438427916266,-23970,-0.33247860785387073,15558,0.8781584027197556,0.003468923972248608,0.03162567769309342,-0.01196997696206048,0.00020535656878295505,0.21539491801985963
2015-09-01,157013,57866,40394,63067,85633,084691,SILVER - COMMODITY EXCHANGE INC.,14.61299991607666,0.14372058364594015,-22566,0.8394970193072356,17472,1.1444425177735391,0.11858776059179556,0.036189700793812334,0.00020535656878295505,0.009375219647583588,0.21334707989489052
2015-09-08,155615,58761,40020,60995,86555,084691,SILVER - COMMODITY EXCHANGE INC.,14.75,0.16425151816984224,-25560,-1.9068484775146006,18741,0.808213332653984,0.02029142663503897,0.012846600054666384,0.009375219647583588,-0.02922032243114414,0.21198331429141695
2015-09-15,158007,60443,46180,61170,82527,084691,SILVER - COMMODITY EXCHANGE INC.,14.319000244140623,0.13516489775769427,-21357,2.700896443144941,14263,-2.8776146258394113,0.02924904486523727,0.07354885906417939,-0.02922032243114414,0.030099849745846896,0.2099071408715866
2015-09-22,152140,60413,35554,56244,87558,084691,SILVER - COMMODITY EXCHANGE INC.,14.75,0.20582358354147495,-31314,-6.301619548501016,24859,6.7060320112400085,0.06924103976300747,0.11103816937072118,0.030099849745846896,-0.012271169888771305,0.20979967883658365
2015-09-29,156905,61556,38453,56932,87038,084691,SILVER - COMMODITY EXCHANGE INC.,14.569000244140623,0.19187406392403047,-30106,0.7940055212304457,23103,-1.1542000788747206,0.008390636938251024,0.04041636252737254,-0.012271169888771305,0.09678082392641785,0.2093400476849797
2015-10-06,156226,68838,28052,48944,98446,084691,SILVER - COMMODITY EXCHANGE INC.,15.979000091552734,0.31686146992178,-49502,-12.361620088588635,40786,11.26987667697014,0.13159644480629623,0.18250593456497058,0.09678082392641785,-0.005131721526862476,0.21202808324089975
2015-10-13,161346,74575,22865,45022,103648,084691,SILVER - COMMODITY EXCHANGE INC.,15.897000312805176,0.3633557695883381,-58626,-5.840257063484952,51710,6.992434037868217,0.061370821282034034,0.11211001642036125,-0.005131721526862476,0.000503203120627127,0.21571900242010555
2015-10-20,167574,79449,22151,42189,108989,084691,SILVER - COMMODITY EXCHANGE INC.,15.904999732971191,0.39862985904734627,-66800,-5.066131171519592,57298,3.463364446593036,0.05406871370172909,0.055,0.000503203120627127,-0.002955041315594542,0.22007402281599223
2015-10-27,169757,82023,19578,41050,110423,084691,SILVER - COMMODITY EXCHANGE INC.,15.857999801635742,0.40866061487891514,-69373,-1.5354410588754819,62445,3.0714788690369628,0.01698652565143623,0.050658950207183,-0.002955041315594542,-0.03871858837436237,0.22445975751512995
2015-11-03,166942,77220,18843,41512,108653,084691,SILVER - COMMODITY EXCHANGE INC.,15.244000434875488,0.40218159600340236,-67141,1.3148205964997024,58377,-2.3963665710397803,0.014863649985016481,0.057649667405764965,-0.03871858837436237,-0.05825245755370534,0.22849889020804526
2015-11-10,162435,72304,33314,48381,98510,084691,SILVER - COMMODITY EXCHANGE INC.,14.355999946594238,0.30860959768522794,-50129,10.190365516167292,38990,-11.613015298726504,0.1158137666705244,0.1835577269026113,-0.05825245755370534,-0.01295624623796554,0.23027912815198268
2015-11-17,170721,72282,47028,57596,93120,084691,SILVER - COMMODITY EXCHANGE INC.,14.170000076293944,0.20808219258322058,-35524,8.991288823221597,25254,-8.456305599162741,0.09690411104328671,0.11512865644120358,-0.01295624623796554,-7.060016602133956e-05,0.22979658607440087
2015-11-24,170092,70210,50817,58718,87443,084691,SILVER - COMMODITY EXCHANGE INC.,14.168999671936035,0.16887919478870259,-28725,3.982521189543173,19393,-3.4330867321536305,0.04651719678984134,0.048427210457170716,-7.060016602133956e-05,-0.00804568913824244,0.22850047136619453
2015-12-01,163286,72909,51019,53239,83060,084691,SILVER - COMMODITY EXCHANGE INC.,14.05500030517578,0.18263047658709258,-29821,-0.6443571714131177,21890,1.4680290666227689,0.07235562990190683,0.023408753469756634,-0.00804568913824244,0.0025613160664570422,0.22754484647496323
2015-12-08,162758,70591,49331,52285,83312,084691,SILVER - COMMODITY EXCHANGE INC.,14.090999603271484,0.1906327185146045,-31027,-0.7385813848094754,21260,-0.38582609654226324,0.008894002079692029,0.033405046613632194,0.0025613160664570422,-0.024909505502493157,0.22679153774107835
2015-12-15,166864,71479,55902,54707,78249,084691,SILVER - COMMODITY EXCHANGE INC.,13.739999771118164,0.14108495541279126,-23542,4.59885228375871,15577,-3.4916870445692374,0.056296820000601704,0.05855661362369584,-0.024909505502493157,0.04090249519796507,0.2250774060945126
2015-12-22,161116,68584,45193,51148,82310,084691,SILVER - COMMODITY EXCHANGE INC.,14.302000045776367,0.1934134412473001,-31162,-4.566593153706012,23391,4.6828554990890785,0.057096614665287954,0.1195672236040676,0.04090249519796507,-0.026919327901661738,0.2244565440386849
2015-12-29,165006,68450,47746,52149,82027,084691,SILVER - COMMODITY EXCHANGE INC.,13.916999816894531,0.1810722034350266,-29878,0.7969413341939969,20704,-1.667742496089774,0.009569520629620796,0.02312472030018245,-0.026919327901661738,0.002299385076384608,0.2236222297963069
2016-01-05,167520,69779,48153,52680,81479,084691,SILVER - COMMODITY EXCHANGE INC.,13.949000358581545,0.17191380133715378,-28799,0.6539156151897507,21626,0.5587675599675163,0.008042695607450861,0.014720347318793882,0.002299385076384608,-0.014983194644109465,0.22194581728337212
2016-01-12,166172,71255,48772,50690,81252,084691,SILVER - COMMODITY EXCHANGE INC.,13.739999771118164,0.18391786823291528,-30562,-1.052411652340019,22483,0.5115807067812799,0.016802837610465204,0.01745440609196264,-0.014983194644109465,0.026928667519837246,0.21976000431335765
2016-01-19,159521,68196,39238,49508,85542,084691,SILVER - COMMODITY EXCHANGE INC.,14.109999656677246,0.2258887544586606,-36034,-3.2929735454829934,28958,3.8965650049346463,0.04051832654572381,0.11721615131150287,0.026928667519837246,0.030758329257180916,0.2174123836487663
2016-01-26,154734,68920,31334,46228,91352,084691,SILVER - COMMODITY EXCHANGE INC.,14.543999671936035,0.2916230434164437,-45124,-5.698309313507313,37586,5.408692272490769,0.06607064980375055,0.08606140403375426,0.030758329257180916,-0.01842681896954257,0.2157287143143573
2016-02-02,157934,70685,32097,47967,93441,084691,SILVER - COMMODITY EXCHANGE INC.,14.276000022888184,0.28793040130687503,-45474,-0.22619463078573554,38588,0.6475629144208771,0.02707060420909708,0.02459574633690724,-0.01842681896954257,0.08181564999858693,0.21485135787508572
2016-02-09,164664,78108,25426,44437,106146,084691,SILVER - COMMODITY EXCHANGE INC.,15.444000244140623,0.3747570810863334,-61709,-10.279610470196411,52682,8.92398090341535,0.1078142951063533,0.13612919427434467,0.08181564999858693,-0.007446242508432621,0.2159443759569384
2016-02-16,166645,80249,21532,44638,114700,084691,SILVER - COMMODITY EXCHANGE INC.,15.32900047302246,0.42042665546521046,-70062,-5.072754214643152,58717,3.6650391099451,0.05494608944507901,0.05929397431740698,-0.007446242508432621,-0.006132220852275716,0.2187912150968624
2016-02-23,174697,83189,21262,45040,118717,084691,SILVER - COMMODITY EXCHANGE INC.,15.234999656677246,0.4217416441037911,-73677,-2.1692820066608656,61927,1.9262504125536322,0.026985105980202373,0.0307321136226556,-0.006132220852275716,-0.03295043428645472,0.2220387882642239
2016-03-01,162293,78607,23127,48025,113262,084691,SILVER - COMMODITY EXCHANGE INC.,14.732999801635742,0.40197051012674606,-65237,4.831222058764604,55480,-3.690389646072915,0.05232907797900637,0.06337114435685218,-0.03295043428645472,0.04418652220547137,0.2251128410100727
2016-03-08,169875,79879,19995,47434,118249,084691,SILVER - COMMODITY EXCHANGE INC.,15.383999824523926,0.4168653421633554,-70815,-3.4369935856752907,59884,2.713610568539617,0.033666700868526044,0.0440955604061117,0.04418652220547137,-0.008385316663704567,0.2293472319354667
2016-03-15,166180,76606,18533,46447,116471,084691,SILVER - COMMODITY EXCHANGE INC.,15.255000114440918,0.4213744132867974,-70024,0.46563649742457686,58073,-1.0660779985283297,0.01697172810861906,0.04976928494098109,-0.008385316663704567,0.04077349956961185,0.23419633709323173
2016-03-22,175775,82933,19504,47743,124985,084691,SILVER - COMMODITY EXCHANGE INC.,15.876999855041504,0.4394367799743991,-77242,-4.343482970273198,63429,3.223011192682633,0.05679449770737807,0.07124378886535139,0.04077349956961185,-0.040309844145096196,0.23827626821063655
2016-03-29,175255,79493,24986,47675,115779,084691,SILVER - COMMODITY EXCHANGE INC.,15.237000465393066,0.3885994693446692,-68104,5.198691509031432,54507,-5.075807139809416,0.05673767543161991,0.08539515117870577,-0.040309844145096196,-0.00807246447474086,0.24011243192997672
2016-04-05,179913,79942,27931,51291,110956,084691,SILVER - COMMODITY EXCHANGE INC.,15.11400032043457,0.33163251126933574,-59665,4.8152691791960285,52011,-1.4242104362215058,0.05201328838129519,0.03146292399395586,-0.00807246447474086,0.07317711853059694,0.24077423751023216
2016-04-12,184800,87892,25424,52108,124524,084691,SILVER - COMMODITY EXCHANGE INC.,16.219999313354492,0.39186147186147186,-72416,-7.0873144241939166,62468,5.812253700399637,0.08144050908102722,0.09228176073987786,0.07317711853059694,0.04611597597399131,0.24356766985936879
2016-04-19,194510,94988,23560,53952,138036,084691,SILVER - COMMODITY EXCHANGE INC.,16.968000411987305,0.4322862577759498,-84084,-6.313852813852813,71428,4.848484848484849,0.07998416567702148,0.07558119917670479,0.04611597597399131,0.008132984731881399,0.24831802630312325
2016-04-26,206748,99774,21001,56700,148002,084691,SILVER - COMMODITY EXCHANGE INC.,17.106000900268555,0.44161007603459285,-91302,-3.7108631946943604,78773,3.7761554675852143,0.06210979863411203,0.0608155661353757,0.008132984731881399,0.02151292009529837,0.2531672463667115
2016-05-03,198237,100401,24526,55731,146325,084691,SILVER - COMMODITY EXCHANGE INC.,17.474000930786133,0.4569984412597043,-90594,0.34244587613906785,75875,-1.4017064252133031,0.013095379498752821,0.033235409479135815,0.02151292009529837,-0.02283393307732473,0.25787844049473246
2016-05-10,205391,107844,27573,53870,145602,084691,SILVER - COMMODITY EXCHANGE INC.,17.075000762939453,0.4466213222585215,-91732,-0.5740603419139716,80271,2.2175476828240943,0.012954199085585948,0.07746442470295457,-0.02283393307732473,0.009370415242345498,0.2622782302730494
2016-05-17,207394,105988,28786,54759,144654,084691,SILVER - COMMODITY EXCHANGE INC.,17.235000610351562,0.43345034089703655,-89895,0.8943916724686087,77202,-1.494223213285879,0.009212037329562266,0.022771454434831643,0.009370415242345498,-0.05784738643999676,0.26372121714076574
2016-05-24,203682,97242,31358,59097,137390,084691,SILVER - COMMODITY EXCHANGE INC.,16.238000869750977,0.3843884093832543,-78293,5.594183052547326,65884,-5.457245629092452,0.05904716342557014,0.08800933125972006,-0.05784738643999676,-0.016381372917412818,0.2643014745965174
2016-05-31,198118,89815,28184,59970,135935,084691,SILVER - COMMODITY EXCHANGE INC.,15.972000122070312,0.38343310552297116,-75965,1.1429581406309837,61631,-2.0880588368142496,0.011883310788392333,0.08983974440461359,-0.016381372917412818,0.025356917327209016,0.265467508839336
2016-06-07,192376,86676,29635,56476,128310,084691,SILVER - COMMODITY EXCHANGE INC.,16.37700080871582,0.37340416683993843,-71834,2.085120988501802,57041,-2.3168010983353358,0.06017230742588724,0.03946316341532615,0.025356917327209016,0.06307620368111166,0.26900146874741465
2016-06-14,199111,97370,27731,56766,138510,084691,SILVER - COMMODITY EXCHANGE INC.,17.40999984741211,0.4105448719558437,-81744,-5.151370233293134,69639,6.548633925229759,0.05371883897662795,0.10070263227312332,0.06307620368111166,-0.005686331091623531,0.27400303231407086
2016-06-21,205618,106942,26699,55836,145772,084691,SILVER - COMMODITY EXCHANGE INC.,17.31100082397461,0.4373936133996051,-89936,-4.114288010205363,80243,5.325672614772665,0.040633308202055476,0.07934690701206965,-0.005686331091623531,0.030500829114307626,0.27958398461575396
2016-06-28,211396,107555,23894,56671,151872,084691,SILVER - COMMODITY EXCHANGE INC.,17.839000701904297,0.4503443773770554,-95201,-2.560573490647706,83661,1.6623058292561936,0.03325453263835276,0.026002480049296686,0.030500829114307626,0.1136273580437206,0.286175956039905
2016-07-05,211347,111348,25594,55718,154486,084691,SILVER - COMMODITY EXCHANGE INC.,19.86599922180176,0.46732624546362145,-98768,-1.687354538401862,85754,0.9900849590342296,0.016969229890963066,0.04011187217946284,0.1136273580437206,0.013289033993070687,0.2937658578634692
2016-07-12,214617,114376,26724,54035,154155,084691,SILVER - COMMODITY EXCHANGE INC.,20.1299991607666,0.4665054492421383,-100120,-0.63970626505226,87652,0.8980491797849035,0.00967385561266151,0.029468462083628633,0.013289033993070687,-0.007699890002924925,0.30112288584120167
2016-07-19,219206,120839,26449,50379,156634,084691,SILVER - COMMODITY EXCHANGE INC.,19.975000381469727,0.4847266954371687,-106255,-2.8585806343393116,94390,3.1395462614797522,0.02963581997265872,0.04574710770734887,-0.007699890002924925,-0.016020009447462846,0.3093156327242847
2016-07-26,218299,123737,27660,48115,155238,084691,SILVER - COMMODITY EXCHANGE INC.,19.655000686645508,0.49071686081933497,-107123,-0.39597456274007103,96077,0.7695957227448154,0.017998259184767374,0.027140564211972498,-0.016020009447462846,0.05143727520967967,0.3175325992725614
2016-08-02,224540,122676,29242,49123,158244,084691,SILVER - COMMODITY EXCHANGE INC.,20.666000366210938,0.4859757726908346,-109121,-0.9152584299515801,93434,-1.210724739920934,0.01935698544127079,0.017397543411577298,0.05143727520967967,-0.04122719322015378,0.3254548741964701
2016-08-09,210647,122165,31101,47020,150331,084691,SILVER - COMMODITY EXCHANGE INC.,19.81399917602539,0.4904461017721591,-103311,2.587512247261067,91064,-1.0554912265075265,0.05075221306200627,0.015463312150118095,-0.04122719322015378,0.0017159785072391465,0.33248384589453017
2016-08-16,205905,118988,33999,49176,149770,084691,SILVER - COMMODITY EXCHANGE INC.,19.847999572753903,0.48854568854568853,-100594,1.289835601741302,84989,-2.883971763186753,0.013656972243724428,0.039709256342042136,0.0017159785072391465,-0.04725915686885751,0.33928674356002825
2016-08-23,206264,118356,35153,47602,145671,084691,SILVER - COMMODITY EXCHANGE INC.,18.90999984741211,0.4754537873792809,-98069,1.2262936791238677,83203,-0.8673903013525655,0.029352263378744057,0.011634497000175886,-0.04725915686885751,-0.0176097401265205,0.3456738474657997
2016-08-30,189416,114230,29876,44378,140056,084691,SILVER - COMMODITY EXCHANGE INC.,18.57699966430664,0.5051210035055117,-95678,1.1591940425862002,84354,0.5580227281542102,0.04792500298209658,0.06525057943458287,-0.0176097401265205,0.07923777513430097,0.3526238555400223
2016-09-06,199197,118059,30031,45970,145552,084691,SILVER - COMMODITY EXCHANGE INC.,20.048999786376953,0.4999171674272203,-99582,-2.0610719263420196,88028,1.9396460700257634,0.037008803166215895,0.026902559254507394,0.07923777513430097,-0.05780838989863413,0.3590789641795872
2016-09-13,193953,113792,32224,45479,142154,084691,SILVER - COMMODITY EXCHANGE INC.,18.88999938964844,0.49844549968291285,-96675,1.4593593277007182,81568,-3.2430207282238186,0.02072663124290503,0.04424172693403463,-0.05780838989863413,0.01614612572951768,0.3660651296012261
2016-09-20,193501,113567,30932,45909,142854,084691,SILVER - COMMODITY EXCHANGE INC.,19.19499969482422,0.5010051627640167,-96945,-0.13920898361974293,82635,0.5501332797120952,0.00598634266249212,0.010498342549083385,0.01614612572951768,-0.005626454980609541,0.3717416984324288
2016-09-27,201486,116948,32086,48161,148979,084691,SILVER - COMMODITY EXCHANGE INC.,19.086999893188477,0.5003722342991572,-100818,-2.0015400437207043,84862,1.1508984449692767,0.04249264482093943,0.030429298012534054,-0.005626454980609541,-0.07198619777887372,0.3776743555550274
2016-10-04,198747,110764,34961,48885,139781,084691,SILVER - COMMODITY EXCHANGE INC.,17.71299934387207,0.4573452681046758,-90896,4.924411621651132,75803,-4.496094021420843,0.05259029183848706,0.0621650368845428,-0.07198619777887372,-0.014509116411802525,0.3803759670585446
2016-10-11,187469,97527,34634,52174,129809,084691,SILVER - COMMODITY EXCHANGE INC.,17.45599937438965,0.41412180147117655,-77635,6.6723019718536625,62893,-6.495695532511182,0.07286944384915074,0.10263239533599171,-0.014509116411802525,0.007733743911557456,0.3813522369024454
2016-10-18,189229,94230,34944,53771,128682,084691,SILVER - COMMODITY EXCHANGE INC.,17.590999603271484,0.3958748394802065,-74911,1.4530402359856829,59286,-1.924051443171938,0.014929872350687575,0.02792357595181693,0.007733743911557456,0.00824287766663967,0.3812992557569234
2016-10-25,196311,92213,35140,57120,130516,084691,SILVER - COMMODITY EXCHANGE INC.,17.736000061035156,0.3738761455038179,-73396,0.8006172415433153,57073,-1.1694824789012255,0.027622631051610565,0.01737689728549779,0.00824287766663967,0.036592251105844964,0.38063032365355615
2016-11-01,196912,89233,27097,58595,135512,084691,SILVER - COMMODITY EXCHANGE INC.,18.385000228881836,0.39061611278134395,-76917,-1.7935826316406112,62136,2.579070963929683,0.03333728304491852,0.09475629674202699,0.036592251105844964,-0.0029915857759620357,0.38040791051467043
2016-11-08,188265,89360,24091,53861,136122,084691,SILVER - COMMODITY EXCHANGE INC.,18.329999923706055,0.4369426074947547,-82261,-2.7139026570244575,65269,1.5910660599658732,0.028128832579757138,0.02761544631603071,-0.0029915857759620357,-0.07097657395023771,0.3828758530110075
2016-11-15,174831,85575,22969,51359,129880,084691,SILVER - COMMODITY EXCHANGE INC.,17.02899932861328,0.4491251551498304,-78521,1.98656149576395,62606,-1.4144955249249727,0.048245686634775076,0.04520747346698113,-0.07097657395023771,-0.02384169084127641,0.38751129459882694
2016-11-22,169661,81835,21668,46804,125036,084691,SILVER - COMMODITY EXCHANGE INC.,16.62299919128418,0.46110773837240143,-78232,0.1653024921209625,60167,-1.3950615165502687,0.05469622905027933,0.04870390230234872,-0.02384169084127641,0.0022859958286858273,0.3931310742831288
2016-11-29,156626,79485,20445,41906,117351,084691,SILVER - COMMODITY EXCHANGE INC.,16.660999298095703,0.481688863917868,-75445,1.642687476791956,59040,-0.6642658006259541,0.07901065573255807,0.035755028519963976,0.0022859958286858273,0.004741640738889608,0.398882197116413
2016-12-06,159337,81495,22130,43081,118821,084691,SILVER - COMMODITY EXCHANGE INC.,16.739999771118164,0.4753447096405731,-75740,-0.18834676235107836,59365,0.20750067038678124,0.016337043396622647,0.035657418576598314,0.004741640738889608,0.010215025646091558,0.40435742771498934
2016-12-13,163556,87040,20107,41867,122998,084691,SILVER - COMMODITY EXCHANGE INC.,16.910999298095703,0.49604416835823817,-81131,-3.3833949427942036,66933,4.749681492685315,0.03269948139386771,0.07063193556515815,0.010215025646091558,-0.05067698416261068,0.41118356642547865
2016-12-20,159697,83529,22635,42097,116045,084691,SILVER - COMMODITY EXCHANGE INC.,16.054000854492188,0.4630519045442306,-73948,4.3917679571522905,60894,-3.692313336105065,0.04542120372829482,0.05688368938623262,-0.05067698416261068,-0.007786280492151465,0.41636892148888116
2016-12-27,163097,84330,25419,41974,115981,084691,SILVER - COMMODITY EXCHANGE INC.,15.928999900817873,0.45376064550543543,-74007,-0.0369449645265722,58911,-1.241726519596486,0.001183881485233136,0.032665445698821856,-0.007786280492151465,0.02680651654902433,0.42161292999023525
2017-01-03,163812,86821,25530,42493,118307,084691,SILVER - COMMODITY EXCHANGE INC.,16.356000900268555,0.4628110272751691,-75814,-1.1079296369645057,61291,1.4592543087855692,0.01769278606965174,0.02315956244270189,0.02680651654902433,0.027329333063564887,0.42720710741212015
2017-01-10,165040,88430,23829,41425,120362,084691,SILVER - COMMODITY EXCHANGE INC.,16.80299949645996,0.4782901114881241,-78937,-1.9064537396527728,64601,2.020608990794325,0.01930315785569916,0.02948538647235411,0.027329333063564887,0.017794429288648494,0.43286811209010484
2017-01-17,172056,90838,21356,45028,126764,084691,SILVER - COMMODITY EXCHANGE INC.,17.101999282836914,0.47505463337518017,-81736,-1.6959524963645178,69482,2.9574648570043625,0.05823903324951104,0.04350500026739398,0.017794429288648494,0.0027482684470074847,0.43765976360773023
2017-01-24,177601,92319,21298,47195,130279,084691,SILVER - COMMODITY EXCHANGE INC.,17.14900016784668,0.46781268123490294,-83084,-0.7834658483284512,71021,0.8944762170456131,0.03201595726697995,0.013545508154589542,0.0027482684470074847,0.021167354297596086,0.44104802587346986
2017-01-31,186839,96909,20935,49265,138678,084691,SILVER - COMMODITY EXCHANGE INC.,17.511999130249023,0.47855640417685813,-89413,-3.5636060607766846,75974,2.7888356484479253,0.05570305890615772,0.042030141543056926,0.021167354297596086,0.012619956736120264,0.44471391054404646
2017-02-07,193936,98560,20283,50072,142784,084691,SILVER - COMMODITY EXCHANGE INC.,17.732999801635742,0.47805461595577925,-92712,-1.7656913171232986,78277,1.2326120349605811,0.02547496577757498,0.01937850777917084,0.012619956736120264,0.00783848985054525,0.4467004015992281
2017-02-14,195338,104765,19953,48659,147686,084691,SILVER - COMMODITY EXCHANGE INC.,17.871999740600586,0.5069520523400465,-99027,-3.256228859005032,84812,3.3696683441960236,0.032162774707784766,0.052398210362577975,0.00783848985054525,0.006602508517808081,0.4483643515391288
2017-02-21,208147,108848,20831,51934,154167,084691,SILVER - COMMODITY EXCHANGE INC.,17.989999771118164,0.4911576914392232,-102233,-1.6412577173924172,88017,1.640745784230411,0.047336014866497494,0.03825600135719739,0.006602508517808081,0.023902185138774623,0.44969927552634864
2017-02-28,197629,115229,19806,50081,158091,084691,SILVER - COMMODITY EXCHANGE INC.,18.420000076293945,0.5465291025102591,-108010,-2.7754423556428867,95423,3.5580623309488004,0.027751090444440175,0.0548450401747695,0.023902185138774623,-0.05037999417026451,0.4524792484568008
2017-03-07,192398,113437,19984,46774,152636,084691,SILVER - COMMODITY EXCHANGE INC.,17.492000579833984,0.5502240148026487,-105862,1.0868850219350399,93453,-0.9968172687206838,0.04393962188455945,0.014765291820627937,-0.05037999417026451,-0.034530074978906034,0.45504383831524875
2017-03-14,186936,102675,19797,46747,144746,084691,SILVER - COMMODITY EXCHANGE INC.,16.88800048828125,0.5242382419651646,-97999,4.0868408195511385,82878,-5.496418881693157,0.04134354780592502,0.08940002612842118,-0.034530074978906034,0.03919935632632554,0.4570219888667558
2017-03-21,190819,100337,21225,48468,142202,084691,SILVER - COMMODITY EXCHANGE INC.,17.549999237060547,0.4912194278347544,-93734,2.281529507425001,79112,-2.0145932297684768,0.022368490061362562,0.030980076010595416,0.03919935632632554,0.03846160534205456,0.4580178090179165
2017-03-28,201829,112197,21509,48127,149894,084691,SILVER - COMMODITY EXCHANGE INC.,18.225000381469727,0.504223872684302,-101767,-4.209748505127895,90688,6.066481849291737,0.040566404573252335,0.09082614093608364,0.03846160534205456,0.004224947198625539,0.46024135523598636
2017-04-04,219160,126524,25142,47639,159985,084691,SILVER - COMMODITY EXCHANGE INC.,18.302000045776367,0.5126209162255886,-112346,-5.241565880027152,101382,5.298544807733279,0.05095268369745309,0.1184181029367162,0.004224947198625539,-0.0037700931028324947,0.4637219014851451
2017-04-11,220172,131969,26454,46900,161314,084691,SILVER - COMMODITY EXCHANGE INC.,18.232999801635746,0.519657358792217,-114414,-0.9436028472348968,105515,1.885836831538602,0.009932089100636844,0.042651635179235335,-0.0037700931028324947,0.0009872017355165852,0.4661795146953517
2017-04-18,227984,128378,24491,46878,163710,084691,SILVER - COMMODITY EXCHANGE INC.,18.250999450683594,0.5124570145273353,-116832,-1.0982322911178533,103887,-0.7394219065094563,0.01148213573422987,0.03633176118114202,0.0009872017355165852,-0.03671032252805473,0.46772126001749376
2017-04-25,214782,121018,27405,43415,151504,084691,SILVER - COMMODITY EXCHANGE INC.,17.58099937438965,0.503249806780829,-108089,3.8349182398764823,93613,-4.5064565934451535,0.08038723777569144,0.06922107759579041,-0.03671032252805473,-0.046186241030248154,0.4689066394549214
2017-05-02,189240,101538,30171,43731,130305,084691,SILVER - COMMODITY EXCHANGE INC.,16.768999099731445,0.45748256182625235,-86574,10.017133651795774,71367,-10.357478745891182,0.12362384793950677,0.16890265661420253,-0.046186241030248154,-0.0453813417866793,0.4689159494658165
2017-05-09,196083,94982,41327,48400,117669,084691,SILVER - COMMODITY EXCHANGE INC.,16.007999420166016,0.3532636689565133,-69269,9.144472627351512,53655,-9.359543436905517,0.10420367437631346,0.12994006265176913,-0.0453813417866793,0.04279119178553237,0.46712060997923943
2017-05-16,215127,100142,57138,55612,112949,084691,SILVER - COMMODITY EXCHANGE INC.,16.69300079345703,0.26652628447382243,-57337,6.085178215347582,43004,-5.431883437115916,0.07078743006982635,0.13333545269582908,0.04279119178553237,0.023842256688231478,0.4639105319711007
2017-05-23,203459,96531,45358,53195,117182,084691,SILVER - COMMODITY EXCHANGE INC.,17.090999603271484,0.3144957952216417,-63987,-3.09119729276195,51173,3.7972918322665214,0.03903108987715478,0.10847211552692598,0.023842256688231478,0.017377619326192972,0.46256644323722357
2017-05-30,205235,96568,35154,52861,123943,084691,SILVER - COMMODITY EXCHANGE INC.,17.38800048828125,0.3463444344288255,-71082,-3.487189065118771,61414,5.033446542055156,0.04012918259767879,0.07774707338181928,0.017377619326192972,0.016620632009407332,0.4618531995623361
2017-06-06,208967,101713,35772,52429,128053,084691,SILVER - COMMODITY EXCHANGE INC.,17.677000045776367,0.361894461804974,-75624,-2.213072818963627,65941,2.205764124052915,0.025165944526323956,0.04191730006909845,0.016620632009407332,-0.05311982653129821,0.4616318590808945
2017-06-13,201214,102702,42044,51617,123530,084691,SILVER - COMMODITY EXCHANGE INC.,16.738000869750977,0.3573956086554613,-71913,1.7758784879909266,60658,-2.5281503778108503,0.030460127778380447,0.05016373509457947,-0.05311982653129821,-0.020313068163494985,0.46060975786357944
2017-06-20,199929,96000,49319,56301,115135,084691,SILVER - COMMODITY EXCHANGE INC.,16.398000717163086,0.29427446743593977,-58834,6.5000447284980165,46681,-6.9463357420457825,0.07629086072936839,0.09618150413916969,-0.020313068163494985,0.010854951132771795,0.45785746659504745
2017-06-27,204637,93869,58337,59720,109928,084691,SILVER - COMMODITY EXCHANGE INC.,16.576000213623047,0.2453515248953024,-50208,4.3145316587388525,35532,-5.576479650275848,0.05084645854946713,0.07324941198113083,0.010854951132771795,-0.053028514263345206,0.4539152963550137
2017-07-11,207592,91174,77169,65517,90084,084691,SILVER - COMMODITY EXCHANGE INC.,15.696999549865724,0.11834271070176115,-24567,12.529992132410072,14005,-10.519603004344278,0.16478685869628087,0.12787582495262648,-0.053028514263345206,0.03344591879083536,0.44720407453267025
2017-07-18,209689,90776,81400,66398,88312,084691,SILVER - COMMODITY EXCHANGE INC.,16.222000122070312,0.10450715106657955,-21914,1.2779875910439709,9376,-2.2298547150179195,0.01714821278521104,0.02688528017842208,0.03344591879083536,0.016952263374485632,0.44024256879852486
2017-07-25,206347,90865,71448,63775,93307,084691,SILVER - COMMODITY EXCHANGE INC.,16.496999740600586,0.143118145647865,-29532,-3.632999346651469,19417,4.78852014173371,0.04849696336945035,0.061861958068669794,0.016952263374485632,0.01400260070926973,0.433673173610269
2017-08-01,207258,92259,61500,60593,100260,084691,SILVER - COMMODITY EXCHANGE INC.,16.72800064086914,0.191389475918903,-39667,-4.911629439730163,30759,5.496566463287569,0.06300783945590073,0.07376478775226165,0.01400260070926973,-0.021999044501379128,0.42791687774679915
2017-08-08,195163,91345,57481,59273,98834,084691,SILVER - COMMODITY EXCHANGE INC.,16.360000610351562,0.20270748041380796,-39561,0.05114398479190188,33864,1.498132762064673,0.01736798497220237,0.03314609006490801,-0.021999044501379128,0.02017114372827411,0.4224694105876256
2017-08-15,187955,91596,52745,55918,104006,084691,SILVER - COMMODITY EXCHANGE INC.,16.690000534057617,0.2558484743688649,-48088,-4.36916833621127,38851,2.5552999287774836,0.05331907656136665,0.03455012782230967,0.02017114372827411,0.016297145022603043,0.4179579177529469
2017-08-22,187227,91305,46759,55060,110109,084691,SILVER - COMMODITY EXCHANGE INC.,16.961999893188477,0.29402276381077513,-55049,-3.7035460615572875,44546,3.0299805804580884,0.042144712385496066,0.04546442229690578,0.016297145022603043,0.02711950210576375,0.41421709227727543
2017-08-29,182823,92930,39285,51479,117067,084691,SILVER - COMMODITY EXCHANGE INC.,17.422000885009766,0.3587513606056131,-65588,-5.628995817910878,53645,4.859875979426044,0.06252892385461535,0.0688197254471883,0.02711950210576375,0.02427955497974299,0.41197281483932036
2017-09-05,183276,96374,32203,47489,124177,084691,SILVER - COMMODITY EXCHANGE INC.,17.844999313354492,0.4184290359894367,-76688,-6.07144615283635,64171,5.7574812797076955,0.06466044528328266,0.08186534139076196,0.02427955497974299,-0.002801862649730036,0.4103056616178574
2017-09-12,188207,102243,27256,45932,130613,084691,SILVER - COMMODITY EXCHANGE INC.,17.795000076293945,0.4499354434213393,-84681,-4.361182042384164,74987,5.901481917981624,0.04527457588716758,0.08352188047784152,-0.002801862649730036,-0.033717357622775834,0.40934447461774426
2017-09-19,192994,99687,31884,47905,126313,084691,SILVER - COMMODITY EXCHANGE INC.,17.19499969482422,0.40627169756572745,-78408,3.3330322464095383,67803,-3.817073753898633,0.036006612405147576,0.05460169794255573,-0.033717357622775834,-0.022739101324306787,0.40757190150010597
2017-09-26,186906,91812,31552,49345,121611,084691,SILVER - COMMODITY EXCHANGE INC.,16.804000854492188,0.38664355344397716,-72266,3.1824823569644654,60260,-3.908411660466128,0.0359273731252486,0.06652670146882397,-0.022739101324306787,-0.013270737250821063,0.40537263978241295
2017-10-03,183494,91097,31918,46546,115263,084691,SILVER - COMMODITY EXCHANGE INC.,16.58099937438965,0.37449180899647944,-68717,1.8988154473371641,59179,-0.5783655955400041,0.05652961207349406,0.008787546234199082,-0.013270737250821063,0.034618016640326266,0.4029518623727461
2017-10-10,188258,92195,33087,46444,117052,084691,SILVER - COMMODITY EXCHANGE INC.,17.155000686645508,0.375059758416641,-70608,-1.0305514076754554,59108,-0.03869336327073365,0.011566032196506336,0.018095177280056194,0.034618016640326266,-0.009793131343768469,0.40136944872489927
2017-10-17,191928,94825,30910,46960,121873,084691,SILVER - COMMODITY EXCHANGE INC.,16.98699951171875,0.3903182443416281,-74913,-2.286755410128653,63915,2.5534107448289047,0.031611118679405095,0.03823120054081998,-0.009793131343768469,-0.004709479366904357,0.40091168801086946
2017-10-24,193899,95413,30293,49309,125814,084691,SILVER - COMMODITY EXCHANGE INC.,16.906999588012695,0.39456108592617806,-76505,-0.8294777208119712,65120,0.6278396065191113,0.03591761219257322,0.009585859067984027,-0.004709479366904357,-0.015496488829087385,0.4008864235194459
2017-10-31,198853,95382,35230,51632,122660,084691,SILVER - COMMODITY EXCHANGE INC.,16.645000457763672,0.35718847590934005,-71028,2.8246664500590515,60152,-2.5621586496062383,0.03142427650150322,0.03803632131810247,-0.015496488829087385,0.015620319719520603,0.4005655067964752
2017-11-07,203330,99872,30970,52183,133824,084691,SILVER - COMMODITY EXCHANGE INC.,16.905000686645508,0.40151969704421386,-81641,-5.337108316193369,68902,4.400235349730706,0.06298150069621036,0.06687455098515767,0.015620319719520603,0.008695613910680633,0.40077519110922266
2017-11-14,199899,98070,28897,51730,132178,084691,SILVER - COMMODITY EXCHANGE INC.,17.052000045776367,0.4024432338330857,-80448,0.5867309300152461,69173,0.13328087345694192,0.011413315353328839,0.030519741350114597,0.008695613910680633,-0.006040384740360838,0.400111741615729
2017-11-21,199402,98144,30503,52431,132867,084691,SILVER - COMMODITY EXCHANGE INC.,16.948999404907227,0.4033861245122918,-80436,0.006003031530923116,67641,-0.7663870254478512,0.007501430128765556,0.013058990882026009,-0.006040384740360838,-0.0081419898388021,0.3992321448726994
2017-11-28,186272,90138,31356,52073,125148,084691,SILVER - COMMODITY EXCHANGE INC.,16.81100082397461,0.39230265418313004,-73075,3.6915376977161714,58782,-4.442783923932558,0.045575862905637594,0.07291718109536273,-0.0081419898388021,-0.04984838558960791,0.39790897017675186
2017-12-05,192970,84905,53479,61774,108128,084691,SILVER - COMMODITY EXCHANGE INC.,15.972999572753906,0.24021350468984817,-46354,14.345151176773749,31426,-14.686050506785776,0.1572730162093442,0.19768181292634987,-0.04984838558960791,-0.024478795746873838,0.3932652132685207
2017-12-12,202797,77169,67255,75352,100181,084691,SILVER - COMMODITY EXCHANGE INC.,15.58199977874756,0.1224327776051914,-24829,11.15458361403327,9914,-11.147846815567187,0.12262651467245475,0.14895031296737385,-0.024478795746873838,0.031061494857276495,0.3864784453447634
2017-12-19,203703,77575,75106,76696,95317,084691,SILVER - COMMODITY EXCHANGE INC.,16.06599998474121,0.09141249760680992,-18621,3.06118926808582,2469,-3.6711588435726368,0.036090295500921445,0.05408007545143142,0.031061494857276495,0.028258463429207792,0.3786970670610821
2017-12-26,200321,74013,69365,77046,97785,084691,SILVER - COMMODITY EXCHANGE INC.,16.520000457763672,0.10352883621787032,-20739,-1.0397490464057966,4648,1.0696946043995423,0.016118422934147836,0.06488443136324959,0.028258463429207792,,0.3717831619009597
