,Open_Interest_All,NonComm_Positions_Long_All,NonComm_Positions_Short_All,Comm_Positions_Long_All,Comm_Positions_Short_All,CFTC_Contract_Market_Code,Market_and_Exchange_Names,ZC_Close,HP,NetLong_Comm,Q_Comm,NetLong_NonComm,Q_NonComm,PT_Comm,PT_NonComm,Ret,Ret_Lead,HP_Smooth_52w
2015-01-06,1257693,428218,157768,573080,709183,002602,CORN - CHICAGO BOARD OF TRADE,405.0,0.10821639303073166,-136103,,270450,,,,,-0.04753086419753083,
2015-01-13,1274564,420328,176565,593085,695790,002602,CORN - CHICAGO BOARD OF TRADE,385.75,0.08058049654626993,-102705,2.6554970092065395,243763,-2.121900972653899,0.025912520609058288,0.04470985587031512,-0.04753086419753083,0.01166558651976679,
2015-01-20,1301166,416365,186286,611992,698461,002602,CORN - CHICAGO BOARD OF TRADE,390.25,0.06645501035225329,-86469,1.273847370551812,230079,-1.0736220385951587,0.01646606173590354,0.022706342476823235,0.01166558651976679,-0.023062139654067892,
2015-01-27,1304935,394454,178398,614812,681512,002602,CORN - CHICAGO BOARD OF TRADE,381.25,0.0511136570020729,-66700,1.5193295859252394,216056,-1.0777256706676934,0.01525004551331303,0.0520186714893201,-0.023062139654067892,0.011803278688524488,
2015-02-03,1350370,396084,220252,639943,678472,002602,CORN - CHICAGO BOARD OF TRADE,385.75,0.02853218006916623,-38529,2.1588048446857506,175832,-3.0824523826857275,0.021367323642403947,0.0705524259494821,0.011803278688524488,0.005832793259883395,
2015-02-10,1358550,376836,210764,657172,690159,002602,CORN - CHICAGO BOARD OF TRADE,388.0,0.024281034926944167,-32987,0.4104060368639706,166072,-0.7227648718499374,0.02146168981490072,0.04890401633764466,0.005832793259883395,0.0038659793814432852,
2015-02-17,1362156,365018,214939,666989,688418,002602,CORN - CHICAGO BOARD OF TRADE,389.5,0.015731678309973306,-21429,0.8507600014721579,150079,-1.1772109970188804,0.00852732795389134,0.02757618237214138,0.0038659793814432852,-0.03080872913992294,
2015-02-24,1294525,381314,217503,599617,642401,002602,CORN - CHICAGO BOARD OF TRADE,377.5,0.033049960410189066,-42784,-1.5677352667389053,163811,1.0081077350905476,0.0912941680394326,0.03149543182641775,-0.03080872913992294,0.01192052980132452,
2015-03-03,1249063,379483,231733,579060,610321,002602,CORN - CHICAGO BOARD OF TRADE,382.0,0.02502756065947034,-31261,0.8901334466310036,147750,-1.2406867383789422,0.04425579355984331,0.026277126253239445,0.01192052980132452,0.0006544502617800152,
2015-03-10,1245440,376792,247815,589476,602884,002602,CORN - CHICAGO BOARD OF TRADE,382.25,0.010765673175745118,-13408,1.429311411834311,128977,-1.5029666237811865,0.014972826998557483,0.030055699023546007,0.0006544502617800152,-0.029431000654022266,
2015-03-17,1330967,386487,323607,629592,583485,002602,CORN - CHICAGO BOARD OF TRADE,371.0,-0.034641730411047005,46107,4.778632451181911,62880,-5.307120375128468,0.04906118902592333,0.1203882866212079,-0.029431000654022266,0.05997304582210239,
2015-03-24,1333440,383284,286898,619163,614533,002602,CORN - CHICAGO BOARD OF TRADE,393.25,-0.003472222222222222,4630,-3.1163056634762545,96386,2.5174177872178647,0.033620113869218995,0.05955397190613893,0.05997304582210239,-0.04322949777495233,
2015-03-31,1349885,366144,261770,637837,639907,002602,CORN - CHICAGO BOARD OF TRADE,376.25,0.0015334639617448893,-2070,-0.5024598032157428,104374,0.5990520758339333,0.03447325911919759,0.06731495077351357,-0.04322949777495233,0.017940199335548135,
2015-04-07,1358349,348540,258645,635017,621789,002602,CORN - CHICAGO BOARD OF TRADE,383.0,-0.009738292589017991,13228,1.133281723998711,89895,-1.0726098889905435,0.01665969131274039,0.03413951266912062,0.017940199335548135,-0.024804177545691863,
2015-04-14,1407876,363390,317365,653491,605737,002602,CORN - CHICAGO BOARD OF TRADE,373.5,-0.03391918038236322,47754,2.5417620950138735,46025,-3.229656001513602,0.027418386503476732,0.10807118566885296,-0.024804177545691863,-0.0013386880856760541,
2015-04-21,1369994,356748,329435,645877,577161,002602,CORN - CHICAGO BOARD OF TRADE,373.0,-0.05015788390314118,68716,1.4889095346465173,27313,-1.3290943236478214,0.029590249853234322,0.0272696933616834,-0.0013386880856760541,-0.03217158176943702,
2015-04-28,1319827,368148,367773,598544,504169,002602,CORN - CHICAGO BOARD OF TRADE,361.0,-0.07150558368634677,94375,1.872927910633185,375,-1.9662859837342352,0.10911724084145194,0.06758605882968416,-0.03217158176943702,0.0006925207756232066,
2015-05-05,1325963,381068,411500,621024,500691,002602,CORN - CHICAGO BOARD OF TRADE,361.25,-0.0907514010571939,120333,1.9667729179657638,-30432,-2.334169554040037,0.023141350521299973,0.07147273167728195,0.0006925207756232066,-0.0117647058823529,
2015-05-12,1340706,398281,429433,631171,517788,002602,CORN - CHICAGO BOARD OF TRADE,357.0,-0.08456962227363791,113383,-0.5241473555446117,-31152,-0.05430015769670798,0.02371189920615096,0.04246152656593944,-0.0117647058823529,0.014005602240896309,
2015-05-19,1399666,408932,461970,664426,530833,002602,CORN - CHICAGO BOARD OF TRADE,362.0,-0.0954463421987817,133593,1.5074147501391058,-53038,-1.6324235141783507,0.038736374292099036,0.04958996534627318,0.014005602240896309,-0.01933701657458564,
2015-05-26,1434318,424955,479404,677083,538414,002602,CORN - CHICAGO BOARD OF TRADE,355.0,-0.09667939745579432,138669,0.36265794839626025,-54449,-0.1008097646152725,0.016649979391146173,0.03699526404890093,-0.01933701657458564,0.011267605633802802,
2015-06-02,1454337,422322,486269,688683,550051,002602,CORN - CHICAGO BOARD OF TRADE,359.0,-0.09532316100051089,138632,-0.0025796232076847675,-63947,-0.662196249367295,0.018758668124068605,0.010453548406268607,0.011267605633802802,0.01671309192200554,
2015-06-09,1459091,413673,438913,677882,566093,002602,CORN - CHICAGO BOARD OF TRADE,365.0,-0.07661550924513962,111789,-1.8457207648571137,-25240,2.661487674452345,0.021578407926204305,0.06568838803358254,0.01671309192200554,-0.03013698630136985,
2015-06-16,1456360,408168,473546,683973,542071,002602,CORN - CHICAGO BOARD OF TRADE,354.0,-0.09743607349831086,141902,2.063819186054879,-65378,-2.750890794337022,0.024561108736717442,0.04552269783625983,-0.03013698630136985,0.03813559322033888,
2015-06-23,1427005,384495,430808,675368,559919,002602,CORN - CHICAGO BOARD OF TRADE,367.5,-0.08090301015063017,115449,-1.8163778186712078,-46313,1.309085665632124,0.02141445672139349,0.08145560607528735,0.03813559322033888,0.12653061224489792,
2015-06-30,1308355,409204,298635,598044,612459,002602,CORN - CHICAGO BOARD OF TRADE,414.0,0.011017651936974291,-14415,-9.100458652912918,110569,10.993794695884036,0.10728102284752702,0.22163514584531227,0.12653061224489792,0.004227053140096526,-0.01787902498817702
2015-07-07,1323094,432365,223665,587838,680820,002602,CORN - CHICAGO BOARD OF TRADE,415.75,0.07027618597015783,-92982,-6.00502157289115,208700,7.5003343893668,0.06192921969514242,0.14958309833391767,0.004227053140096526,0.0198436560432953,-0.01461401717490536
2015-07-14,1349047,445791,187561,588370,740596,002602,CORN - CHICAGO BOARD OF TRADE,424.0,0.11283965643895283,-152226,-4.477686392652374,258230,3.74349819438377,0.045379641014141825,0.07820295822859957,0.0198436560432953,-0.041273584905660354,-0.01006210026012471
2015-07-21,1386008,484416,160922,581722,789311,002602,CORN - CHICAGO BOARD OF TRADE,406.5,0.14977474877489885,-207589,-4.103859984122125,323494,4.8377854885708205,0.04038050141754429,0.1011315000821275,-0.041273584905660354,-0.07749077490774903,-0.004550484776158381
2015-07-28,1350791,444321,138640,579715,775779,002602,CORN - CHICAGO BOARD OF TRADE,375.0,0.14514754688179,-196064,0.8315247819637405,305681,-1.2852018170169293,0.011463717286834173,0.10700029676084678,-0.07749077490774903,-0.01666666666666672,0.00043944961243989796
2015-08-04,1368036,435338,193706,602080,739461,002602,CORN - CHICAGO BOARD OF TRADE,368.75,0.10042206491642033,-137381,4.344343425444795,241632,-4.741592148600338,0.04374297915606008,0.10181958654720497,-0.01666666666666672,0.021016949152542264,0.003664695267407009
2015-08-11,1390718,435826,238566,617278,726011,002602,CORN - CHICAGO BOARD OF TRADE,376.5,0.07818479375401771,-108733,2.094096938969442,197260,-3.2434818966752337,0.02132675842651879,0.06724279054318556,0.021016949152542264,-0.02722443559096943,0.005993448345113593
2015-08-18,1376536,435940,275229,634617,707259,002602,CORN - CHICAGO BOARD OF TRADE,366.25,0.05277159478575206,-72642,2.595134311916578,160711,-2.6280669409614315,0.026895927790645334,0.05171344645224975,-0.02722443559096943,-0.0020477815699658786,0.007410967934223849
2015-08-25,1296742,399014,247554,621287,676499,002602,CORN - CHICAGO BOARD OF TRADE,365.5,0.04257747493333292,-55212,1.2662218786867905,151460,-0.6720492598813254,0.03397324366266857,0.09991369817250467,-0.0020477815699658786,-0.025991792065663488,0.00844527696360941
2015-09-01,1212362,395692,247475,567131,626079,002602,CORN - CHICAGO BOARD OF TRADE,356.0,0.04862244115206514,-58948,-0.2881066549861114,148217,-0.25008829821198053,0.08764257758483418,0.005287895678727298,-0.025991792065663488,-0.002808988764044895,0.009593195940422431
2015-09-08,1225245,392497,287290,585453,607113,002602,CORN - CHICAGO BOARD OF TRADE,355.0,0.017678097033654493,-21660,3.075649022321716,105207,-3.5476202652343116,0.03126703260029214,0.06326981834015655,-0.002808988764044895,0.10000000000000009,0.009817776526345544
2015-09-15,1248454,400024,270060,585538,642547,002602,CORN - CHICAGO BOARD OF TRADE,390.5,0.04566367683551016,-57009,-2.885055641932838,129964,2.0205754767413864,0.028922265152656373,0.03694611421851589,0.10000000000000009,-0.025608194622279146,0.010786584642809453
2015-09-22,1269119,399486,269815,590646,649737,002602,CORN - CHICAGO BOARD OF TRADE,380.5,0.046560645613216725,-59091,-0.16676625650604668,129671,-0.023469026491965264,0.009914679578807513,0.0011698772301251604,-0.025608194622279146,0.02233902759526929,0.011728007299925434
2015-09-29,1295732,408779,275163,606670,673711,002602,CORN - CHICAGO BOARD OF TRADE,389.0,0.05173986595993616,-67041,-0.6264187991827401,133616,0.3108455550661522,0.031239138975039462,0.02140678595553424,0.02233902759526929,0.023778920308483276,0.012753952393771863
2015-10-06,1307966,418490,241153,616252,728407,002602,CORN - CHICAGO BOARD OF TRADE,398.25,0.085747641758272,-112155,-3.4817385076543603,177337,3.374231708408838,0.047802454005067455,0.06627979073529167,0.023778920308483276,-0.034526051475204045,0.014578794627884367
2015-10-13,1290684,393203,246723,612130,692976,002602,CORN - CHICAGO BOARD OF TRADE,384.5,0.0626381050667708,-80846,2.3937166562433583,146480,-2.359159183036868,0.03030635059527732,0.04821963789563168,-0.034526051475204045,-0.02015604681404426,0.015750972931271843
2015-10-20,1320517,382149,281965,630910,666131,002602,CORN - CHICAGO BOARD OF TRADE,376.75,0.02667212917364941,-35221,3.5349473612441153,100184,-3.586935299422632,0.035176220335363335,0.06971092312464426,-0.02015604681404426,0.00862641008626408,0.01601100046085226
2015-10-27,1320509,378854,274600,631708,674223,002602,CORN - CHICAGO BOARD OF TRADE,380.0,0.03219591839207457,-42515,-0.5523594168041759,104254,0.308212616725116,0.0068074040665241885,0.01631331356147487,0.00862641008626408,0.001315789473684159,0.016387393901113243
2015-11-03,1350499,377112,276044,640885,683381,002602,CORN - CHICAGO BOARD OF TRADE,380.5,0.03146688742457417,-42496,0.0014388391143112238,101068,-0.241270600957661,0.013845405681335925,0.004877854601350979,0.001315789473684159,-0.0565045992115637,0.01673010966301008
2015-11-10,1398265,374317,329274,653948,646047,002602,CORN - CHICAGO BOARD OF TRADE,359.0,-0.005650574104336446,7901,3.7317317524855627,45043,-4.148466603825697,0.03876707218104685,0.07962722661318863,-0.0565045992115637,0.008356545961002881,0.016232761134846826
2015-11-17,1404100,362008,343358,664512,634700,002602,CORN - CHICAGO BOARD OF TRADE,362.0,-0.02123210597535788,29812,1.567013405899454,18650,-1.887553503806503,0.01686483807107693,0.037417454201081425,0.008356545961002881,0.006215469613259694,0.015418307502016289
2015-11-24,1309794,322870,342917,630893,570964,002602,CORN - CHICAGO BOARD OF TRADE,364.25,-0.045754523230370575,59929,2.1449326971013463,-20047,-2.7560002848799945,0.08100381326563809,0.05944694023764357,0.006215469613259694,0.007549759780370646,0.014116757911965504
2015-12-01,1300942,336850,335879,630826,593427,002602,CORN - CHICAGO BOARD OF TRADE,367.0,-0.028747630563084287,37399,-1.720117820054146,971,1.6046798198800727,0.01840305884486295,0.031242892754734818,0.007549759780370646,0.008174386920980936,0.0132237498187353
2015-12-08,1280685,333786,312565,619046,603718,002602,CORN - CHICAGO BOARD OF TRADE,370.0,-0.011968594931618627,15328,-1.696539891862973,21221,1.5565643971829644,0.01805008979655927,0.04081064313352961,0.008174386920980936,0.01959459459459456,0.0127096203340342
2015-12-15,1263718,327416,280369,609195,616093,002602,CORN - CHICAGO BOARD OF TRADE,377.25,0.005458496278441868,-6898,-1.7354774983700127,47047,2.0165770661794276,0.01813940885734619,0.06345335932936812,0.01959459459459456,-0.029158383035122637,0.012564597852922353
2015-12-22,1284149,323469,312132,631459,605822,002602,CORN - CHICAGO BOARD OF TRADE,366.25,-0.019964194186188673,25637,2.5745459034373175,11337,-2.8257886648761827,0.026295562608655593,0.05618304565285454,-0.029158383035122637,-0.010238907849829393,0.011926778401175078
2015-12-29,1317814,331127,370701,646650,572001,002602,CORN - CHICAGO BOARD OF TRADE,362.5,-0.05664608207228031,74649,3.8166910537640106,-39574,-3.9645710894919515,0.040218241317653704,0.09436357626085023,-0.010238907849829393,-0.026206896551724146,0.01060806954591632
2016-01-05,1356517,345953,407715,656017,563544,002602,CORN - CHICAGO BOARD OF TRADE,353.0,-0.06816943687399421,92473,1.352542923356407,-61762,-1.6836973958388666,0.014615095103893942,0.06878360232887691,-0.026206896551724146,0.010623229461756312,0.007216034355440824
2016-01-12,1388762,348690,431999,653275,545888,002602,CORN - CHICAGO BOARD OF TRADE,356.75,-0.07732570447636096,107387,1.0994333281484863,-83309,-1.588406190265216,0.01701019794640095,0.034611733993946375,0.010623229461756312,0.03083391730903995,0.004179376643467152
2016-01-19,1390878,340312,398117,655733,566358,002602,CORN - CHICAGO BOARD OF TRADE,367.75,-0.06425797230238742,89375,-1.2969824923204984,-57805,1.836455778599933,0.01876128700726869,0.05722960501280421,0.03083391730903995,0.004078857919782353,0.001665665438570215
2016-01-26,1356442,327482,326804,644161,603023,002602,CORN - CHICAGO BOARD OF TRADE,369.25,-0.03032787247814503,41138,-3.468097130014279,678,4.204754119340445,0.03867673093946042,0.1286027822695274,0.004078857919782353,0.008801624915369066,9.94821793352552e-05
2016-02-02,1368832,346833,321103,647706,631269,002602,CORN - CHICAGO BOARD OF TRADE,372.5,-0.012008047737048812,16437,-1.8210140942259236,25730,1.8468906153009124,0.024856623468011492,0.03750658745748096,0.008801624915369066,-0.03087248322147651,-0.0006801375861688803
2016-02-09,1403163,343188,358187,665959,604222,002602,CORN - CHICAGO BOARD OF TRADE,361.0,-0.04399845206864776,61737,3.3093907798765665,-14999,-2.975456447540677,0.035664208486821954,0.05807021921226163,-0.03087248322147651,0.005540166204986097,-0.0019932046437764173
2016-02-16,1407062,347100,388044,672647,591892,002602,CORN - CHICAGO BOARD OF TRADE,363.0,-0.057392637993208546,80755,1.3553664114575428,-40944,-1.8490367833245318,0.015039472883003214,0.045935218134134266,0.005540166204986097,-0.0027548209366391463,-0.003399441495760684
2016-02-23,1355719,352827,377627,642184,574868,002602,CORN - CHICAGO BOARD OF TRADE,362.0,-0.04965335736977943,67316,-0.9551107200677724,-24800,1.1473552693484723,0.03901805346032873,0.02210132328661353,-0.0027548209366391463,-0.022790055248618768,-0.004989889914606232
2016-03-01,1325794,363529,440354,632941,524681,002602,CORN - CHICAGO BOARD OF TRADE,353.75,-0.08165672796829673,108260,3.0200948721674625,-76825,-3.837447140594769,0.05133800152381347,0.09134289442617893,-0.022790055248618768,0.014134275618374659,-0.007041510849755598
2016-03-08,1356292,366404,466580,644145,525292,002602,CORN - CHICAGO BOARD OF TRADE,358.75,-0.08763083465802349,118853,0.798992905383491,-100176,-1.7612841814037474,0.010103152200588831,0.03493584510626855,0.014134275618374659,0.027177700348432143,-0.008933751385020379
2016-03-15,1349275,359345,433578,642269,550561,002602,CORN - CHICAGO BOARD OF TRADE,368.5,-0.06796835337496063,91708,-2.00141267514665,-74233,1.9127886915207049,0.022756805244670237,0.05052319077640578,0.027177700348432143,0.004070556309362372,-0.009574647980480256
2016-03-22,1338870,358750,402050,634000,571059,002602,CORN - CHICAGO BOARD OF TRADE,370.0,-0.047010538737890906,62941,-2.1320338700413184,-43300,2.2925645253932667,0.023871860215972828,0.0422226603575184,0.004070556309362372,0.008108108108108025,-0.010411923298089269
2016-03-29,1328820,355259,356977,636625,608932,002602,CORN - CHICAGO BOARD OF TRADE,373.0,-0.02084029439653226,27693,-2.632667846766303,-1718,3.1057533591760214,0.03251396764660309,0.06818526443482216,0.008108108108108025,-0.043565683646112574,-0.010842187881902292
2016-04-05,1439814,338427,423969,713549,600592,002602,CORN - CHICAGO BOARD OF TRADE,356.75,-0.0784524945583249,112957,6.416519919928959,-85542,-6.3081530982375345,0.06488192667301301,0.10994811095546146,-0.043565683646112574,0.016818500350385346,-0.012163614842850501
2016-04-12,1464480,344113,399567,721355,638746,002602,CORN - CHICAGO BOARD OF TRADE,362.75,-0.056408418005025676,82609,-2.107772253916131,-55454,2.089714365883371,0.03379160812322026,0.04045826161790017,0.016818500350385346,0.05995864920744309,-0.012596100181747857
2016-04-19,1439932,353201,288238,697613,720479,002602,CORN - CHICAGO BOARD OF TRADE,384.5,0.01587991655161494,-22866,-7.2022151207254455,64963,8.222509013438216,0.07437810804940723,0.18772946453209113,0.05995864920744309,-0.0058517555266579535,-0.011326142480694856
2016-04-26,1402906,391813,223499,657887,771150,002602,CORN - CHICAGO BOARD OF TRADE,382.25,0.08073456097557498,-113263,-6.277865899223019,168314,7.177491714886536,0.06325728445099742,0.16796519489299738,-0.0058517555266579535,-0.01046435578809679,-0.008398447391042514
2016-05-03,1363422,395375,231061,642688,751824,002602,CORN - CHICAGO BOARD OF TRADE,378.25,0.08004564984282196,-109136,0.29417509084714155,164314,-0.2851224529654874,0.024757764723430133,0.01775760013792311,-0.01046435578809679,0.0006609385327165374,-0.005113888719888362
2016-05-10,1323691,372515,244513,641129,719064,002602,CORN - CHICAGO BOARD OF TRADE,378.5,0.05887703399056124,-77935,2.2884330750127253,128002,-2.6632986705510104,0.025230978250880574,0.05884984149827885,0.0006609385327165374,0.04887714663143994,-0.0023552991763460705
2016-05-17,1353223,382061,236689,654614,748294,002602,CORN - CHICAGO BOARD OF TRADE,397.0,0.06922731877894478,-93680,-1.189477000296897,145372,1.3122397901020706,0.030447470539764546,0.028072727272727274,0.04887714663143994,0.0012594458438286438,0.0008115019963025154
2016-05-24,1412921,403495,220327,677061,805561,002602,CORN - CHICAGO BOARD OF TRADE,397.5,0.09094634448776683,-128500,-2.573116182624741,183168,2.79303558984735,0.05376555858472355,0.060587795877670235,0.0012594458438286438,0.01823899371069193,0.004419689341370999
2016-05-31,1411252,439640,190792,633857,815569,002602,CORN - CHICAGO BOARD OF TRADE,404.75,0.1287594277988623,-181712,-3.7660987415432285,248848,4.648525996853327,0.036712464106480776,0.10418252880564438,0.01823899371069193,0.056825200741198234,0.008728969895205099
2016-06-07,1466703,498527,171012,624214,875140,002602,CORN - CHICAGO BOARD OF TRADE,427.75,0.17108167093133375,-250926,-4.904439462264713,327515,5.574270222469126,0.046162547337053154,0.11749427591223215,0.056825200741198234,0.020455873758036258,0.013492377206291125
2016-06-14,1480701,526413,163888,615312,895377,002602,CORN - CHICAGO BOARD OF TRADE,436.5,0.18914352053520597,-280065,-1.9867007840033053,362525,2.386986322384286,0.01928854979416677,0.05071700605967542,0.020455873758036258,-0.09221076746849943,0.019003523245397218
2016-06-21,1479366,509777,180892,644767,881405,002602,CORN - CHICAGO BOARD OF TRADE,396.25,0.15995906354478878,-236638,2.932867607977573,328885,-2.27189689208017,0.028454853057191455,0.048706399157917905,-0.09221076746849943,-0.027760252365930604,0.023635486201078353
2016-06-28,1333078,440231,151116,598307,811251,002602,CORN - CHICAGO BOARD OF TRADE,385.25,0.1597385899399735,-212944,1.601632050486492,289115,-2.688313777658808,0.08273089862212125,0.16795891414009034,-0.027760252365930604,-0.10707332900713817,0.026495504239597567
2016-07-05,1288110,398570,181533,596384,738629,002602,CORN - CHICAGO BOARD OF TRADE,344.0,0.11042923352819246,-142245,5.3034406088766,217037,-5.406885418557654,0.05583840756606864,0.12425034864498201,-0.10707332900713817,0.01671511627906974,0.02726767823109823
2016-07-12,1297529,385111,236346,610671,688581,002602,CORN - CHICAGO BOARD OF TRADE,349.75,0.06004490073054244,-77910,4.994526864941658,148765,-5.300168463873427,0.049516952831321404,0.10985796281963194,0.01671511627906974,-0.022873481057898548,0.02625239446747496
2016-07-19,1298151,388356,257732,594377,660910,002602,CORN - CHICAGO BOARD OF TRADE,341.75,0.051252127063800744,-66533,0.8768204795422684,130624,-1.3981190401139396,0.03502386306876436,0.03812328970666535,-0.022873481057898548,-0.027066569129480578,0.024357728665338457
2016-07-26,1309528,342462,270402,612112,625682,002602,CORN - CHICAGO BOARD OF TRADE,332.5,0.010362512294506111,-13570,4.079879767453863,72060,-4.511339589924439,0.042788218394983334,0.09555790517961571,-0.027066569129480578,-0.024812030075187952,0.021765708769429147
2016-08-02,1339998,348196,308980,620775,606324,002602,CORN - CHICAGO BOARD OF TRADE,324.25,-0.010784344454245453,14451,2.1397786072539113,39216,-2.5080792468736828,0.022835158369455114,0.06742790363616444,-0.024812030075187952,-0.006168080185042446,0.019627123973839422
2016-08-09,1360945,351872,346460,636566,597397,002602,CORN - CHICAGO BOARD OF TRADE,322.25,-0.028780736914423434,39169,1.8446296188501774,5412,-2.5226903323736303,0.020031394782501582,0.05893471872977323,-0.006168080185042446,0.01629169899146632,0.017570094537907862
2016-08-16,1379265,371185,375111,637355,593877,002602,CORN - CHICAGO BOARD OF TRADE,327.5,-0.031522586305024775,43478,0.31661823218425433,-3926,-0.6861408800502592,0.0034997465952801747,0.06426940516899461,0.01629169899146632,0.003053435114503733,0.01594905259385446
2016-08-23,1370132,391868,389669,624083,582117,002602,CORN - CHICAGO BOARD OF TRADE,328.5,-0.030629165657031585,41966,-0.10962360387597743,2199,0.4440770990346308,0.020752777317194496,0.04509191503409308,0.003053435114503733,-0.07458143074581436,0.0145412325825013
2016-08-30,1296621,361777,408049,593209,507842,002602,CORN - CHICAGO BOARD OF TRADE,304.0,-0.06583805136581931,85367,3.1676510000496303,-46272,-3.537688339517652,0.0954987552801823,0.06296357878273792,-0.07458143074581436,0.04194078947368429,0.012340069264849676
2016-09-06,1317098,357752,418982,609845,518879,002602,CORN - CHICAGO BOARD OF TRADE,316.75,-0.06906547576566056,90966,0.43181469373085896,-61230,-1.1536138933427733,0.0245170652878826,0.01925755792845427,0.04194078947368429,0.007892659826361559,0.010671923634093614
2016-09-13,1283735,348936,385607,596924,516118,002602,CORN - CHICAGO BOARD OF TRADE,319.25,-0.06294601300112562,80806,-0.7713928652233927,-36671,1.8646296630926478,0.014089315587372265,0.057438434509620266,0.007892659826361559,0.06656225528582604,0.00858327575261985
2016-09-20,1299946,357923,392949,595596,526458,002602,CORN - CHICAGO BOARD OF TRADE,340.5,-0.05318528615804041,69138,-0.9089103280661507,-35026,0.1281417114902998,0.010398786511166129,0.021746715818408462,0.06656225528582604,-0.02569750367107193,0.0066650847570187514
2016-09-27,1307114,359963,406033,607013,519029,002602,CORN - CHICAGO BOARD OF TRADE,331.75,-0.06731164994025005,87984,1.44975252818194,-46070,-0.8495737515250633,0.016736498283367762,0.019744228429391275,-0.02569750367107193,0.049736247174076764,0.004375632528169016
2016-10-04,1310849,363099,388203,596041,536639,002602,CORN - CHICAGO BOARD OF TRADE,348.25,-0.045315669463073166,59402,-2.186649366466888,-25104,1.6039916946800354,0.025233958399547975,0.02790622146620134,0.049736247174076764,-0.007896625987078298,0.0018551842354508402
2016-10-11,1305996,353933,354569,586110,547784,002602,CORN - CHICAGO BOARD OF TRADE,345.5,-0.029346184827518614,38326,-1.6078129517587456,-636,1.8665765469554465,0.018587275353780866,0.06040914492831354,-0.007896625987078298,0.02387843704775694,8.625558363758213e-05
2016-10-18,1316500,373293,320760,578968,589548,002602,CORN - CHICAGO BOARD OF TRADE,353.75,0.008036460311431827,-10580,-3.7447281614951344,52533,4.07114570029311,0.04185308545197498,0.0766065415753552,0.02387843704775694,-0.01272084805653706,-0.000272122663712756
2016-10-25,1335614,377686,315674,581406,597414,002602,CORN - CHICAGO BOARD OF TRADE,349.25,0.011985498804295253,-16008,-0.41230535510824157,62012,0.7200151917964299,0.008740944334164674,0.013671108803507557,-0.01272084805653706,-0.0007158196134574579,-0.0006607845788623583
2016-11-01,1345452,391799,313829,594371,621573,002602,CORN - CHICAGO BOARD OF TRADE,349.0,0.020217740952482882,-27202,-0.8381164018945594,77970,1.194806283851472,0.030531011296572867,0.022615315718763993,-0.0007158196134574579,0.015042979942693435,-0.0008771143187102677
2016-11-08,1346960,402898,289463,588361,656582,002602,CORN - CHICAGO BOARD OF TRADE,354.25,0.05064812615073944,-68221,-3.0487152272990787,113435,2.6359171490324442,0.03294849643718628,0.051223278029813926,0.015042979942693435,-0.03599153140437539,0.00020555299388734557
2016-11-15,1398285,373220,315922,656367,667152,002602,CORN - CHICAGO BOARD OF TRADE,341.5,0.0077130198779218825,-10785,4.26412068658312,57298,-4.167681297143196,0.05936900036946957,0.08145926383822202,-0.03599153140437539,0.027818448023426035,0.000762190029527341
2016-11-22,1348656,369309,285974,615377,651367,002602,CORN - CHICAGO BOARD OF TRADE,351.0,0.026685826482068072,-35990,-1.8025652853316743,83335,1.862066746049625,0.04481963206456869,0.051670804827837744,0.027818448023426035,-0.040598290598290565,0.002155273677843469
2016-11-29,1236807,374841,294885,572292,605840,002602,CORN - CHICAGO BOARD OF TRADE,336.75,0.02712468477296781,-33548,0.18106915329038686,79956,-0.25054572848821344,0.07521398281347082,0.021565535756413817,-0.040598290598290565,0.04231625835189301,0.0032297412804598554
2016-12-06,1221274,361515,289902,558360,592685,002602,CORN - CHICAGO BOARD OF TRADE,351.0,0.028105895974203987,-34325,-0.06282305970131152,71613,-0.6745595715418816,0.023532529136567205,0.028106420311413426,0.04231625835189301,0.014957264957264904,0.00400040456711029
2016-12-13,1219931,366154,294855,559511,590348,002602,CORN - CHICAGO BOARD OF TRADE,356.25,0.02527765914629598,-30837,0.285603394488051,71299,-0.02571085604049542,0.0030334154013666025,0.014511148864841478,0.014957264957264904,-0.01684210526315788,0.004381542314569023
2016-12-20,1227436,355181,309160,568962,571702,002602,CORN - CHICAGO BOARD OF TRADE,350.25,0.0022322956145982356,-2740,2.3031630477461427,46021,-2.0720844047737126,0.024632144084498153,0.038049736505800485,-0.01684210526315788,0.013561741613133504,0.00480839788766108
2016-12-27,1231462,341685,331831,579809,556806,002602,CORN - CHICAGO BOARD OF TRADE,355.0,-0.01867942331959898,23003,2.0972987593650503,9854,-2.9465487406268025,0.022648830078786573,0.053698798543761396,0.013561741613133504,0.0021126760563381364,0.005538525940597259
2017-01-03,1244604,354679,328655,569431,568756,002602,CORN - CHICAGO BOARD OF TRADE,355.75,-0.0005423411783989124,675,-1.8131294347694042,26024,1.3130734038078316,0.019617163084800653,0.023663391547910684,0.0021126760563381364,0.007027406886858767,0.0068390470116664
2017-01-10,1251333,366651,323630,567923,566558,002602,CORN - CHICAGO BOARD OF TRADE,358.25,-0.001090836731709305,1365,0.05543932045855549,43021,1.3656552606290835,0.003266691993960234,0.024623305581350202,0.007027406886858767,0.02023726448011165,0.008305102160602007
2017-01-17,1321861,388939,322138,596450,623716,002602,CORN - CHICAGO BOARD OF TRADE,365.5,0.020626979689997663,-27266,-2.288040034107628,66801,1.9003734417617053,0.07022405148151972,0.03344222918193107,0.02023726448011165,-0.006155950752393946,0.009937505083532491
2017-01-24,1351289,415481,308744,600569,656582,002602,CORN - CHICAGO BOARD OF TRADE,363.25,0.04145153257371295,-56013,-2.1747369806658945,106737,3.0211951180948677,0.029419695804243085,0.055143083986330214,-0.006155950752393946,-0.009635237439779787,0.01131787825760668
2017-01-31,1346772,390309,293286,620972,670061,002602,CORN - CHICAGO BOARD OF TRADE,359.75,0.03644937673191899,-49089,0.5123996421194874,97023,-0.7188691686234403,0.02624410065428227,0.059435777031722,-0.009635237439779787,0.02432244614315504,0.012249751805086832
2017-02-07,1383789,413109,295927,619392,683393,002602,CORN - CHICAGO BOARD OF TRADE,368.5,0.0462505483133628,-64001,-1.1072401267623622,117182,1.4968383661079976,0.011446247845960768,0.03588111181942807,0.02432244614315504,0.015603799185888834,0.01398530950474088
2017-02-14,1468620,460563,290147,646025,754668,002602,CORN - CHICAGO BOARD OF TRADE,374.25,0.07397624981274939,-108643,-3.2260698704788084,170416,3.8469737799621186,0.06989968537002755,0.07091153707823261,0.015603799185888834,-0.013360053440213737,0.016511634270240074
2017-02-21,1501027,455721,282783,670356,784290,002602,CORN - CHICAGO BOARD OF TRADE,369.25,0.07590403104008123,-113934,-0.36027018561642904,172938,0.17172583786139367,0.037090123645203026,0.016528007972874893,-0.013360053440213737,-0.00677048070413,0.01892619943196816
2017-02-28,1361513,436548,242101,585523,738205,002602,CORN - CHICAGO BOARD OF TRADE,366.75,0.11214141914179299,-152682,-2.581432579160801,194447,1.4329522387005698,0.09890098267922111,0.08819728607866512,-0.00677048070413,0.00749829584185413,0.022653086876392965
2017-03-07,1373407,447243,248353,588360,740994,002602,CORN - CHICAGO BOARD OF TRADE,369.5,0.11113530075207131,-152634,0.0035254896574619557,198890,0.3263281364188223,0.0042321307943557545,0.024363279834846666,0.00749829584185413,-0.04262516914749659,0.026475512557356324
2017-03-14,1376269,400781,287976,625017,696869,002602,CORN - CHICAGO BOARD OF TRADE,353.75,0.052207816931137734,-71852,5.8818689580000685,112805,-6.267989022918916,0.06111116994960231,0.12498602555037554,-0.04262516914749659,0.021201413427561766,0.028786592755550525
2017-03-21,1417628,409141,345492,636351,662535,002602,CORN - CHICAGO BOARD OF TRADE,361.25,0.01847028980804555,-26184,3.318246650909088,63649,-3.5716854771850564,0.035159359635872585,0.08729541379717028,0.021201413427561766,-0.00968858131487893,0.030045839458356996
2017-03-28,1433425,376334,399086,666689,615262,002602,CORN - CHICAGO BOARD OF TRADE,357.75,-0.03587700786577602,51427,5.474708456661409,-22752,-6.094758286376962,0.060541315541701675,0.11142477625029017,-0.00968858131487893,0.01467505241090139,0.02975667189164077
2017-04-04,1455465,376831,391372,686395,654398,002602,CORN - CHICAGO BOARD OF TRADE,363.0,-0.02198403946505069,31997,-1.3554947067338718,-14541,0.5728238310340618,0.04388596897507669,0.010688581013091591,0.01467505241090139,0.009641873278236845,0.03084260372035758
2017-04-11,1457532,380480,406244,688349,651207,002602,CORN - CHICAGO BOARD OF TRADE,366.5,-0.02548280243589849,37142,0.3534952747060218,-25764,-0.7710937741546516,0.003840824870330169,0.023541928300140836,0.009641873278236845,-0.012960436562073685,0.03143732709668695
2017-04-18,1475977,375778,412520,696480,648723,002602,CORN - CHICAGO BOARD OF TRADE,361.75,-0.03235619525236504,47757,0.7282858969820217,-36742,-0.7531910105575726,0.00789100232455622,0.013926205572004496,-0.012960436562073685,0.00898410504492042,0.030509709561995026
2017-04-25,1431459,363635,446903,678991,600871,002602,CORN - CHICAGO BOARD OF TRADE,365.0,-0.05457369019999874,78120,2.057145876934397,-83268,-3.152217141595025,0.05105316041885766,0.05740138031776425,0.00898410504492042,-0.002739726027397249,0.027907627808618607
2017-05-02,1326162,363762,440479,624855,551553,002602,CORN - CHICAGO BOARD OF TRADE,364.0,-0.055273790079944984,73302,-0.33657967150997686,-76717,0.4576449622378287,0.08794057843877294,0.008145568306017724,-0.002739726027397249,-0.01579670329670335,0.025305330887026935
2017-05-09,1357901,365703,465510,635257,538631,002602,CORN - CHICAGO BOARD OF TRADE,358.25,-0.07115835395953019,96626,1.758759487905701,-99807,-1.7411145847943164,0.019869016464943844,0.03244896314181804,-0.01579670329670335,0.026517794836008468,0.022804650349525175
2017-05-16,1371182,381504,478805,624845,530891,002602,CORN - CHICAGO BOARD OF TRADE,367.75,-0.0685204444049003,93954,-0.19677428619612183,-97301,0.18454953638004537,0.015706008984750844,0.033820406388867255,0.026517794836008468,0.0047586675730795225,0.020155654903682003
2017-05-23,1389074,396676,463346,625934,565860,002602,CORN - CHICAGO BOARD OF TRADE,369.5,-0.043247515971071376,60074,-2.470860906867214,-66670,2.2339120554383007,0.030255228672069166,0.035616530739911306,0.0047586675730795225,-0.006765899864682012,0.01757500374101204
2017-05-30,1390444,382810,482311,639469,550484,002602,CORN - CHICAGO BOARD OF TRADE,367.0,-0.06399754323079535,88985,2.0813146023897935,-99501,-2.363516990455512,0.0242959175698536,0.037949604737371995,-0.006765899864682012,0.027929155313351606,0.013868138913518624
2017-06-06,1413738,418445,450904,623119,603270,002602,CORN - CHICAGO BOARD OF TRADE,377.25,-0.014040083806193227,19849,-4.972224699448521,-32459,4.8216253225588375,0.05637363022662467,0.07711747526022346,0.027929155313351606,0.00994035785288272,0.010308105168566182
2017-06-13,1444543,438144,352886,589099,678866,002602,CORN - CHICAGO BOARD OF TRADE,381.0,0.06214214460905629,-89767,-7.753629031687625,85258,8.326648926463037,0.08645033577425244,0.14881483635260356,0.00994035785288272,-0.02887139107611547,0.007865771016140225
2017-06-20,1422725,417113,375213,610290,658412,002602,CORN - CHICAGO BOARD OF TRADE,370.0,0.03382382399971885,-48122,2.88291868085616,41900,-3.00150289745615,0.03282488716814508,0.0547224248604741,-0.02887139107611547,-0.029054054054054035,0.005440093332581188
2017-06-27,1361668,364085,395093,626247,606392,002602,CORN - CHICAGO BOARD OF TRADE,359.25,-0.014581381070863089,19855,4.777943734734401,-31008,-5.124532147814933,0.05514753305712378,0.09603544886706411,-0.029054054054054035,0.09185803757828803,0.0020877861977574084
2017-07-11,1373866,413616,237871,626020,788378,002602,CORN - CHICAGO BOARD OF TRADE,392.25,0.1181760084316811,-162358,-13.381602563914258,175745,15.183803981587287,0.12882724664486234,0.3173555266643847,0.09185803757828803,-0.0388782664117272,0.002236762638209113
2017-07-18,1400131,402431,225284,645444,805150,002602,CORN - CHICAGO BOARD OF TRADE,377.0,0.11406504105687254,-159706,0.19303192596657898,177147,0.10204779796574048,0.024952536684971813,0.03787068972383964,-0.0388782664117272,-0.021883289124668415,0.0032756114906385384
2017-07-25,1400075,394247,222182,632020,784586,002602,CORN - CHICAGO BOARD OF TRADE,368.75,0.10896987661375283,-152566,0.5099522830363731,172065,-0.36296603674941846,0.023992556857728966,0.018308677885044346,-0.021883289124668415,-0.016949152542372836,0.004385568212753001
2017-08-01,1434247,401287,253092,659377,792919,002602,CORN - CHICAGO BOARD OF TRADE,362.5,0.09310948532574934,-133542,1.358784350838348,148195,-1.7049086656071997,0.024574880052000418,0.05799391484139925,-0.016949152542372836,0.020000000000000018,0.0059768561556615245
2017-08-08,1391126,394605,256841,635002,764036,002602,CORN - CHICAGO BOARD OF TRADE,369.75,0.09275507754150235,-129034,0.3143112727445133,137764,-0.7272805869560822,0.03806758644154055,0.016012071606856134,0.020000000000000018,-0.039215686274509776,0.007967998886348982
2017-08-15,1405868,398934,295675,632124,725505,002602,CORN - CHICAGO BOARD OF TRADE,355.25,0.0664223099181431,-93381,2.562887905193347,103259,-2.480364826766231,0.030500968968694687,0.062139995306712124,-0.039215686274509776,-0.026038001407459488,0.009798826710052186
2017-08-22,1447921,406467,335959,653722,722331,002602,CORN - CHICAGO BOARD OF TRADE,346.0,0.04738449128094696,-68609,1.7620430936617093,70508,-2.329592820947628,0.018002213577529354,0.06440641895623267,-0.026038001407459488,-0.036127167630057855,0.01131627050978241
2017-08-29,1373874,360697,358321,627291,637818,002602,CORN - CHICAGO BOARD OF TRADE,333.5,0.007662274706414125,-10527,4.011406699674913,2376,-4.705505341796963,0.08769521045222191,0.09475701581879731,-0.036127167630057855,0.03223388305847075,0.012052644362925597
2017-09-05,1337632,369919,383919,605079,610511,002602,CORN - CHICAGO BOARD OF TRADE,344.25,0.0040609076337886655,-5432,0.3708491462827013,-14000,-1.1919579233612398,0.04073659704341102,0.04619029552768632,0.03223388305847075,-0.012345679012345734,0.01339685511291806
2017-09-12,1368725,373793,398407,617402,612571,002602,CORN - CHICAGO BOARD OF TRADE,340.0,-0.003529562183784179,4831,0.767251381545896,-24614,-0.7934917824932417,0.011693752627090189,0.02377881377881378,-0.012345679012345734,0.024264705882352855,0.01465716114333876
2017-09-19,1395966,378228,416253,629960,611110,002602,CORN - CHICAGO BOARD OF TRADE,348.25,-0.013503194203870295,18850,1.0242378856234817,-38025,-0.9798169829585929,0.011295897894558728,0.028044723536497413,0.024264705882352855,0.01148600143575007,0.015607984581747513
2017-09-26,1405286,381175,414102,632517,622138,002602,CORN - CHICAGO BOARD OF TRADE,352.25,-0.0073856851914841535,10379,-0.6068199368752535,-32927,0.36519514085586613,0.010827677728140405,0.006410345074734967,0.01148600143575007,-0.007806955287437911,0.016488746138796674
2017-10-03,1433227,375007,422110,653686,624612,002602,CORN - CHICAGO BOARD OF TRADE,349.5,-0.020285690961724834,29074,1.3303341810848468,-47103,-1.0087626291018341,0.018495687234119117,0.017784089412219286,-0.007806955287437911,-0.0007153075822603494,0.01739309150376831
2017-10-10,1449877,374538,436198,660122,617977,002602,CORN - CHICAGO BOARD OF TRADE,349.25,-0.0290679830082138,42145,0.9119978900760313,-61660,-1.0156800004465447,0.010226907305302641,0.01795529000809141,-0.0007153075822603494,0.0021474588403722628,0.01770554701251561
2017-10-17,1489037,382349,446526,669064,621081,002602,CORN - CHICAGO BOARD OF TRADE,350.0,-0.032224182474982155,47983,0.4026548458938241,-64177,-0.17360093304466517,0.00933693499567878,0.02188387875131956,0.0021474588403722628,0.007857142857142785,0.01765020090391054
2017-10-24,1546282,380873,451429,701002,640863,002602,CORN - CHICAGO BOARD OF TRADE,352.75,-0.038892647007466946,60139,0.8163665509990685,-70556,-0.4283976825290439,0.03854337060732637,0.007664285319511428,0.007857142857142785,-0.01984408221119771,0.016747718070854796
2017-10-31,1593417,376873,468632,742712,661502,002602,CORN - CHICAGO BOARD OF TRADE,345.75,-0.050965943001737776,81210,1.3626880478463825,-91759,-1.3712246537177566,0.04440135193068863,0.02507732065452008,-0.01984408221119771,0.005784526391901634,0.015537113420738772
2017-11-07,1623655,392039,479039,745721,670866,002602,CORN - CHICAGO BOARD OF TRADE,347.75,-0.04610277429626368,74855,-0.3988284297205314,-87000,0.2986663252619998,0.008734373533005739,0.029357876102943707,0.005784526391901634,-0.029475197699496802,0.014261718896724417
2017-11-14,1702668,411670,536783,814379,692765,002602,CORN - CHICAGO BOARD OF TRADE,337.5,-0.07142555095884812,121614,2.8798605615109123,-125113,-2.3473582750030024,0.0600851677079297,0.08158021536122508,-0.029475197699496802,0.022222222222222143,0.011914148183078501
2017-11-21,1681453,423885,516522,788010,701772,002602,CORN - CHICAGO BOARD OF TRADE,345.0,-0.05128778502878165,86238,-2.0776804403442126,-92637,1.9073595087239554,0.023745756090488408,0.03453398369004059,0.022222222222222143,-0.025362318840579712,0.010779517319488051
2017-11-28,1573236,388960,480812,742064,658760,002602,CORN - CHICAGO BOARD OF TRADE,336.25,-0.05295073339282854,83304,-0.17449194238554394,-91852,0.04668581280594818,0.0635040519008812,0.08121093803893434,-0.025362318840579712,0.010408921933085402,0.009248045014201577
2017-12-05,1484205,404558,458266,675461,627406,002602,CORN - CHICAGO BOARD OF TRADE,339.75,-0.03237760282440768,48055,-2.240541152122123,-53708,2.4245567734275086,0.07518572502028219,0.04420832058449927,0.010408921933085402,-0.011773362766740236,0.008103770252713586
2017-12-12,1520469,400846,476695,701189,638026,002602,CORN - CHICAGO BOARD OF TRADE,335.75,-0.04154178743532423,63163,1.0179186837397798,-75849,-1.4917750580276983,0.027141273059217527,0.025230729960195594,-0.011773362766740236,0.034996276991809294,0.006764391725607274
2017-12-19,1549922,409543,502515,707802,635028,002602,CORN - CHICAGO BOARD OF TRADE,347.5,-0.04695333055469888,72774,0.6321075931176499,-92972,-1.1261656765116554,0.007157272327844925,0.03784518089858321,0.034996276991809294,0.015107913669064832,0.005375334231357373
2017-12-26,1544322,407152,481809,716153,658707,002602,CORN - CHICAGO BOARD OF TRADE,352.75,-0.03719820089333701,57446,-0.9889529924731697,-74657,1.1816723680288428,0.023296917504327712,0.02598201720885393,0.015107913669064832,,0.004617055452358619
