,Open_Interest_All,NonComm_Positions_Long_All,NonComm_Positions_Short_All,Comm_Positions_Long_All,Comm_Positions_Short_All,CFTC_Contract_Market_Code,Market_and_Exchange_Names,ZL_Close,HP,NetLong_Comm,Q_Comm,NetLong_NonComm,Q_NonComm,PT_Comm,PT_NonComm,Ret,Ret_Lead,HP_Smooth_52w,Basis
2015-01-06,359296,123016,59553,147141,214778,007601,SOYBEAN OIL - CHICAGO BOARD OF TRADE,32.689998626708984,0.1882486863199145,-67637,,63463,,,,,-0.009177095431733506,,
2015-01-13,358807,125601,48849,140442,223856,007601,SOYBEAN OIL - CHICAGO BOARD OF TRADE,32.38999938964844,0.2324759550398961,-83414,-4.391087014606342,76752,3.6986217491984323,0.04330795118282285,0.07617655488678704,-0.009177095431733506,0.01389320072303768,,
2015-01-20,362950,128440,49075,140955,228806,007601,SOYBEAN OIL - CHICAGO BOARD OF TRADE,32.84000015258789,0.24204711392753822,-87851,-1.2365979482005647,79365,0.7282466618544231,0.014774408334031984,0.017266146522829057,0.01389320072303768,-0.05085262084453257,,0.0023552768023789444
2015-01-27,387116,123293,69796,159229,214231,007601,SOYBEAN OIL - CHICAGO BOARD OF TRADE,31.170000076293945,0.14208144328831668,-55002,9.050557928089269,53497,-7.127152500344399,0.08795854977775398,0.13396930948940644,-0.05085262084453257,-0.011870415089116348,,-0.015498319422759326
2015-02-03,407165,108123,90706,174512,192046,007601,SOYBEAN OIL - CHICAGO BOARD OF TRADE,30.799999237060547,0.04306362285559908,-17534,9.67875262195311,17417,-9.320203763213094,0.10221574757609983,0.18146246271922103,-0.011870415089116348,0.0211039461681799,,-0.014607910544724238
2015-02-10,388804,102734,78523,169856,191946,007601,SOYBEAN OIL - CHICAGO BOARD OF TRADE,31.450000762939453,0.05681525910227261,-22090,-1.1189566883204598,24211,1.6686110053663747,0.01314531152398273,0.09694522142593114,0.0211039461681799,0.027662922441323623,,-0.006955606503003389
2015-02-17,388675,108269,67533,166766,208896,007601,SOYBEAN OIL - CHICAGO BOARD OF TRADE,32.31999969482422,0.10839390236058404,-42130,-5.1542679602061705,40736,4.250213475170009,0.05334582683369625,0.09399779297163854,0.027662922441323623,-0.02784652311350122,,-0.0034951427324863876
2015-02-24,364790,107700,66551,153453,194697,007601,SOYBEAN OIL - CHICAGO BOARD OF TRADE,31.420000076293945,0.11306230982208942,-41244,0.22795394609892583,41149,0.10625844214317876,0.07902340944994973,0.008900953222650086,-0.02784652311350122,0.043921042565744584,,0.0022599270418405537
2015-03-03,353162,123494,58401,137741,208738,007601,SOYBEAN OIL - CHICAGO BOARD OF TRADE,32.79999923706055,0.2010323874029482,-70997,-8.156199457221962,65093,6.56377641930974,0.08587244825804738,0.13163638362791721,0.043921042565744584,-0.059756071038503666,,0.01608036219162557
2015-03-10,358454,120642,77461,145553,189916,007601,SOYBEAN OIL - CHICAGO BOARD OF TRADE,30.84000015258789,0.12376204478119926,-44363,7.541581483851603,43181,-6.204518039879716,0.07939332695420441,0.11060912757504934,-0.059756071038503666,-0.025940312357405015,,-0.0040126973986663005
2015-03-17,370707,117414,88872,155255,182756,007601,SOYBEAN OIL - CHICAGO BOARD OF TRADE,30.040000915527344,0.07418527300536543,-27501,4.704090343530829,28542,-4.083927086878651,0.04988595045723364,0.07096458315154688,-0.025940312357405015,0.035619163189543945,,-0.017558722041319485
2015-03-24,374969,113914,84829,159273,189630,007601,SOYBEAN OIL - CHICAGO BOARD OF TRADE,31.11000061035156,0.08095869258525372,-30357,-0.7704197654751597,29085,0.14647686717542424,0.03121784564764419,0.03795353798624354,0.035619163189543945,-0.023143722487216634,,-0.0015402299555641072
2015-03-31,383769,117865,94344,166151,187463,007601,SOYBEAN OIL - CHICAGO BOARD OF TRADE,30.38999938964844,0.05553340681503717,-21312,2.412199408484435,23521,-1.4838559987625644,0.02557873839836658,0.06345630958159174,-0.023143722487216634,0.021059602166858538,,-0.018474849570161347
2015-04-07,374852,118984,89251,159209,191116,007601,SOYBEAN OIL - CHICAGO BOARD OF TRADE,31.030000686645508,0.0851189269364976,-31907,-2.760775362262194,29733,1.6186820717671309,0.030243345464925426,0.02983168055322112,0.021059602166858538,0.008701209940070731,,0.0018968824084212514
2015-04-14,377814,120386,80791,154663,198987,007601,SOYBEAN OIL - CHICAGO BOARD OF TRADE,31.299999237060547,0.1173169866653962,-44324,-3.3125073362286983,39595,2.6309049971722174,0.035110985437579526,0.04902150842293105,0.008701209940070731,0.016613433560342283,,0.01050370563617962
2015-04-21,388270,123178,72514,150571,208507,007601,SOYBEAN OIL - CHICAGO BOARD OF TRADE,31.81999969482422,0.1492157519252067,-57936,-3.602831022672532,50664,2.929748500584944,0.03790819821877141,0.05656337509964638,0.016613433560342283,-0.018541802584739142,,0.005790831518570041
2015-04-28,384626,121663,80943,160999,208158,007601,SOYBEAN OIL - CHICAGO BOARD OF TRADE,31.229999542236328,0.1226100159635594,-47159,2.77564581348031,40720,-2.5611043861230587,0.02919354095953754,0.049080481328292354,-0.018541802584739142,0.052833863274554194,,0.0069340148281372424
2015-05-05,383449,132733,70168,148792,226101,007601,SOYBEAN OIL - CHICAGO BOARD OF TRADE,32.880001068115234,0.20161481709432025,-77309,-7.838783649571273,62565,5.679543244606449,0.0804229473476432,0.10766334320678557,0.052833863274554194,-0.002128944420628387,,0.014791736912356739
2015-05-12,393516,135809,67791,149020,232473,007601,SOYBEAN OIL - CHICAGO BOARD OF TRADE,32.810001373291016,0.21207015724900638,-83453,-1.6022991323487608,68018,1.4220926381344063,0.017300448501020988,0.026782907662082515,-0.002128944420628387,-0.01920149471947563,,0.012120387899406006
2015-05-19,398661,138800,66680,147282,226921,007601,SOYBEAN OIL - CHICAGO BOARD OF TRADE,32.18000030517578,0.1997662174127893,-79639,0.9692109088321694,72120,1.0423972595777553,0.019481404478317917,0.01996301343196418,-0.01920149471947563,-0.0012430365179614267,,0.00323516658806202
2015-05-26,400850,133809,70978,154442,222858,007601,SOYBEAN OIL - CHICAGO BOARD OF TRADE,32.13999938964844,0.1706773107147312,-68416,2.81517379427634,62831,-2.330049841845578,0.029745560561887093,0.045359324566500804,-0.0012430365179614267,0.06316113310041604,,0.007536625063199213
2015-06-02,409134,139388,50943,153642,257920,007601,SOYBEAN OIL - CHICAGO BOARD OF TRADE,34.16999816894531,0.25487493095171754,-104278,-8.946488711488087,88445,6.389921416988899,0.08713632453919458,0.13457608061745066,0.06316113310041604,-0.0070236428630438,,0.010095780037880654
2015-06-09,422569,153757,48942,149930,268793,007601,SOYBEAN OIL - CHICAGO BOARD OF TRADE,33.93000030517578,0.2812866064477044,-118863,-3.564846725033852,104815,4.001134102763397,0.03483209663667866,0.08076014188525844,-0.0070236428630438,-0.03035658031337407,,0.008883662907691832
2015-06-16,416532,139742,66899,161885,248007,007601,SOYBEAN OIL - CHICAGO BOARD OF TRADE,32.900001525878906,0.2067596247107065,-86122,7.748083744903199,72843,-7.566101630739595,0.07987713836815552,0.15472244133545618,-0.03035658031337407,-0.0024316664846278924,,0.00611572909838531
2015-06-23,400965,122364,66367,163149,230268,007601,SOYBEAN OIL - CHICAGO BOARD OF TRADE,32.81999969482422,0.1673936627885227,-67119,4.562194501262808,55997,-4.0443471329933836,0.04830243736289992,0.09489696976119451,-0.0024316664846278924,0.02254727865166606,,0.00582033977245374
2015-06-30,380583,128381,59214,149010,230105,007601,SOYBEAN OIL - CHICAGO BOARD OF TRADE,33.560001373291016,0.21308098364877043,-81095,-3.4855910116843116,69167,3.284575960495305,0.03772470094826108,0.0702044297555905,0.02254727865166606,-0.06406440518175904,0.15551715730057475,-0.004325494228819016
2015-07-07,365362,119177,65596,157356,213777,007601,SOYBEAN OIL - CHICAGO BOARD OF TRADE,31.40999984741211,0.1544249265112409,-56421,6.483211283740998,53581,-4.095295901288287,0.06648290505021111,0.08435215101773527,-0.06406440518175904,0.028971660357619777,0.15547670430837718,-0.018751050595481576
2015-07-14,376063,117916,53798,157464,225791,007601,SOYBEAN OIL - CHICAGO BOARD OF TRADE,32.31999969482422,0.18169030189090657,-68327,-3.258685906032921,64118,2.8839890300578603,0.031629072027762196,0.07605087529263775,0.028971660357619777,-0.01206681291246714,0.15641290422203896,-0.0037513105396223025
2015-07-21,375448,116713,65227,157606,216610,007601,SOYBEAN OIL - CHICAGO BOARD OF TRADE,31.93000030517578,0.15715625066587116,-59004,2.4791058944910827,51486,-3.359011654962068,0.024913418987964172,0.06942948224689457,-0.01206681291246714,-0.03977452068980436,0.15643853685803316,-0.006172077917452338
2015-07-28,376093,111292,81073,171703,201035,007601,SOYBEAN OIL - CHICAGO BOARD OF TRADE,30.65999984741211,0.07799134788469873,-29332,7.903091773028488,30219,-5.664432890839743,0.07960551379252988,0.11055545447456658,-0.03977452068980436,-0.02707110005990787,0.153823630558922,-0.021973171221972596
2015-08-04,378627,113792,91927,174638,192337,007601,SOYBEAN OIL - CHICAGO BOARD OF TRADE,29.829999923706055,0.046745213627131715,-17699,3.093117925619461,21865,-2.22125910346643,0.03169970706451393,0.06491379017008637,-0.02707110005990787,0.0083808246945829,0.15036948807725134,-0.012563788219158961
2015-08-11,379351,117479,92862,171765,190993,007601,SOYBEAN OIL - CHICAGO BOARD OF TRADE,30.079999923706055,0.05068656732155708,-19228,-0.40382751362158537,24617,0.7268367020841091,0.011624829776324713,0.021973842474838478,0.0083808246945829,-0.05851064605538048,0.14725439680363592,-0.01779021384586256
2015-08-18,388244,120847,106129,176579,188410,007601,SOYBEAN OIL - CHICAGO BOARD OF TRADE,28.31999969482422,0.0304731045425042,-11831,1.9499091870062288,14718,-2.609456677325221,0.020266364191797562,0.07328968701536727,-0.05851064605538048,-0.052966102265676995,0.1437155697654198,-0.029679985927447004
2015-08-25,407744,115342,99784,187261,199247,007601,SOYBEAN OIL - CHICAGO BOARD OF TRADE,26.81999969482422,0.029395895463820435,-11986,-0.03992334717342702,15558,0.21635878468179806,0.05567543233257785,0.05508399728531187,-0.052966102265676995,0.01491422904853601,0.14035322640360806,-0.033083013584850884
2015-09-01,397746,113496,102391,179792,187867,007601,SOYBEAN OIL - CHICAGO BOARD OF TRADE,27.219999313354492,0.020301901213337154,-8075,0.9591802699733165,11105,-1.092106812117407,0.05126761482787039,0.02062653147248329,0.01491422904853601,-0.013592907465770576,0.1369231885410289,-0.022292055470201144
2015-09-08,410396,115504,102935,181573,195093,007601,SOYBEAN OIL - CHICAGO BOARD OF TRADE,26.850000381469727,0.03294379087515473,-13520,-1.36896411277549,12569,0.3680740975396358,0.023912431703418943,0.011682895453650676,-0.013592907465770576,-0.014152739765973643,0.13403487193919905,-0.027925159747491515
2015-09-15,416427,117922,110633,186851,193750,007601,SOYBEAN OIL - CHICAGO BOARD OF TRADE,26.469999313354492,0.016567129412838263,-6899,1.6133198179319488,7289,-1.2865622471953917,0.017396170793035227,0.04426068123646387,-0.014152739765973643,-0.01284473598064495,0.13086006808713524,-0.01658617334911618
2015-09-22,424914,118696,112649,191257,197154,007601,SOYBEAN OIL - CHICAGO BOARD OF TRADE,26.1299991607666,0.013878102392484127,-5897,0.24061840370581156,6047,-0.29825155429402994,0.02010756646953871,0.012059910523244505,-0.01284473598064495,0.05089934812179431,0.12778159530569705,-0.006439729158967395
2015-09-29,406683,111404,93864,181238,202102,007601,SOYBEAN OIL - CHICAGO BOARD OF TRADE,27.459999084472656,0.051302857508182045,-20864,-3.522359818692724,17540,2.704782614835002,0.0390436688057599,0.12703879805912272,0.05089934812179431,0.038237479221290505,0.12582060202883769,0.0025739258363324906
2015-10-06,407003,114982,80382,180600,220880,007601,SOYBEAN OIL - CHICAGO BOARD OF TRADE,28.510000228881836,0.09896732947914388,-40280,-4.774234477467709,34600,4.19491348298306,0.04836106406296702,0.08732417436170431,0.038237479221290505,0.0031567924189883634,0.12514927021509534,0.01541540760359329
2015-10-13,419797,113994,73074,188687,236803,007601,SOYBEAN OIL - CHICAGO BOARD OF TRADE,28.600000381469727,0.11461730312508188,-48116,-1.9252929339587177,40920,1.5528141070213242,0.05642905826223883,0.044347509996364956,0.0031567924189883634,0.002097883396577016,0.12489239296899747,0.019667540667839958
2015-10-20,423552,118408,72023,185465,237043,007601,SOYBEAN OIL - CHICAGO BOARD OF TRADE,28.65999984741211,0.1217748942278634,-51578,-0.8246843117030374,46385,1.301819689040179,0.008193927688943168,0.028698058614406267,0.002097883396577016,-0.02686672930436862,0.12481816680849428,0.023323750066547237
2015-10-27,430285,119283,73128,181558,232251,007601,SOYBEAN OIL - CHICAGO BOARD OF TRADE,27.88999938964844,0.117812612570738,-50693,0.20894718948322755,46155,-0.054302659413720165,0.021021775746781726,0.010290471958463913,-0.02686672930436862,0.009322346166071638,0.12465524694249995,0.00414774264346016
2015-11-03,446311,113634,73513,193719,238519,007601,SOYBEAN OIL - CHICAGO BOARD OF TRADE,28.149999618530273,0.10037843566481669,-44800,1.3695573863834436,40121,-1.4023263650836073,0.042636232816179974,0.03224203433664446,0.009322346166071638,-0.0312610718540588,0.1241035012316435,-0.003077156424035263
2015-11-10,457536,118966,87078,198869,230665,007601,SOYBEAN OIL - CHICAGO BOARD OF TRADE,27.270000457763672,0.06949398517275143,-31796,2.913663342377849,31888,-1.844677814349187,0.030274669758389324,0.09171342043447031,-0.0312610718540588,0.007334024651029392,0.12288995643033479,-0.011745603218606612
2015-11-17,455359,123129,90500,197052,229543,007601,SOYBEAN OIL - CHICAGO BOARD OF TRADE,27.469999313354492,0.07135249330747828,-32491,-0.1519006154706952,32629,0.1619544691565254,0.0068894384603663894,0.03550547912502516,0.007334024651029392,0.03057881956988351,0.1217695767972292,-0.010421978222489183
2015-11-24,441817,117538,74823,188473,236490,007601,SOYBEAN OIL - CHICAGO BOARD OF TRADE,28.309999465942383,0.10868074338470453,-48017,-3.4096174666581756,42715,2.2149556723376502,0.036534945395246175,0.11056295194971953,0.03057881956988351,0.0519251588991223,0.12149109097994144,0.003985576660356071
2015-12-01,437861,122921,59628,184089,253410,007601,SOYBEAN OIL - CHICAGO BOARD OF TRADE,29.780000686645508,0.15831736555664927,-69321,-4.821905902217434,63293,4.657584475020201,0.04869496844564216,0.11272589825197618,0.0519251588991223,0.048690356687636216,0.12225830503362285,0.01453804151052393
2015-12-08,419901,125774,35424,170725,272430,007601,SOYBEAN OIL - CHICAGO BOARD OF TRADE,31.229999542236328,0.24221185469908382,-101705,-7.395954423892513,90350,6.179358289502833,0.07307601177917433,0.16784947704065808,0.048690356687636216,-0.016970822512504036,0.1247063366594486,0.0340458948778874
2015-12-15,422246,126085,35076,162406,265751,007601,SOYBEAN OIL - CHICAGO BOARD OF TRADE,30.700000762939453,0.24475069035585892,-103345,-0.39056825299296744,91009,0.15694175531851554,0.03502920657609242,0.0040890786232401135,-0.016970822512504036,-0.00846906261955871,0.12710722373337682,0.02815575839786149
2015-12-22,404703,123621,44203,160635,251924,007601,SOYBEAN OIL - CHICAGO BOARD OF TRADE,30.440000534057617,0.2255703565330625,-91289,2.855207627780962,79418,-2.7450822506311487,0.037807925654270054,0.06906640289827438,-0.00846906261955871,0.0026281183410803433,0.12903787339611575,0.018619484142263693
2015-12-29,386848,125311,39984,151180,247938,007601,SOYBEAN OIL - CHICAGO BOARD OF TRADE,30.520000457763672,0.2501189097526677,-96758,-1.3513613687074224,85327,1.4600830732660741,0.033676757249735664,0.03574820774978069,0.0026281183410803433,-0.029161247825953862,0.13136635486451095,0.006448809134461383
2016-01-05,385135,120238,47770,155269,233818,007601,SOYBEAN OIL - CHICAGO BOARD OF TRADE,29.6299991607666,0.20395186103574073,-78549,4.707016709405244,72468,-3.324044585987261,0.04679930195560376,0.07653802199895243,-0.029161247825953862,-0.02092470298499749,0.13166833899366148,-0.013078404368605126
2016-01-12,404251,112893,59972,163523,224551,007601,SOYBEAN OIL - CHICAGO BOARD OF TRADE,29.010000228881836,0.15096561294839098,-61028,4.549313876952237,52921,-5.075363184337959,0.04514860567829847,0.11307667833280305,-0.02092470298499749,0.035160305057432506,0.1301008324149787,-0.014080388823453865
2016-01-19,411430,116320,56192,163333,231189,007601,SOYBEAN OIL - CHICAGO BOARD OF TRADE,30.030000686645508,0.16492720511387113,-67856,-1.6890496251091525,60128,1.782803258371655,0.01730701963388607,0.04177680393248006,0.035160305057432506,0.023642992615328096,0.12861775724548508,-0.0030791174735601127
2016-01-26,411380,113038,41800,158547,241119,007601,SOYBEAN OIL - CHICAGO BOARD OF TRADE,30.739999771118164,0.20071952938888618,-82572,-3.576793136134944,71238,2.7003378460491456,0.03682074532234416,0.11414510649840479,0.023642992615328096,0.0016265824587338162,0.1297454127474191,0.0021769654058224697
2016-02-02,416968,119958,46274,162886,248950,007601,SOYBEAN OIL - CHICAGO BOARD OF TRADE,30.790000915527344,0.20640432838970857,-86064,-0.8488502114833001,73684,0.5945840828431135,0.02955059781077905,0.06854275951681986,0.0016265824587338162,-0.0029230318256503462,0.1328865801615366,0.009827842447437096
2016-02-09,413790,120119,50742,165470,246033,007601,SOYBEAN OIL - CHICAGO BOARD OF TRADE,30.700000762939453,0.1946953768819933,-80563,1.3192858924425854,69377,-1.0329329828667906,0.013368067790514285,0.027092197751388554,-0.0029230318256503462,0.029641688104146358,0.13553812088806969,0.014274347099427164
2016-02-16,417588,125992,45917,161190,257093,007601,SOYBEAN OIL - CHICAGO BOARD OF TRADE,31.61000061035156,0.22965937718516816,-95903,-3.707194470625196,80075,2.585369390270427,0.03667373524623281,0.0622305987470115,0.029641688104146358,-0.02720659897962574,0.13787014925008093,0.012913320857727882
2016-02-23,408631,125101,51532,160391,243950,007601,SOYBEAN OIL - CHICAGO BOARD OF TRADE,30.75,0.20448522016195542,-83559,2.9560236405260687,73569,-1.5579949615410404,0.03448079714894112,0.03683343429596961,-0.02720659897962574,-0.013983749761814046,0.1396282821412322,0.00028461943144767284
2016-03-01,381682,118689,57515,151996,220132,007601,SOYBEAN OIL - CHICAGO BOARD OF TRADE,30.31999969482422,0.17851509895672313,-68136,3.774309829650712,61174,-3.033298991021239,0.08656430045575716,0.0703446005766044,-0.013983749761814046,0.01978893098643897,0.13919525736342017,-0.0036244836279708224
2016-03-08,383217,114316,58652,157857,223630,007601,SOYBEAN OIL - CHICAGO BOARD OF TRADE,30.920000076293945,0.17163382626553625,-65773,0.619101765343925,55664,-1.4436101257067402,0.024532946076799473,0.03185560334859627,0.01978893098643897,0.05077624832790861,0.1401158685458113,0.002057948557784562
2016-03-15,418463,147804,50879,154374,268066,007601,SOYBEAN OIL - CHICAGO BOARD OF TRADE,32.4900016784668,0.2716894922609645,-113692,-12.504403510282685,96925,10.76700668289768,0.11343386042988353,0.20767252356769325,0.05077624832790861,0.04432128508209221,0.14391402660841893,0.007316873914872922
2016-03-22,442859,172274,54002,149294,285250,007601,SOYBEAN OIL - CHICAGO BOARD OF TRADE,33.93000030517578,0.3069961319517047,-135956,-5.320422594112263,118272,5.101287330062633,0.051235317942486834,0.12194399759585639,0.04432128508209221,0.0035366616800902584,0.14826090044238915,0.02491276265669548
2016-03-29,445293,178703,51381,149609,293730,007601,SOYBEAN OIL - CHICAGO BOARD OF TRADE,34.04999923706055,0.3236543130028992,-144121,-1.843701945766034,127322,2.0435398174136687,0.01983809229506089,0.03933346082300377,0.0035366616800902584,-0.0017620428763019946,0.15341707171523267,0.02917599259008695
2016-04-05,473147,191807,64129,148889,295043,007601,SOYBEAN OIL - CHICAGO BOARD OF TRADE,33.9900016784668,0.30889765759901255,-146154,-0.4565533255631685,127678,0.07994736050196163,0.004579530198318661,0.10100962740685171,-0.0017620428763019946,-0.008826214679120481,0.15772050884335795,0.02392943173798199
2016-04-12,461802,183194,66999,137499,271367,007601,SOYBEAN OIL - CHICAGO BOARD OF TRADE,33.689998626708984,0.2898818108193555,-133868,2.5966560075409966,116195,-2.4269413099945685,0.08576404005224206,0.045896567849620096,-0.008826214679120481,0.03235382003618592,0.16103906315401104,0.009274282880948786
2016-04-19,479432,177027,63016,145217,284349,007601,SOYBEAN OIL - CHICAGO BOARD OF TRADE,34.779998779296875,0.29020173872415694,-139132,-1.1398824604484172,114011,-0.47292995699455614,0.04818817131709679,0.0422840907670709,0.03235382003618592,-0.0241518166207616,0.1637503321309139,0.006305633679805419
2016-04-26,434911,165454,38797,132277,282141,007601,SOYBEAN OIL - CHICAGO BOARD OF TRADE,33.939998626708984,0.3445854439184109,-149864,-2.2384822039413304,126657,2.6377046171302707,0.03655246635039984,0.17523537216464055,-0.0241518166207616,-0.0533293350568782,0.16801909036081486,-0.0005967415498268641
2016-05-03,408065,144247,49516,138087,247287,007601,SOYBEAN OIL - CHICAGO BOARD OF TRADE,32.130001068115234,0.26760442576550303,-109200,9.349958957119963,94731,-7.340812258140171,0.10551827575290497,0.16476829941732943,-0.0533293350568782,0.031123559500667586,0.16928812129679915,-0.013580181242225944
2016-05-10,400540,139057,39464,131639,249466,007601,SOYBEAN OIL - CHICAGO BOARD OF TRADE,33.130001068115234,0.29417037000049934,-117827,-2.114123975347065,99593,1.1914768480511684,0.02263680612954435,0.08537931111745957,0.031123559500667586,-0.010564511848301983,0.17086697154202019,-0.00350708567714792
2016-05-17,400791,133631,34611,142159,257473,007601,SOYBEAN OIL - CHICAGO BOARD OF TRADE,32.779998779296875,0.2877160415278786,-115314,0.6274030059419783,99020,-0.14305687322115143,0.046360151339232096,0.061096515733288954,-0.010564511848301983,-0.0576570915201533,0.17255831431346424,-0.014332750909843435
2016-05-24,401761,121130,51525,167937,247158,007601,SOYBEAN OIL - CHICAGO BOARD OF TRADE,30.88999938964844,0.19718439569793983,-79221,9.005441738961204,69605,-7.3392366595058265,0.08695117985039569,0.17036865425270048,-0.0576570915201533,0.030106841163856757,0.1730680659477567,-0.022866297169546294
2016-05-31,407405,121752,60523,171182,243355,007601,SOYBEAN OIL - CHICAGO BOARD OF TRADE,31.81999969482422,0.17715295590383034,-72173,1.7542767964038322,61229,-2.0848215730247586,0.01700210113934341,0.05277739679056371,0.030106841163856757,0.014770623042450026,0.17157341258145117,-0.0017493298616518677
2016-06-07,405541,119494,58853,171838,240010,007601,SOYBEAN OIL - CHICAGO BOARD OF TRADE,32.290000915527344,0.16810137569320982,-68172,0.9820694395012335,60641,-0.14432812557528749,0.009714749130747265,0.022024480366925153,0.014770623042450026,0.0071229339026042116,0.16939677352848012,-0.005853130990035504
2016-06-14,399567,124339,44130,161712,249738,007601,SOYBEAN OIL - CHICAGO BOARD OF TRADE,32.52000045776367,0.22030347851549303,-88026,-4.895682557373977,80209,4.825159478326483,0.04825373678454247,0.11615193299657504,0.0071229339026042116,-0.0356703515093334,0.16965723225549523,-0.0014151742396761205
2016-06-21,382744,112971,50518,167982,235581,007601,SOYBEAN OIL - CHICAGO BOARD OF TRADE,31.36000061035156,0.1766167464414857,-67599,5.112284047481399,62453,-4.44381042478483,0.05061663234736584,0.10860669525166831,-0.0356703515093334,-0.00797193862035439,0.16983459924882147,0.0040742008109279255
2016-06-28,366438,94067,57930,173343,214354,007601,SOYBEAN OIL - CHICAGO BOARD OF TRADE,31.11000061035156,0.11191797793896921,-41011,6.9466797650649,36137,-6.875613987417177,0.06857932870256928,0.17313499608544905,-0.00797193862035439,-0.009321790737311764,0.1678891568313253,-0.005452018576451374
2016-07-05,360876,93314,70503,177764,199592,007601,SOYBEAN OIL - CHICAGO BOARD OF TRADE,30.81999969482422,0.060486150367439234,-21828,5.234992004104378,22811,-3.6366315720531164,0.05083528551288438,0.0813468687620943,-0.009321790737311764,-0.003569130805995302,0.16608264190548294,-0.011526461903911647
2016-07-12,352474,92919,71985,182118,203815,007601,SOYBEAN OIL - CHICAGO BOARD OF TRADE,30.709999084472656,0.06155631337346868,-21697,0.03630055753222714,20934,-0.520123255633514,0.02222406479881223,0.01138238005142386,-0.003569130805995302,-0.0016281093634361588,0.1637723728955322,-0.014234129176711312
2016-07-19,361237,95120,74174,184985,206266,007601,SOYBEAN OIL - CHICAGO BOARD OF TRADE,30.65999984741211,0.05891146255782215,-21281,0.11802288963157566,20946,0.0034045064316800674,0.01359229752767405,0.02593122024407244,-0.0016281093634361588,-0.03587737726497653,0.1618830500473005,-0.00563860950349842
2016-07-26,363801,94986,78641,182905,200400,007601,SOYBEAN OIL - CHICAGO BOARD OF TRADE,29.559999465942383,0.04808947748906683,-17495,1.0480653975091145,16345,-1.2736790528102049,0.020730227886408995,0.026499334780880852,-0.03587737726497653,0.016914749967302134,0.16130801407815373,-0.012679143742080047
2016-08-02,358148,95866,76371,174552,194260,007601,SOYBEAN OIL - CHICAGO BOARD OF TRADE,30.059999465942383,0.05502753051810983,-19708,-0.6082995923595592,19495,0.8658579827982882,0.03929644371658189,0.018288753287621126,0.016914749967302134,0.036926168665078585,0.16146728940298022,-0.006058281249400211
2016-08-09,359540,96993,63217,167652,205672,007601,SOYBEAN OIL - CHICAGO BOARD OF TRADE,31.170000076293945,0.10574623129554431,-38020,-5.1129700570713785,33776,3.9874576990517885,0.049051226280657015,0.08913925472816928,0.036926168665078585,0.07090153950631795,0.16252612909478767,0.0040755416869808925
2016-08-16,375482,101125,46138,162136,226872,007601,SOYBEAN OIL - CHICAGO BOARD OF TRADE,33.380001068115234,0.17240773192856115,-64736,-7.430605774044613,54987,5.899482672303499,0.06867725085345289,0.14403482205306153,0.07090153950631795,0.015278559173575124,0.16525564115990415,0.021973084089418858
2016-08-23,406203,132620,40663,154714,260546,007601,SOYBEAN OIL - CHICAGO BOARD OF TRADE,33.88999938964844,0.260539680898467,-105832,-10.944865532835129,91957,9.846011260193563,0.09896450416606463,0.2133504152167264,0.015278559173575124,-0.034228382068558716,0.1697007139567243,0.03440650334992293
2016-08-30,397673,145767,38110,138558,260076,007601,SOYBEAN OIL - CHICAGO BOARD OF TRADE,32.72999954223633,0.30557266900191865,-121518,-3.8616159900345393,107657,3.865062542620316,0.041707430876443054,0.08538316374532975,-0.034228382068558716,0.0009165530008077294,0.17518669026035086,0.021976215614277008
2016-09-06,397815,145335,35475,137496,262772,007601,SOYBEAN OIL - CHICAGO BOARD OF TRADE,32.7599983215332,0.314910196950844,-125276,-0.9449975230905794,109860,0.5539727363939719,0.009388709564591724,0.016962557380675848,0.0009165530008077294,-0.03693526088117416,0.1806091211464218,0.013130484051903663
2016-09-13,396331,144454,38242,140178,256117,007601,SOYBEAN OIL - CHICAGO BOARD OF TRADE,31.549999237060547,0.29253073819610376,-115939,2.347070874652791,106212,-0.9170091625504316,0.023560731273420052,0.0199675964443666,-0.03693526088117416,0.07226632802310529,0.18591611362302304,-0.01383742986409721
2016-09-20,391699,147520,27665,134582,267514,007601,SOYBEAN OIL - CHICAGO BOARD OF TRADE,33.83000183105469,0.3393728347532161,-132932,-4.287577807438732,119855,3.4423247235265473,0.04226105208706379,0.07787767217512914,0.07226632802310529,-0.020987373950366317,0.1921756277068833,0.0005046821450843381
2016-09-27,414929,159314,29515,135816,280606,007601,SOYBEAN OIL - CHICAGO BOARD OF TRADE,33.119998931884766,0.34895126636123286,-144790,-3.0273245527816,129799,2.538684040551546,0.034402601207429,0.0722558505314332,-0.020987373950366317,-0.006944430847034444,0.19789963556944196,0.0038078026570052517
2016-10-04,414039,155872,31390,133574,273457,007601,SOYBEAN OIL - CHICAGO BOARD OF TRADE,32.88999938964844,0.3378498160801277,-139883,1.1826119649385798,124482,-1.2814240508617136,0.0230719527505276,0.02839337398938386,-0.006944430847034444,0.008209196192586532,0.2024935295425378,0.001848106784268959
2016-10-11,433849,152931,38398,145759,274717,007601,SOYBEAN OIL - CHICAGO BOARD OF TRADE,33.15999984741211,0.297241667031617,-128958,2.6386403213223875,114533,-2.402913735179536,0.03197566567414074,0.05199943552728546,0.008209196192586532,0.05759951315443601,0.20600553654074039,0.013050401708288301
2016-10-18,446688,165668,39608,140598,285970,007601,SOYBEAN OIL - CHICAGO BOARD OF TRADE,35.06999969482422,0.3254441578909664,-145372,-3.7833439745164794,126060,2.656915193996068,0.038479210817501545,0.06794267230460453,0.05759951315443601,0.020815498961753942,0.20992225314964624,0.009424674043995985
2016-10-25,461990,177360,36821,141817,305795,007601,SOYBEAN OIL - CHICAGO BOARD OF TRADE,35.79999923706055,0.35493841858048875,-163978,-4.1653234472383405,140539,3.2414123504549037,0.04701393170871201,0.06760170136473356,0.020815498961753942,-0.02653633472583994,0.21448236480367988,0.019724138299759244
2016-11-01,475067,190717,30557,152648,331311,007601,SOYBEAN OIL - CHICAGO BOARD OF TRADE,34.849998474121094,0.37607958456386154,-178663,-3.1786402303080155,160160,4.247061624710492,0.0751034695087807,0.08867286712401819,-0.02653633472583994,0.013199509879792792,0.21978430997481535,0.014910255999167928
2016-11-08,470184,184595,34906,150250,320672,007601,SOYBEAN OIL - CHICAGO BOARD OF TRADE,35.310001373291016,0.3624581015091964,-170422,1.7347026840424613,149689,-2.204110157093631,0.027683990130000297,0.04770365510863276,0.013199509879792792,-0.031152711584158,0.2254182352889778,0.016138615955705093
2016-11-15,433036,160609,31587,152488,297841,007601,SOYBEAN OIL - CHICAGO BOARD OF TRADE,34.209999084472656,0.33566031461587487,-145353,5.331742466778963,129022,-4.39551324587821,0.05566818925718752,0.14206851339257842,-0.031152711584158,0.007892442706501468,0.23050107800644692,-0.005936093157891276
2016-11-22,430777,157591,28945,141881,291513,007601,SOYBEAN OIL - CHICAGO BOARD OF TRADE,34.47999954223633,0.34735373522727536,-149632,-0.9881395542172013,128646,-0.08682880869027056,0.03907529868895278,0.030342668439336105,0.007892442706501468,0.0545243936506532,0.2350909432341887,-0.00919138509061102
2016-11-29,425142,159481,16779,141229,306590,007601,SOYBEAN OIL - CHICAGO BOARD OF TRADE,36.36000061035156,0.3889547492367256,-165361,-3.6513091460314735,142702,3.262941150525678,0.03512356554768779,0.07974583002382843,0.0545243936506532,0.03465341860237725,0.2395262775357286,0.011054581007061927
2016-12-06,434653,166390,21414,141899,309756,007601,SOYBEAN OIL - CHICAGO BOARD OF TRADE,37.619998931884766,0.38618622211281184,-167857,-0.587097957858786,144976,0.5348801106453843,0.008493208311653807,0.06146833933249558,0.03465341860237725,-0.027910666317712773,0.242295015370608,0.016345074336945813
2016-12-13,404395,158675,26747,136005,286950,007601,SOYBEAN OIL - CHICAGO BOARD OF TRADE,36.56999969482422,0.3732612915589955,-150945,3.890919883217187,131928,-3.00193487678677,0.06785591847832512,0.07036921185188381,-0.027910666317712773,-0.01394581147905738,0.24476637308605295,0.017142127735572603
2016-12-20,404009,158969,30922,129861,276263,007601,SOYBEAN OIL - CHICAGO BOARD OF TRADE,36.060001373291016,0.3623731154503984,-146402,1.1234065703087328,128047,-0.9597052386898949,0.041443007554343006,0.02353455403362982,-0.01394581147905738,-0.02606773171402299,0.2473971953729248,0.011760902278125537
2016-12-27,381171,143782,31913,134565,261258,007601,SOYBEAN OIL - CHICAGO BOARD OF TRADE,35.119998931884766,0.3323783813563991,-126693,4.878356670272197,111869,-4.004366239365955,0.04979245773994942,0.09208002504339907,-0.02606773171402299,-0.01566057100762641,0.24897910828838116,-0.008352482796936095
2017-01-03,370118,135803,32907,134225,246549,007601,SOYBEAN OIL - CHICAGO BOARD OF TRADE,34.56999969482422,0.3034815923570321,-112324,3.769699163892321,102896,-2.3540615629205788,0.039522131237952174,0.05318594037105091,-0.01566057100762641,0.024877078910715777,0.2508931415830214,-0.021117610539993073
2017-01-10,376513,137345,27514,136260,259495,007601,SOYBEAN OIL - CHICAGO BOARD OF TRADE,35.43000030517578,0.3273060956726594,-123235,-2.9479787527221046,109831,1.873726757412501,0.037854227994592614,0.0420662505535033,0.024877078910715777,0.0036692370024125065,0.25428430471233426,-0.007729051133365779
2017-01-17,393687,146076,27890,143444,277565,007601,SOYBEAN OIL - CHICAGO BOARD OF TRADE,35.560001373291016,0.34067927058805597,-134121,-2.891268030585929,118186,2.2190468854993055,0.05998446589027788,0.05234930963521608,0.0036692370024125065,-0.007874088390909084,0.25766415212529936,-0.003300938810977579
2017-01-24,408582,149402,24860,144915,285460,007601,SOYBEAN OIL - CHICAGO BOARD OF TRADE,35.279998779296875,0.34398235849841646,-140545,-1.6317531439951027,124542,1.6144805391084796,0.02176241649724078,0.036473815289621375,-0.007874088390909084,-0.04053288987115666,0.26041920653125183,0.0012521298867314283
2017-01-31,405339,130899,37242,157133,258670,007601,SOYBEAN OIL - CHICAGO BOARD OF TRADE,33.849998474121094,0.2504989650638108,-101537,9.547165562849074,93657,-7.559070149933183,0.09381365694812206,0.18368512141595447,-0.04053288987115666,0.013293967008107366,0.2612671803134461,-0.0049775329762951626
2017-02-07,397899,114073,28049,161135,253785,007601,SOYBEAN OIL - CHICAGO BOARD OF TRADE,34.29999923706055,0.2328480343001616,-92650,2.1924857958400255,86024,-1.8831151209234738,0.021418586715511424,0.18307510448769368,0.013293967008107366,-0.004664718687201419,0.2620008852637955,-0.007892003661268935
2017-02-14,379239,113767,24810,158603,252028,007601,SOYBEAN OIL - CHICAGO BOARD OF TRADE,34.13999938964844,0.24634860866102906,-93425,-0.19477304542107418,88957,0.7371217318967879,0.010444900652897614,0.02558144569445146,-0.004664718687201419,-0.04305803301065214,0.2623218320229467,-0.009994208625926352
2017-02-21,387867,108582,43956,171771,242396,007601,SOYBEAN OIL - CHICAGO BOARD OF TRADE,32.66999816894531,0.18208561182054672,-70625,6.012039900959553,64626,-6.415743106589776,0.05505025750482293,0.1595077947790059,-0.04305803301065214,0.03122131971018116,0.26189107032407344,-0.018918245490108624
2017-02-28,366440,98848,52364,173352,224402,007601,SOYBEAN OIL - CHICAGO BOARD OF TRADE,33.689998626708984,0.13931339373430848,-51050,5.046833063911083,46484,-4.677376523395906,0.04921383568738467,0.11997725048276592,0.03122131971018116,-0.006530050904527185,0.2611371913774885,-0.0008021879115958279
2017-03-07,367689,100171,56703,169837,220229,007601,SOYBEAN OIL - CHICAGO BOARD OF TRADE,33.470001220703125,0.13705060526695115,-50392,0.17956554961248772,43468,-0.8230542517192445,0.019709485061502413,0.036092660351619774,-0.006530050904527185,-0.04840157693903324,0.26047212943520803,-0.005774511167108815
2017-03-14,380049,99352,81268,183243,206203,007601,SOYBEAN OIL - CHICAGO BOARD OF TRADE,31.850000381469727,0.060413262500361796,-22960,7.460652888718455,18084,-6.903660430418097,0.07043852035969043,0.14053814638467502,-0.04840157693903324,0.040502323162584064,0.2564091250167349,-0.01683296809388167
2017-03-21,401913,98099,105478,203848,199614,007601,SOYBEAN OIL - CHICAGO BOARD OF TRADE,33.13999938964844,-0.010534618188513435,4234,7.155393120360795,-7379,-6.699925535917737,0.06740163881604712,0.12507798032194206,0.040502323162584064,-0.020217205228874935,0.2503027644371153,0.004189216722946383
2017-03-28,400297,99149,101516,195994,193947,007601,SOYBEAN OIL - CHICAGO BOARD OF TRADE,32.470001220703125,-0.005113703075466466,2047,-0.5441476140358734,-2367,1.2470360500904425,0.03467447639514696,0.02497695163581093,-0.020217205228874935,-0.03202959274495598,0.24398030258945444,-0.008699357399080928
2017-04-04,423906,99576,117876,213369,195991,007601,SOYBEAN OIL - CHICAGO BOARD OF TRADE,31.43000030517578,-0.0409949375569112,17378,3.829906294576277,-18300,-3.980294631236307,0.047437463357436,0.07719864613799828,-0.03202959274495598,-0.011454044125232765,0.2372515988364559,-0.015150707469271807
2017-04-11,425647,99792,126761,216188,192190,007601,SOYBEAN OIL - CHICAGO BOARD OF TRADE,31.06999969482422,-0.05638005201493256,23998,1.561666973338429,-26969,-2.0450288507357763,0.016210471670853963,0.04017161547187634,-0.011454044125232765,0.0022529673483029367,0.23059271685887345,-0.0058165128956835085
2017-04-18,432047,101774,127962,215188,191296,007601,SOYBEAN OIL - CHICAGO BOARD OF TRADE,31.13999938964844,-0.055299539170506916,23892,-0.024903264912004546,-26188,0.18348537637995804,0.004659469991438778,0.013855033603788697,0.0022529673483029367,0.014129754100248304,0.2239484615147453,-0.015481186248909286
2017-04-25,411634,107067,128525,204041,184034,007601,SOYBEAN OIL - CHICAGO BOARD OF TRADE,31.579999923706055,-0.04860385682426622,20007,-0.8992077250854652,-21458,1.0947882984953026,0.0474367068221349,0.02485653163095521,0.014129754100248304,0.024382474739559123,0.21638712880815536,-0.006798284917506901
2017-05-02,415214,112885,122375,192884,189012,007601,SOYBEAN OIL - CHICAGO BOARD OF TRADE,32.349998474121094,-0.009325311766944275,3872,-3.919744238814092,-9490,2.9074371893478186,0.04224972243752226,0.05087137634957069,0.024382474739559123,0.009273665097629058,0.2110615569325314,0.007301070219290579
2017-05-09,405988,117044,111126,183620,195759,007601,SOYBEAN OIL - CHICAGO BOARD OF TRADE,32.650001525878906,0.029899898519168053,-12139,-3.8560838507372104,5918,3.710857533705511,0.04220317940634563,0.06752859709865451,0.009273665097629058,0.011025935033079692,0.2059794324809673,0.012432115331716715
2017-05-16,404184,118921,106149,178492,197037,007601,SOYBEAN OIL - CHICAGO BOARD OF TRADE,33.0099983215332,0.04588256833521367,-18545,-1.577879149137413,12772,1.6882272382434949,0.017058602664507934,0.030452748033944994,0.011025935033079692,-0.020296825295754606,0.20132878876572374,0.014595916699588478
2017-05-23,414540,118858,106316,186352,200837,007601,SOYBEAN OIL - CHICAGO BOARD OF TRADE,32.34000015258789,0.03494234573261929,-14485,1.0044930031866675,12542,-0.05690477604259446,0.03011449188897412,0.0010214323145656247,-0.020296825295754606,-0.028447744958353893,0.19820874934331373,0.006077805060794295
2017-05-30,432500,121805,118165,193437,194631,007601,SOYBEAN OIL - CHICAGO BOARD OF TRADE,31.420000076293945,0.0027606936416184973,-1194,3.206204467602644,3640,-2.147440536498287,0.034249152210437346,0.06165770721340168,-0.028447744958353893,-0.0009548277075956957,0.19485505199211733,-0.007136647930300965
2017-06-06,457208,124181,130499,204799,195313,007601,SOYBEAN OIL - CHICAGO BOARD OF TRADE,31.38999938964844,-0.020747668457244843,9486,2.469364161849711,-6318,-2.30242774566474,0.030101571559963212,0.05775875608606879,-0.0009548277075956957,0.02230012031062012,0.1912233396046086,-0.009715407839217993
2017-06-13,418033,119857,114500,186033,191132,007601,SOYBEAN OIL - CHICAGO BOARD OF TRADE,32.09000015258789,0.012197601624752114,-5099,-3.19001417298035,5357,2.553542370212245,0.06084074609255896,0.08671812661879098,0.02230012031062012,-0.002181355390818651,0.1872213035105559,-0.006873387110405302
2017-06-20,408927,116815,94851,173472,198432,007601,SOYBEAN OIL - CHICAGO BOARD OF TRADE,32.02000045776367,0.0610377891408491,-24960,-4.751060322988855,21964,3.9726528766867686,0.053403566511787987,0.10720191244696833,-0.002181355390818651,0.0018738717187141152,0.18499863125477442,-0.0023236495202659745
2017-06-27,379912,107290,81755,167874,195503,007601,SOYBEAN OIL - CHICAGO BOARD OF TRADE,32.08000183105469,0.07272473625471161,-27629,-0.6526837308370442,25535,0.8732609976841832,0.023465987115309995,0.11965934036869529,0.0018738717187141152,0.0514338409290358,0.18424491506853868,0.00524566961871443
2017-07-11,400791,110853,57459,174907,239118,007601,SOYBEAN OIL - CHICAGO BOARD OF TRADE,33.72999954223633,0.16021068337362865,-64211,-9.629071995620038,53394,7.333013961127841,0.12233077712698509,0.16551998669138268,0.0514338409290358,-0.016602472009813907,0.18616269454942697,0.018190170527284635
2017-07-18,403703,113794,54627,170119,238339,007601,SOYBEAN OIL - CHICAGO BOARD OF TRADE,33.16999816894531,0.16898561566299977,-68220,-1.0002719621947598,59167,1.4404016058244822,0.013629308276493545,0.03427719821162444,-0.016602472009813907,0.009948804620786733,0.18822864267037948,0.008593937418635315
2017-07-25,403261,122658,50623,168288,250056,007601,SOYBEAN OIL - CHICAGO BOARD OF TRADE,33.5,0.20276694250125848,-81768,-3.3559324552951053,72035,3.1874917947104677,0.032384831621823186,0.07426088261263497,0.009948804620786733,0.010746286876166078,0.1909950942077533,0.011596016874416215
2017-08-01,408440,125632,49436,167343,255990,007601,SOYBEAN OIL - CHICAGO BOARD OF TRADE,33.86000061035156,0.2170379982371952,-88647,-1.705843114013009,76196,1.0318379411844933,0.016249619094188265,0.02376790732743848,0.010746286876166078,-0.0017720428886428552,0.19424410422214036,0.013786147962644657
2017-08-08,413020,129054,55530,169283,255450,007601,SOYBEAN OIL - CHICAGO BOARD OF TRADE,33.79999923706055,0.20862670088615565,-86167,0.6071883263147586,73524,-0.6541964548036431,0.005838962359882562,0.051553764139903785,-0.0017720428886428552,-0.03224852595241312,0.19719793442152586,0.0005799759310643997
2017-08-15,417139,126958,62450,175344,241397,007601,SOYBEAN OIL - CHICAGO BOARD OF TRADE,32.709999084472656,0.1583476970506234,-66053,4.869982083192097,64508,-2.1829451358287733,0.048264989525868586,0.047600946105761106,-0.03224852595241312,0.04127185345777651,0.198209501070662,-0.003336930701595729
2017-08-22,418248,117444,52995,172614,242615,007601,SOYBEAN OIL - CHICAGO BOARD OF TRADE,34.060001373291016,0.1673672079723035,-70001,-0.9464471075588713,64449,-0.014143966399689312,0.009508006425370096,0.11129495009944906,0.04127185345777651,0.006459113245320447,0.19811256791765702,0.004489300865722203
2017-08-29,418511,116088,38101,180805,268637,007601,SOYBEAN OIL - CHICAGO BOARD OF TRADE,34.279998779296875,0.20986784098864786,-87832,-4.263260075361986,77987,3.236835561676326,0.07612328175826914,0.10539013807729475,0.006459113245320447,0.02392064539160521,0.19713810945785282,0.003421738635030153
2017-09-05,430341,135974,37460,171927,284463,007601,SOYBEAN OIL - CHICAGO BOARD OF TRADE,35.099998474121094,0.26150424895606045,-112536,-5.902831705737722,98514,4.90476952816055,0.05412914393391617,0.11835626232457304,0.02392064539160521,-0.0074073599098557485,0.1962906398415863,0.009802568982041501
2017-09-12,444834,145837,36305,174276,295594,007601,SOYBEAN OIL - CHICAGO BOARD OF TRADE,34.84000015258789,0.2727264552619629,-121318,-2.040707253085344,109532,2.560295207753851,0.02868878626002937,0.0604912650569336,-0.0074073599098557485,-0.009184836206163172,0.19547941403987706,0.015933448773708662
2017-09-19,445806,143495,37612,178616,294249,007601,SOYBEAN OIL - CHICAGO BOARD OF TRADE,34.52000045776367,0.2593796404714158,-115633,1.2780048287675851,105883,-0.8203060017894316,0.012022458841318346,0.020148310115014882,-0.009184836206163172,-0.037369666814045965,0.19484189292978688,0.0034409637184246054
2017-09-26,439337,137687,39315,170140,276079,007601,SOYBEAN OIL - CHICAGO BOARD OF TRADE,33.22999954223633,0.24113379933854875,-105939,2.174488454619274,98372,-1.6848135736172238,0.05971507264370186,0.04243454876216088,-0.037369666814045965,-0.021667205254937816,0.19295268071027405,-0.0075386487261887535
2017-10-03,423443,119668,58070,171542,236878,007601,SOYBEAN OIL - CHICAGO BOARD OF TRADE,32.5099983215332,0.1542970364370175,-65336,9.241880378843575,61598,-8.37033985300578,0.09941481807942804,0.20690004388481922,-0.021667205254937816,0.01076598913837934,0.1892093301348084,-0.019088294879517496
2017-10-10,432011,120032,60941,175308,238180,007601,SOYBEAN OIL - CHICAGO BOARD OF TRADE,32.86000061035156,0.14553333132721158,-62872,0.5818965008277383,59091,-0.5920513504769237,0.012256703943040669,0.017875594701972117,0.01076598913837934,0.022215445181895888,0.1855109361972523,-0.01446808965682907
2017-10-17,443985,126685,61187,177486,245625,007601,SOYBEAN OIL - CHICAGO BOARD OF TRADE,33.59000015258789,0.15347140106084664,-68139,-1.219181918978915,65498,1.4830640886458908,0.022743440846491818,0.036721810594447284,0.022215445181895888,0.02232807373006862,0.1827461233901221,-0.0065351672004803595
2017-10-24,446435,126578,56713,179855,256148,007601,SOYBEAN OIL - CHICAGO BOARD OF TRADE,34.34000015258789,0.17089385912842855,-76293,-1.8365485320450015,69865,0.9835917880108562,0.02956860388575308,0.024993043848306792,0.02232807373006862,0.011939424740544435,0.17977400226007328,0.008375403879619606
2017-10-31,451964,121278,49615,187474,267423,007601,SOYBEAN OIL - CHICAGO BOARD OF TRADE,34.75,0.1768924073598782,-79949,-0.8189322073762137,71663,0.40274620045471343,0.04153467708074575,0.07254831970882365,0.011939424740544435,0.007769797345717144,0.17635004050583078,0.016672471896385564
2017-11-07,469380,125655,51912,188874,270034,007601,SOYBEAN OIL - CHICAGO BOARD OF TRADE,35.02000045776367,0.17290894371298307,-81160,-0.26794169447124105,73743,0.46021364533458414,0.00874031396271148,0.037585812679157726,0.007769797345717144,-0.02884072310189134,0.1724429127971601,0.015935537428815864
2017-11-14,477549,130138,54104,198633,283817,007601,SOYBEAN OIL - CHICAGO BOARD OF TRADE,34.0099983215332,0.1783775068108194,-85184,-0.8573011206272104,76034,0.48809067280242024,0.04879676650430096,0.03622952421272023,-0.02884072310189134,0.004704494422477223,0.16890290136065278,0.0032937129458856613
2017-11-21,481151,128937,57226,207362,285423,007601,SOYBEAN OIL - CHICAGO BOARD OF TRADE,34.16999816894531,0.16223805000924865,-78061,1.4915746865766655,71711,-0.9052474196365189,0.020972635124851608,0.02322158538485091,0.004704494422477223,-0.004975071058090141,0.16556785781052538,-0.0011073645501554349
2017-11-28,459803,122218,69981,205500,260555,007601,SOYBEAN OIL - CHICAGO BOARD OF TRADE,34.0,0.11973606087824569,-55055,4.78145114527456,52237,-4.047378058031678,0.05735374580253404,0.10132206723239975,-0.004975071058090141,-0.01735294566434975,0.1611905948422748,-0.005349659543797125
2017-12-05,475387,120470,73627,215338,266212,007601,SOYBEAN OIL - CHICAGO BOARD OF TRADE,33.40999984741211,0.10701596804287875,-50874,0.9093024621413953,46843,-1.1731110932290567,0.03217734399335479,0.027790228597041687,-0.01735294566434975,-0.0014965350879646566,0.1557686952039316,-0.011684054848420732
2017-12-12,467127,128270,84261,212996,261338,007601,SOYBEAN OIL - CHICAGO BOARD OF TRADE,33.36000061035156,0.10348791656230533,-48342,0.532618687511438,44009,-0.5961458769381578,0.015212909047211459,0.0867355821033167,-0.0014965350879646566,-0.004196624313160147,0.1503321893279603,-0.0047914751520206425
2017-12-19,471781,127725,89240,213262,256356,007601,SOYBEAN OIL - CHICAGO BOARD OF TRADE,33.220001220703125,0.09134322916777064,-43094,1.1234632123598078,38485,-1.1825477867903162,0.011175040139006597,0.02546032770262485,-0.004196624313160147,-0.0006020607173008452,0.14491068812812907,-0.007029946301519681
2017-12-26,454462,120568,94007,217900,250211,007601,SOYBEAN OIL - CHICAGO BOARD OF TRADE,33.20000076293945,0.07109725345573448,-32311,2.2855943753563626,26561,-2.5274438775618346,0.023035134829132407,0.05557031341022952,-0.0006020607173008452,,0.1393092292436163,-0.005929586749273477
