,Open_Interest_All,NonComm_Positions_Long_All,NonComm_Positions_Short_All,Comm_Positions_Long_All,Comm_Positions_Short_All,CFTC_Contract_Market_Code,Market_and_Exchange_Names,ZM_Close,HP,NetLong_Comm,Q_Comm,NetLong_NonComm,Q_NonComm,PT_Comm,PT_NonComm,Ret,Ret_Lead,HP_Smooth_52w,Basis
2015-01-06,336608,121526,47446,132610,220839,026603,SOYBEAN MEAL - CHICAGO BOARD OF TRADE,370.7999877929687,0.26211201159806063,-88229,,74080,,,,,-0.05690392740174077,,
2015-01-13,338726,116896,52449,141428,213294,026603,SOYBEAN MEAL - CHICAGO BOARD OF TRADE,349.70001220703125,0.21216558516322928,-71866,4.861144120163514,64447,-2.861785816142219,0.04612908136512536,0.056883876110897874,-0.05690392740174077,-0.06634261194505264,,
2015-01-20,345111,115568,60374,149724,209674,026603,SOYBEAN MEAL - CHICAGO BOARD OF TRADE,326.5,0.1737122259215151,-59950,3.517887614177831,55194,-2.731706453003312,0.03315544326902209,0.05259119482556752,-0.06634261194505264,0.030934168770338832,,-0.0636037791299905
2015-01-27,366125,118178,57629,159816,226230,026603,SOYBEAN MEAL - CHICAGO BOARD OF TRADE,336.6000061035156,0.18139706384431548,-66414,-1.8730205643981213,60549,1.5516746785816737,0.06902804329017785,0.03045953801611995,0.030934168770338832,0.0118835410798237,,-0.03125415243380909
2015-02-03,371005,115706,62939,161714,227635,026603,SOYBEAN MEAL - CHICAGO BOARD OF TRADE,340.6000061035156,0.17768224147922534,-65921,0.13465346534653463,52767,-2.125503584841243,0.00848339150736229,0.04356125276386129,0.0118835410798237,-0.04022317076197446,,-0.020312108581372265
2015-02-10,364911,104861,66002,160060,209436,026603,SOYBEAN MEAL - CHICAGO BOARD OF TRADE,326.8999938964844,0.13530970565425543,-49376,4.459508631959138,38859,-3.748736539938815,0.053729945655703985,0.0813985473742121,-0.04022317076197446,0.04710918991745494,,-0.016065378098310882
2015-02-17,371919,111491,65534,159555,219924,026603,SOYBEAN MEAL - CHICAGO BOARD OF TRADE,342.29998779296875,0.16231760141321094,-60369,-3.0125153804626335,45957,1.9451318266645838,0.028968664932710372,0.04009603163395001,0.04710918991745494,0.04265266323160399,,0.012349363990781563
2015-02-24,357742,117248,60941,149794,219493,026603,SOYBEAN MEAL - CHICAGO BOARD OF TRADE,356.8999938964844,0.19483035260047743,-69699,-2.5086107458882174,56307,2.78286401071201,0.02759913021579422,0.05808439353719927,0.04265266323160399,-0.042308787788590596,,0.015238852499087976
2015-03-03,336523,106492,62827,145091,201465,026603,SOYBEAN MEAL - CHICAGO BOARD OF TRADE,341.79998779296875,0.16751901058768642,-56374,3.7247513571232895,43665,-3.533831644033968,0.06559113101490091,0.07466380028230736,-0.042308787788590596,0.0005851732421722211,,0.0018058421347772707
2015-03-10,345400,111433,63028,146496,213001,026603,SOYBEAN MEAL - CHICAGO BOARD OF TRADE,342.0,0.19254487550665894,-66505,-3.010492596345569,48405,1.408521854375481,0.03599751875537209,0.02947363594155714,0.0005851732421722211,-0.07163742690058483,,0.011938017115776607
2015-03-17,340100,101916,67461,151006,197019,026603,SOYBEAN MEAL - CHICAGO BOARD OF TRADE,317.5,0.13529256101146722,-46013,5.932831499710481,34455,-4.038795599305153,0.058880827526758134,0.08236065109194282,-0.07163742690058483,0.027716496985728423,,-0.01783520039527862
2015-03-24,340977,97655,63728,148647,196494,026603,SOYBEAN MEAL - CHICAGO BOARD OF TRADE,326.29998779296875,0.14032324760907627,-47847,-0.5392531608350485,33927,-0.15524845633637166,0.008356005226849317,0.04953433756963249,0.027716496985728423,0.0015323322669482664,,-0.021643679831468667
2015-03-31,346338,105251,64777,148438,204531,026603,SOYBEAN MEAL - CHICAGO BOARD OF TRADE,326.79998779296875,0.16196028157464673,-56093,-2.4183449323561415,40474,1.9200708552189738,0.023361824976131047,0.05084456677723669,0.0015323322669482664,-0.021725752298483614,,-0.010505849787691424
2015-04-07,339892,97135,68664,150796,191202,026603,SOYBEAN MEAL - CHICAGO BOARD OF TRADE,319.70001220703125,0.11887893801560495,-40406,4.529390364326178,28471,-3.4656895864733293,0.04586868929058065,0.07239488778581295,-0.021725752298483614,-0.019080406226463897,,-0.016158434675688983
2015-04-14,345989,91305,82145,156778,175064,026603,SOYBEAN MEAL - CHICAGO BOARD OF TRADE,313.6000061035156,0.05285139122920093,-18286,6.507949583985501,9160,-5.681510597483907,0.06665822891617094,0.11133467858172384,-0.019080406226463897,0.007015247597689678,,-0.002893514496434494
2015-04-21,347324,96679,80615,156829,182792,026603,SOYBEAN MEAL - CHICAGO BOARD OF TRADE,315.79998779296875,0.07475152883186881,-25963,-2.2188566688536344,16064,1.9954391613606213,0.022904944040562862,0.03894096810946789,0.007015247597689678,0.00918310489601315,,-0.008097339813681395
2015-04-28,333979,102596,74204,149020,187711,026603,SOYBEAN MEAL - CHICAGO BOARD OF TRADE,318.70001220703125,0.11584860125936061,-38691,-3.6645898354274395,28392,3.549423592956433,0.037798717670781724,0.06972850678733032,0.00918310489601315,-0.0018826673377277947,,-0.006170952731308757
2015-05-05,331199,100254,74067,150328,186644,026603,SOYBEAN MEAL - CHICAGO BOARD OF TRADE,318.1000061035156,0.10965008952321716,-36316,0.7111225556097839,26187,-0.6602211516292941,0.007048063340574291,0.014220891344129509,-0.0018826673377277947,-0.04904120026467118,,-0.0011918902867337111
2015-05-12,348881,104059,87100,163326,186323,026603,SOYBEAN MEAL - CHICAGO BOARD OF TRADE,302.5,0.06591645862056117,-22997,4.0214493401248195,16959,-2.786240296619253,0.03809248703699996,0.08808374180655894,-0.04904120026467118,0.015206631747159083,,-0.008719281470439893
2015-05-19,352972,101472,86273,163814,188012,026603,SOYBEAN MEAL - CHICAGO BOARD OF TRADE,307.1000061035156,0.06855501286221004,-24198,-0.34424345263857875,15199,-0.5044700055319722,0.0061877177923177935,0.018184239260699352,0.015206631747159083,-0.01693263465868655,,-0.00665563240489768
2015-05-26,378102,104856,90037,179469,201792,026603,SOYBEAN MEAL - CHICAGO BOARD OF TRADE,301.8999938964844,0.05903962422838282,-22323,0.5312036082182157,14819,-0.10765726459889169,0.07720432984228652,0.03667653532964242,-0.01693263465868655,-0.00033125573215453397,,-0.01324986062428505
2015-06-02,394409,107238,89589,184109,209830,026603,SOYBEAN MEAL - CHICAGO BOARD OF TRADE,301.79998779296875,0.06521402909162824,-25721,-0.8986992927834287,17649,0.748475279157476,0.032182647567262954,0.014378108694437246,-0.00033125573215453397,0.04870779589664953,,-0.012856911744168519
2015-06-09,400599,111351,83901,178154,219910,026603,SOYBEAN MEAL - CHICAGO BOARD OF TRADE,316.5,0.10423390972019402,-41756,-4.065576596882932,27450,2.4849838619301283,0.04028246714096226,0.05019666892016471,0.04870779589664953,0.013586059377468374,,0.01159514998358804
2015-06-16,400940,120571,79240,171410,229508,026603,SOYBEAN MEAL - CHICAGO BOARD OF TRADE,320.79998779296875,0.14490447448496035,-58098,-4.0793911118100645,41331,3.4650610710461085,0.04076145246658918,0.069470649764027,0.013586059377468374,0.03460101784878833,,0.011194597245271243
2015-06-23,411909,127746,73173,170115,245572,026603,SOYBEAN MEAL - CHICAGO BOARD OF TRADE,331.8999938964844,0.1831885197944206,-75457,-4.329575497580685,54573,3.3027385643737217,0.041759785607921346,0.06590715661535246,0.03460101784878833,0.08315759750246854,,0.023854119053081657
2015-06-30,393327,137280,68982,157103,247627,026603,SOYBEAN MEAL - CHICAGO BOARD OF TRADE,359.5,0.23014946850839124,-90524,-3.6578467574148656,68298,3.3320466413698173,0.03722728732735404,0.06654158303516887,0.08315759750246854,-0.026703772193367503,0.14193649269745484,0.04402943811917902
2015-07-07,397900,141881,63229,155304,256398,026603,SOYBEAN MEAL - CHICAGO BOARD OF TRADE,349.8999938964844,0.25406886152299574,-101094,-2.687331406183659,78652,2.632415267703463,0.025673909769687784,0.050480230120423186,-0.026703772193367503,0.07116317328045119,0.1460895433946971,0.02582389989116727
2015-07-14,402626,141678,50806,157859,272228,026603,SOYBEAN MEAL - CHICAGO BOARD OF TRADE,374.7999877929687,0.2840576614525639,-114369,-3.336265393314903,90872,3.0711233978386527,0.042747165108454804,0.06559506244674881,0.07116317328045119,-0.039754520762457335,0.15101697618247806,0.03975374809336
2015-07-21,412469,149312,44829,158016,284421,026603,SOYBEAN MEAL - CHICAGO BOARD OF TRADE,359.8999938964844,0.3064593945241946,-126405,-2.989374754735164,104483,3.380556645621495,0.02791357865639628,0.07010883842155959,-0.039754520762457335,-0.04084462889343976,0.15637705957357176,0.021727850762405222
2015-07-28,394219,146970,46872,156169,271749,026603,SOYBEAN MEAL - CHICAGO BOARD OF TRADE,345.20001220703125,0.29318728929858784,-115580,2.6244396548589104,100098,-1.0631101973724086,0.03392939768834216,0.022621516492813735,-0.04084462889343976,0.015932792020590725,0.1609374005644056,-0.00907599970569337
2015-08-04,381055,144847,44825,148364,266100,026603,SOYBEAN MEAL - CHICAGO BOARD OF TRADE,350.70001220703125,0.3089737701906549,-117736,-0.5469041319672568,100022,-0.019278624317955247,0.03246120290302656,0.021985322029609008,0.015932792020590725,-0.007984083869646219,0.1657127673265427,0.0016228863186132753
2015-08-11,391719,143345,48121,153105,270685,026603,SOYBEAN MEAL - CHICAGO BOARD OF TRADE,347.8999938964844,0.3001641482797618,-117580,0.040938972064400156,95224,-1.25913582028841,0.02200618230727483,0.025059279454315648,-0.007984083869646219,-0.06697323426772328,0.16991437298133077,-0.01832957535387602
2015-08-18,386640,128590,50869,158810,257239,026603,SOYBEAN MEAL - CHICAGO BOARD OF TRADE,324.6000061035156,0.2545753155390027,-98429,4.888963772500185,77721,-4.46825402903612,0.04603063581453146,0.09753202681392407,-0.06697323426772328,0.009242144003667407,0.17247985608913902,-0.025284258549698558
2015-08-25,390236,121815,39037,166480,267743,026603,SOYBEAN MEAL - CHICAGO BOARD OF TRADE,327.6000061035156,0.2594916922067672,-101263,-0.7329815849368922,82778,1.3079350300020691,0.04185407037397835,0.1156777658966006,0.009242144003667407,-0.029609316319628598,0.1750390277396575,-0.01252369058851002
2015-09-01,369524,116077,43538,160107,247478,026603,SOYBEAN MEAL - CHICAGO BOARD OF TRADE,317.8999938964844,0.23644201729792924,-87371,3.55989708791603,72539,-2.6237968818868582,0.065355692677601,0.06414810638097923,-0.029609316319628598,-0.018559276532749913,0.17679339886989384,-0.024119677427737022
2015-09-08,378205,117106,46999,163329,252032,026603,SOYBEAN MEAL - CHICAGO BOARD OF TRADE,312.0,0.23453682526672043,-88703,-0.36046373171972595,70107,-0.6581439906474275,0.018721064327175636,0.027360531367112518,-0.018559276532749913,0.021153865716396325,0.17839738293647234,-0.026831692590167638
2015-09-15,390928,120774,43025,165962,267496,026603,SOYBEAN MEAL - CHICAGO BOARD OF TRADE,318.6000061035156,0.2597255760651578,-101534,-3.3926045398659452,77749,2.020597295117727,0.04175029645317424,0.04665474148193823,0.021153865716396325,-0.04300066523721291,0.1805954422102206,-0.004453045891269953
2015-09-22,380849,113350,49179,163436,248353,026603,SOYBEAN MEAL - CHICAGO BOARD OF TRADE,304.8999938964844,0.2229676328413623,-84917,4.2506548520443665,64171,-3.4732738509393033,0.05262160961074725,0.08354201404057122,-0.04300066523721291,0.0026238711923964875,0.18171049985840854,-0.017658851880791544
2015-09-29,368560,111910,49228,158509,240738,026603,SOYBEAN MEAL - CHICAGO BOARD OF TRADE,305.70001220703125,0.22310885608856088,-82229,0.7057915341775874,62682,-0.3909685991035817,0.03141413711311544,0.009240526753465973,0.0026238711923964875,-0.012757684848966444,0.18277199617200218,-0.009490443345086131
2015-10-06,378687,109938,46362,160460,246294,026603,SOYBEAN MEAL - CHICAGO BOARD OF TRADE,301.79998779296875,0.22666212465703867,-85834,-0.9781311048404603,63576,0.24256566095072715,0.01845587259129597,0.030953294945617403,-0.012757684848966444,0.0626243379009932,0.1838692493841281,-0.008027285917210423
2015-10-13,408493,125364,49204,161523,263779,026603,SOYBEAN MEAL - CHICAGO BOARD OF TRADE,320.70001220703125,0.2503249749689713,-102256,-4.336562913435106,76160,3.323060997604882,0.04361136321954752,0.10464689977544567,0.0626243379009932,-0.034923641349289936,0.185490120739856,0.002369654900607782
2015-10-20,419206,124291,50860,172899,271015,026603,SOYBEAN MEAL - CHICAGO BOARD OF TRADE,309.5,0.23405199353062695,-98116,1.0134812591647837,73431,-0.6680653034446123,0.04192703992214708,0.015580841673755787,-0.034923641349289936,-0.015508845857734266,0.18664635580630293,0.0043821052603332175
2015-10-27,409127,104559,55601,185529,260633,026603,SOYBEAN MEAL - CHICAGO BOARD OF TRADE,304.70001220703125,0.18357136048219747,-75104,5.489425246776048,48958,-5.837941250840875,0.051577678063125056,0.15280344655344655,-0.015508845857734266,-0.01115859625155613,0.1865748442871377,-0.0001414685449521072
2015-11-03,414929,103577,63017,194329,256356,026603,SOYBEAN MEAL - CHICAGO BOARD OF TRADE,301.29998779296875,0.14948822569644446,-62027,3.1963180137219007,40560,-2.0526633539218873,0.02901583145656057,0.05040997875073532,-0.01115859625155613,-0.030202376218449567,0.18573196659189464,0.0002582802533867139
2015-11-10,422594,105778,76150,198620,247158,026603,SOYBEAN MEAL - CHICAGO BOARD OF TRADE,292.20001220703125,0.11485728618958149,-48538,3.2509176268711033,29628,-2.6346676178334123,0.03025945650076944,0.08428609120091465,-0.030202376218449567,-0.012662601137777174,0.18415697369406547,-0.023215777690309327
2015-11-17,426824,103584,84735,205731,239512,026603,SOYBEAN MEAL - CHICAGO BOARD OF TRADE,288.5,0.0791450340187056,-33781,3.4920041458231776,18849,-2.550675116068851,0.03314369905871625,0.05723798448377487,-0.012662601137777174,-0.016291203490576223,0.1818741054402533,-0.017535965080713287
2015-11-24,424738,94202,98802,214100,220257,026603,SOYBEAN MEAL - CHICAGO BOARD OF TRADE,283.79998779296875,0.014495995178203975,-6157,6.471988454257492,-4600,-5.493833523888067,0.06359745554923715,0.12149489129758968,-0.016291203490576223,0.006694941845623248,0.17831286905169905,-0.017735034400353917
2015-12-01,418708,93911,100115,212900,220329,026603,SOYBEAN MEAL - CHICAGO BOARD OF TRADE,285.70001220703125,0.017742675086217602,-7429,-0.2994787374805174,-6204,-0.37764457147700464,0.0029360915358851783,0.008266933297599291,0.006694941845623248,-0.03185161258208613,0.1749676566774182,-0.013202074894707561
2015-12-08,421259,91161,97954,217404,218490,026603,SOYBEAN MEAL - CHICAGO BOARD OF TRADE,276.6000061035156,0.0025779864643841435,-1086,1.5148982106862061,-6793,-0.1406708254917508,0.014551702936952562,0.025968326150754832,-0.03185161258208613,-0.017353644991426775,0.1714495001424583,-0.013619950709361492
2015-12-15,422365,85821,104524,219559,212995,026603,SOYBEAN MEAL - CHICAGO BOARD OF TRADE,271.79998779296875,-0.015541060457187504,6564,1.8159849403810955,-18703,-2.827239299338412,0.017685653120766424,0.06257059549764901,-0.017353644991426775,0.018763820208116844,0.1677096889304654,-0.014809501124823241
2015-12-22,406089,85509,105563,210829,205180,026603,SOYBEAN MEAL - CHICAGO BOARD OF TRADE,276.8999938964844,-0.013910743703966373,5649,-0.2166372687130799,-20054,-0.31986551915996825,0.03977077418998147,0.00707063305978898,0.018763820208116844,-0.03033583994813882,0.16414850397684908,-0.005954315685971425
2015-12-29,400372,81506,112246,211906,192945,026603,SOYBEAN MEAL - CHICAGO BOARD OF TRADE,268.5,-0.047358456635329144,18961,3.278099135903706,-30740,-2.6314428610477014,0.03288123284862826,0.055152979066022546,-0.03033583994813882,-0.011918108778514847,0.16008106242661488,-0.015310935777985554
2016-01-05,405616,84465,122809,213488,185294,026603,SOYBEAN MEAL - CHICAGO BOARD OF TRADE,265.29998779296875,-0.0695090923434973,28194,2.306105322050493,-38344,-1.8992337126472378,0.023153000887703057,0.06523731871821839,-0.011918108778514847,0.03543168053742218,0.15370373350466185,-0.010263432675694165
2016-01-12,407669,86270,124120,210736,185466,026603,SOYBEAN MEAL - CHICAGO BOARD OF TRADE,274.70001220703125,-0.06198656262801439,25270,-0.720878860794446,-37850,0.12179006745296043,0.007380073800738007,0.014810589856932364,0.03543168053742218,-0.012377227022108861,0.1484315768163687,0.002980940583272385
2016-01-19,414457,82838,124204,216108,185704,026603,SOYBEAN MEAL - CHICAGO BOARD OF TRADE,271.29998779296875,-0.07335863551586776,30404,1.2593550159565725,-41366,-0.8624644012667139,0.013961753257742427,0.016982061610687688,-0.012377227022108861,-0.0051603168428917545,0.14368021409641904,-0.004811430191397183
2016-01-26,414945,81545,112003,211024,192227,026603,SOYBEAN MEAL - CHICAGO BOARD OF TRADE,269.8999938964844,-0.045299979515357455,18797,-2.8005317801364193,-30458,2.6318773720796123,0.02878356160307104,0.06971913943827887,-0.0051603168428917545,0.017413902605843967,0.13932065557027148,0.0014928920553836315
2016-02-02,409219,76115,102510,208424,195068,026603,SOYBEAN MEAL - CHICAGO BOARD OF TRADE,274.6000061035156,-0.03263778074820573,13356,-1.3112581185458314,-26395,0.9791659135548084,0.01348477788902878,0.08354373687893632,0.017413902605843967,-0.04187909593732808,0.1352760397582055,0.008788279516698862
2016-02-09,422098,79637,117999,216819,186335,026603,SOYBEAN MEAL - CHICAGO BOARD OF TRADE,263.1000061035156,-0.07222019531009387,30484,4.185533907272145,-38362,-2.9243510198695564,0.04248500572982036,0.09619198931368779,-0.04187909593732808,0.00646135176745033,0.1312850801242757,-0.01055620550026229
2016-02-16,427548,80113,116559,221218,194770,026603,SOYBEAN MEAL - CHICAGO BOARD OF TRADE,264.79998779296875,-0.061859721013780906,26448,-0.9561760539021743,-36446,0.45392302261560113,0.03085185149571622,0.009742108688577937,0.00646135176745033,-0.006042204152926223,0.12697397776991048,-0.0058078726904137986
2016-02-23,413798,70898,117473,222118,182856,026603,SOYBEAN MEAL - CHICAGO BOARD OF TRADE,263.20001220703125,-0.0948820438958139,39262,2.9970903851731268,-46575,-2.3690907219774155,0.03164153748141856,0.05377154657564062,-0.006042204152926223,-0.019376921987009577,0.12140258552959718,-0.0060296533073507545
2016-03-01,393496,70941,120446,210850,165149,026603,SOYBEAN MEAL - CHICAGO BOARD OF TRADE,258.1000061035156,-0.11614095187752861,45701,1.5560732531331711,-49505,-0.7080749544463724,0.07706137516323182,0.015758646094039826,-0.019376921987009577,0.04920566210432242,0.11594758625141996,-0.015326064002826729
2016-03-08,369907,71444,98528,190027,173566,026603,SOYBEAN MEAL - CHICAGO BOARD OF TRADE,270.79998779296875,-0.04450037441843491,16461,-7.430825218045419,-27084,5.697897818529286,0.08041959003611181,0.13190996164074084,0.04920566210432242,-0.009601091961367492,0.11138902375286046,0.007533523550434805
2016-03-15,373582,77422,102207,193546,176035,026603,SOYBEAN MEAL - CHICAGO BOARD OF TRADE,268.20001220703125,-0.046873243357549346,17511,0.2838551311545875,-24785,0.6215075681184731,0.016202131603085656,0.05376080699664308,-0.009601091961367492,0.010439924181686377,0.10788583520730245,0.0035400874902943346
2016-03-22,377306,77875,97941,187501,178969,026603,SOYBEAN MEAL - CHICAGO BOARD OF TRADE,271.0,-0.022612945460713584,8532,-2.403488390768292,-20066,1.2631764913727106,0.024501323437116272,0.026840560586067253,0.010439924181686377,0.008118126225207467,0.10475244687903727,0.0076376518242650595
2016-03-29,372474,76101,85246,181705,186458,026603,SOYBEAN MEAL - CHICAGO BOARD OF TRADE,273.20001220703125,0.01276062221792662,-4753,-3.5210147731549455,-9145,2.894467620446004,0.03608456037135725,0.08967628775248378,0.008118126225207467,-0.01647144875158313,0.10188322266063879,0.014435953544329482
2016-04-05,379901,75994,93809,195517,186599,026603,SOYBEAN MEAL - CHICAGO BOARD OF TRADE,268.70001220703125,-0.023474536787215616,8918,3.670323297733533,-17815,-2.3276792474105577,0.036515089658637694,0.0510591685659264,-0.01647144875158313,0.06103458560265462,0.09914565583750762,-0.0018803894010510681
2016-04-12,374417,78982,80493,178635,191896,026603,SOYBEAN MEAL - CHICAGO BOARD OF TRADE,285.1000061035156,0.03541772943002054,-13261,-5.838099926033361,-1511,4.29164440209423,0.05985733987169765,0.10223546010346449,0.06103458560265462,0.0701508227703731,0.09881039311060033,0.01565708247951467
2016-04-19,372598,86199,60499,175202,218744,026603,SOYBEAN MEAL - CHICAGO BOARD OF TRADE,305.1000061035156,0.11686053065233845,-43542,-8.087506710432486,25700,7.267565308199147,0.07686586486472766,0.18548991806295928,0.0701508227703731,0.059652511718659706,0.0996201816071478,0.03024596556808023
2016-04-26,357327,94022,44943,163570,233357,026603,SOYBEAN MEAL - CHICAGO BOARD OF TRADE,323.29998779296875,0.19530290182381965,-69787,-7.043784454022835,49079,6.274590845898261,0.06612047051472941,0.16823660633972584,0.059652511718659706,0.05010829823292551,0.10114814892569511,0.04266824227714303
2016-05-03,349070,98453,39539,160411,239850,026603,SOYBEAN MEAL - CHICAGO BOARD OF TRADE,339.5,0.22757326610708453,-79439,-2.701167278151385,58914,2.752380872422179,0.024114265441799225,0.0712722476665314,0.05010829823292551,0.06156110131512338,0.1034159023215387,0.0584920479256395
2016-05-10,365161,110200,34650,158695,257945,026603,SOYBEAN MEAL - CHICAGO BOARD OF TRADE,360.3999938964844,0.2717979192739641,-99250,-5.675365972441058,75550,4.765806285272295,0.04754944316436252,0.1148498446668968,0.06156110131512338,0.024139878896696443,0.107375161180258,0.058616190747658115
2016-05-17,376067,114036,30382,161174,270458,026603,SOYBEAN MEAL - CHICAGO BOARD OF TRADE,369.1000061035156,0.29059715423049615,-109284,-2.747829039793406,83654,2.219295050676277,0.03473329132223746,0.0561148887257821,0.024139878896696443,0.053643964956792134,0.11164520236041736,0.04770905382862053
2016-05-24,374204,113838,28826,164941,273097,026603,SOYBEAN MEAL - CHICAGO BOARD OF TRADE,388.8999938964844,0.28902951331359367,-108156,0.2999465520771565,85012,0.3611058667737398,0.014624302001196243,0.012294622329389335,0.053643964956792134,0.019799466001228172,0.11606808484282526,0.04627587346453075
2016-05-31,379701,119118,32279,165921,278085,026603,SOYBEAN MEAL - CHICAGO BOARD OF TRADE,396.6000061035156,0.2954008548831844,-112164,-1.0710735320841038,86839,0.48823636305330775,0.013441259802795457,0.05768278103264926,0.019799466001228172,0.02823999373951036,0.12049475456958594,0.03901502160836042
2016-06-07,381841,118084,30243,163843,277489,026603,SOYBEAN MEAL - CHICAGO BOARD OF TRADE,407.7999877929687,0.2976264989877986,-113646,-0.39030711006818525,87841,0.2638918517465058,0.00605893069163351,0.020697512927518254,0.02823999373951036,0.0019617909134246325,0.12421384282473216,0.030971227501684725
2016-06-14,395471,118666,30773,170233,282920,026603,SOYBEAN MEAL - CHICAGO BOARD OF TRADE,408.6000061035156,0.28494377590265785,-112687,0.25115165736523837,87893,0.013618233767458184,0.026086112196101536,0.007441163284015551,0.0019617909134246325,-0.03744497817425585,0.12690690631353405,0.025581294573819777
2016-06-21,399547,116369,29939,174633,285969,026603,SOYBEAN MEAL - CHICAGO BOARD OF TRADE,393.2999877929687,0.2786555774414524,-111336,0.3416179694592018,86430,-0.36993863013975736,0.016172313624343793,0.021400060147086966,-0.03744497817425585,-0.0022883140717463446,0.12874281126828466,0.0031341515319619835
2016-06-28,381041,114999,21962,169177,281127,026603,SOYBEAN MEAL - CHICAGO BOARD OF TRADE,392.3999938964844,0.2938004046808611,-111950,-0.15367403584559514,93037,1.6536227277391644,0.022868995167708926,0.06824570498171012,-0.0022883140717463446,-0.01783894013476106,0.12996686773313987,-0.0023857204675714686
2016-07-05,377467,113799,21934,169881,278648,026603,SOYBEAN MEAL - CHICAGO BOARD OF TRADE,385.3999938964844,0.28814969255590556,-108767,0.8353431782931495,91865,-0.3075784495631704,0.007096531105012162,0.009047173495023318,-0.01783894013476106,-0.01842243439532254,0.13062226832992657,-0.014000156809749338
2016-07-12,377461,112845,19388,171737,282815,026603,SOYBEAN MEAL - CHICAGO BOARD OF TRADE,378.2999877929687,0.29427675971822254,-111078,-0.6122389506897291,93457,0.42175872327912106,0.013250409194107604,0.026468430724554386,-0.01842243439532254,-0.049167264568130586,0.13081878945042003,-0.019181460288259657
2016-07-19,375040,110336,20246,173920,280054,026603,SOYBEAN MEAL - CHICAGO BOARD OF TRADE,359.70001220703125,0.2829938139931741,-106134,1.309804191691327,90090,-0.8920126847541865,0.01089049152594642,0.0257845644882143,-0.049167264568130586,-0.050875778953307305,0.13036752828636192,-0.022173258080545412
2016-07-26,364289,107505,20639,172840,278214,026603,SOYBEAN MEAL - CHICAGO BOARD OF TRADE,341.3999938964844,0.28925935177839573,-105374,0.20264505119453924,86866,-0.8596416382252561,0.00647372598402852,0.02515919590460732,-0.050875778953307305,-0.03807850097367527,0.13029199102635824,-0.03467023101280129
2016-08-02,359746,105748,22798,176357,272960,026603,SOYBEAN MEAL - CHICAGO BOARD OF TRADE,328.3999938964844,0.26853113029748765,-96603,2.4077037736522375,82950,-1.074970696342739,0.019520739255358688,0.030463802841006332,-0.03807850097367527,0.03288677987597999,0.12951424795148964,-0.03992239378507973
2016-08-09,357482,102357,21379,176697,273850,026603,SOYBEAN MEAL - CHICAGO BOARD OF TRADE,339.20001220703125,0.2717703268975781,-97153,-0.1528856470954507,80978,-0.5481645383131432,0.002730014848617347,0.03887308463179673,0.03288677987597999,-0.007370282753628277,0.12896821292490918,-0.02666095694337675
2016-08-16,359279,103306,24047,174931,270987,026603,SOYBEAN MEAL - CHICAGO BOARD OF TRADE,336.70001220703125,0.267357680242931,-96056,0.3068685975797383,79259,-0.4808633721418141,0.01038083235034244,0.028401372562876413,-0.007370282753628277,-0.01277106669037742,0.12921402763075396,-0.015986552395911343
2016-08-23,365211,108663,26280,172740,271452,026603,SOYBEAN MEAL - CHICAGO BOARD OF TRADE,332.3999938964844,0.2702875871756327,-98712,-0.739258347969127,82383,0.8695192315721209,0.005979396297096751,0.0562459705208866,-0.01277106669037742,-0.055956698089796086,0.12942164099553982,-0.006353407855530688
2016-08-30,350038,106793,29023,168727,255157,026603,SOYBEAN MEAL - CHICAGO BOARD OF TRADE,313.79998779296875,0.24691604911466755,-86430,3.3629874237084865,77770,-1.2631054376784927,0.047909333685630974,0.033965070389350295,-0.055956698089796086,0.01051631115015872,0.12962306468432325,-0.010861591008214187
2016-09-06,359617,100867,36204,178132,253693,026603,SOYBEAN MEAL - CHICAGO BOARD OF TRADE,317.1000061035156,0.21011520589960986,-75561,3.1050914472143023,64663,-3.7444506025060136,0.025169918369709953,0.09562197693166315,0.01051631115015872,-0.021129019483033584,0.12915341815803266,-0.016531326617436087
2016-09-13,366036,99246,35025,182291,257964,026603,SOYBEAN MEAL - CHICAGO BOARD OF TRADE,310.3999938964844,0.2067364958637948,-75673,-0.031144245127455044,64221,-0.12290853880656365,0.01914799377633417,0.02085334882439246,-0.021129019483033584,0.008698493106065186,0.12813439738492954,-0.020034474814565995
2016-09-20,362924,97111,35626,177164,254435,026603,SOYBEAN MEAL - CHICAGO BOARD OF TRADE,313.1000061035156,0.21291234528441216,-77271,-0.4365690806368772,61485,-0.7474674622168311,0.020055653511708786,0.020612188010878656,0.008698493106065186,-0.04407543290173033,0.1279410264703728,-0.014573406430490479
2016-09-27,371239,91319,49471,184976,236088,026603,SOYBEAN MEAL - CHICAGO BOARD OF TRADE,299.29998779296875,0.13767950026802142,-51112,7.207845168685455,41848,-5.410774707652291,0.06212594759941482,0.13947723559911926,-0.04407543290173033,0.01737391386273024,0.12629815424305474,-0.011564018299156587
2016-10-04,364721,91321,47270,176091,232658,026603,SOYBEAN MEAL - CHICAGO BOARD OF TRADE,304.5,0.15509663551043126,-56567,-1.4694038072508546,44051,0.5934182561638189,0.030128514075875416,0.015895693082523397,0.01737391386273024,-0.022660078477781176,0.12492189483638921,-0.009831179419514082
2016-10-11,371311,83835,51318,180443,225392,026603,SOYBEAN MEAL - CHICAGO BOARD OF TRADE,297.6000061035156,0.12105485697972858,-44949,3.1854486031788682,32517,-3.1624172997990243,0.028627397834095136,0.08534031800995909,-0.022660078477781176,0.019489205893871153,0.1224359310289038,-0.010217800483686573
2016-10-18,380612,85792,53756,185355,229352,026603,SOYBEAN MEAL - CHICAGO BOARD OF TRADE,303.3999938964844,0.11559540949838681,-43997,0.2563888492395862,32036,-0.12954100471033717,0.021393417521286113,0.03149453951328575,0.019489205893871153,0.015820759416971475,0.12015791979751453,-0.00749612376933944
2016-10-25,382137,88185,54746,185125,235628,026603,SOYBEAN MEAL - CHICAGO BOARD OF TRADE,308.20001220703125,0.13215940879841523,-50503,-1.7093523062856664,33439,0.3686168591636627,0.015462753682089016,0.02366876324940006,0.015820759416971475,0.004218000459050852,0.11916922841898027,0.007477920701110328
2016-11-01,366377,89689,47598,185477,243492,026603,SOYBEAN MEAL - CHICAGO BOARD OF TRADE,309.5,0.15834782205214848,-58015,-1.9657871391673667,42091,2.264109468593724,0.0191528991605454,0.06302126202772294,0.004218000459050852,0.020032349618840817,0.1193396052719746,0.004208105315152632
2016-11-08,369732,91794,53179,180941,238128,026603,SOYBEAN MEAL - CHICAGO BOARD OF TRADE,315.70001220703125,0.15467149178323758,-57187,0.22599671922637066,38615,-0.9487495121145705,0.023623794649568448,0.05301676863967773,0.020032349618840817,-0.017738377849169096,0.12010526307185257,0.014780309926957136
2016-11-15,380317,91782,57671,190105,236975,026603,SOYBEAN MEAL - CHICAGO BOARD OF TRADE,310.1000061035156,0.12323929774372432,-46870,2.790399532634449,34111,-1.2181796544524142,0.024157066591739253,0.030136564672505736,-0.017738377849169096,0.047726499521668186,0.12095322968194909,0.0055676547167348685
2016-11-22,378007,98349,56279,183948,243144,026603,SOYBEAN MEAL - CHICAGO BOARD OF TRADE,324.8999938964844,0.15660027459808945,-59196,-3.240980550435558,42070,2.09272790856049,0.02886029239601772,0.051471919704063944,0.047726499521668186,-0.009849128191958822,0.12368600428617765,0.013468508995945398
2016-11-29,367705,99668,56101,178706,240410,026603,SOYBEAN MEAL - CHICAGO BOARD OF TRADE,321.70001220703125,0.1678084333908976,-61704,-0.6634797768295296,43567,0.39602441224633406,0.01903053092699873,0.009610384607977198,-0.009849128191958822,-0.004662729073925731,0.12657188425357535,0.009992741612081723
2016-12-06,358330,97594,48996,174237,242511,026603,SOYBEAN MEAL - CHICAGO BOARD OF TRADE,320.20001220703125,0.19053386543130635,-68274,-1.7867584068750764,48598,1.3682163691002298,0.015764922687091478,0.06261682242990654,-0.004662729073925731,-0.020924459561541875,0.13018642038755462,0.003861600515771671
2016-12-13,356626,93563,53181,171161,229900,026603,SOYBEAN MEAL - CHICAGO BOARD OF TRADE,313.5,0.16470756478776086,-58739,2.6609549856277734,40382,-2.29285853821896,0.039113750776066485,0.05598866052445074,-0.020924459561541875,-0.014992064456240017,0.13365274010380362,0.0030678350517031106
2016-12-20,354704,91691,54407,174879,224303,026603,SOYBEAN MEAL - CHICAGO BOARD OF TRADE,308.79998779296875,0.13933871622535973,-49424,2.6119800575392706,37284,-0.8686971785568074,0.02333522052597562,0.021204944626209806,-0.014992064456240017,0.02914507887232798,0.13659984510244452,-0.01268723904598074
2016-12-27,338439,92447,51466,166228,221544,026603,SOYBEAN MEAL - CHICAGO BOARD OF TRADE,317.79998779296875,0.16344452028282794,-55316,-1.6611033425053001,40981,1.0422775046235735,0.02942450718463427,0.025689131628136443,0.02914507887232798,-0.029893015622734387,0.14065374850471676,-0.0028626369931813544
2017-01-03,326477,91996,53973,157429,208476,026603,SOYBEAN MEAL - CHICAGO BOARD OF TRADE,308.29998779296875,0.1563571093828968,-51047,1.261379450949802,38023,-0.8740127467579091,0.05976141348164141,0.020264576725195077,-0.029893015622734387,0.016542349352736352,0.14499732930714743,-0.009208382508893182
2017-01-10,336636,94494,49330,164694,222123,026603,SOYBEAN MEAL - CHICAGO BOARD OF TRADE,313.3999938964844,0.17059672762271416,-57429,-1.9548084551132237,45164,2.187290375738567,0.054061739789099235,0.04965096228723996,0.016542349352736352,0.11295467321603381,0.14947008488889219,0.00020056692163268359
2017-01-17,352383,111568,34599,158889,257408,026603,SOYBEAN MEAL - CHICAGO BOARD OF TRADE,348.79998779296875,0.2795793213634029,-98519,-12.206062334390854,76969,9.447890302879074,0.0987035698071329,0.21759357447303426,0.11295467321603381,-0.0166284059516979,0.15625735329041662,0.031680115184446224
2017-01-24,378588,126642,29767,159902,277557,026603,SOYBEAN MEAL - CHICAGO BOARD OF TRADE,343.0,0.31077318879626403,-117655,-5.430454931140265,96875,5.64896717492047,0.04837481912590666,0.12726889117633897,-0.0166284059516979,-0.024489778123861106,0.16310491421948628,0.020531675445183795
2017-01-31,380857,127285,32725,158747,272738,026603,SOYBEAN MEAL - CHICAGO BOARD OF TRADE,334.6000061035156,0.29930131256613374,-113991,0.9678066922353589,94560,-0.6114826671738143,0.013845208987566195,0.022504843447284546,-0.024489778123861106,0.003885199549478191,0.16948835832168513,0.02185415835212191
2017-02-07,381615,126531,36307,161336,270672,026603,SOYBEAN MEAL - CHICAGO BOARD OF TRADE,335.8999938964844,0.2865086540099315,-109336,1.222243519221125,90224,-1.1384850481939415,0.010775263421047758,0.026627691325120672,0.003885199549478191,0.010717493804495382,0.17638699003937794,0.01875347141131956
2017-02-14,389067,131771,35668,162659,276237,026603,SOYBEAN MEAL - CHICAGO BOARD OF TRADE,339.5,0.2919240130877201,-113578,-1.1115915254903501,96103,1.5405578921164,0.015693922933906895,0.03511129426238809,0.010717493804495382,-0.006185584988263937,0.1831905233874837,-0.006650941237404723
2017-02-21,389728,133580,29894,162948,281835,026603,SOYBEAN MEAL - CHICAGO BOARD OF TRADE,337.3999938964844,0.305051215206503,-118887,-1.3645464662898679,103686,1.9490216338060025,0.013235667730106591,0.04638658135238631,-0.006185584988263937,-0.014226401540604061,0.19088154760098983,-0.004026261965039395
2017-02-28,370403,129087,29707,158591,270725,026603,SOYBEAN MEAL - CHICAGO BOARD OF TRADE,332.6000061035156,0.302735129035132,-112134,1.7327469414566057,99380,-1.1048731422941127,0.036027075627276875,0.029472146302757032,-0.014226401540604061,-0.017137739333826785,0.1989368568493102,-0.0014533789374127342
2017-03-07,363324,124110,31461,156844,261971,026603,SOYBEAN MEAL - CHICAGO BOARD OF TRADE,326.8999938964844,0.28934779975999386,-105127,1.8917233391738189,92649,-1.8172099038074745,0.025073122977925813,0.04326641854844412,-0.017137739333826785,-0.011012560938302163,0.20535701404504922,-0.006730658161143738
2017-03-14,356730,122437,32903,158345,258460,026603,SOYBEAN MEAL - CHICAGO BOARD OF TRADE,323.29998779296875,0.28064642726992406,-100115,1.3794849775957547,89534,-0.8573614735057414,0.012024807763822412,0.020052787434015708,-0.011012560938302163,0.007732756246192407,0.2116554692494237,-0.01221487040572848
2017-03-21,368566,125522,37125,160236,258540,026603,SOYBEAN MEAL - CHICAGO BOARD OF TRADE,325.79998779296875,0.26672020750693226,-98304,0.5076668628935049,88397,-0.3187284500883021,0.00470657344260416,0.044925513535447936,0.007732756246192407,-0.032228362165170776,0.21721956834495534,-0.008698710712098838
2017-03-28,371284,107802,48596,171947,237482,026603,SOYBEAN MEAL - CHICAGO BOARD OF TRADE,315.29998779296875,0.17650908738324303,-65535,8.890944905390079,59206,-7.920155413141744,0.0800358548124339,0.18664560927889104,-0.032228362165170776,-0.022835337672707956,0.2203685772904422,-0.013248856325021334
2017-04-04,380711,110058,58212,177209,232616,026603,SOYBEAN MEAL - CHICAGO BOARD OF TRADE,308.1000061035156,0.1455355899882063,-55407,2.7278309865224464,51846,-1.9823100375992502,0.02471298725065577,0.07055327747073156,-0.022835337672707956,0.0038947798301891545,0.2236187720361234,-0.014693295843773959
2017-04-11,389159,113955,67397,182621,230818,026603,SOYBEAN MEAL - CHICAGO BOARD OF TRADE,309.29998779296875,0.123849120796384,-48197,1.893824974849689,46558,-1.3889800925111173,0.017439090168078,0.07213595659270369,0.0038947798301891545,0.009376089649261843,0.22531937571624577,-0.010918430660381074
2017-04-18,378460,108124,69259,180422,222829,026603,SOYBEAN MEAL - CHICAGO BOARD OF TRADE,312.20001220703125,0.11205147175395022,-42407,1.4878237429945087,38865,-1.9768269524795778,0.025264661463951732,0.04336943224548012,0.009376089649261843,0.004163958174693061,0.22522689381435368,-0.010503173307903572
2017-04-25,361039,100710,68411,173604,211658,026603,SOYBEAN MEAL - CHICAGO BOARD OF TRADE,313.5,0.10540135553222782,-38054,1.1501876023886277,32299,-1.7349257517306982,0.04669289989669368,0.04885259666156184,0.004163958174693061,-0.00861247912928631,0.22349801792413077,-0.0013510397479694117
2017-05-02,366491,98249,73835,179883,208902,026603,SOYBEAN MEAL - CHICAGO BOARD OF TRADE,310.79998779296875,0.07918066200807114,-29019,2.5024997299460723,24414,-2.1839745844631744,0.023239065293156887,0.045820645731154554,-0.00861247912928631,0.010939589921500792,0.22064431399914974,0.0022031583944557196
2017-05-09,364818,101962,70211,176265,213223,026603,SOYBEAN MEAL - CHICAGO BOARD OF TRADE,314.20001220703125,0.10130530840035305,-36958,-2.1662196343157127,31751,2.0019591204149623,0.020383169699708336,0.0426141148728314,0.010939589921500792,0.008911482126626291,0.21736560994388798,0.003958942688624808
2017-05-16,369607,100591,79841,176923,203864,026603,SOYBEAN MEAL - CHICAGO BOARD OF TRADE,317.0,0.07289093550717383,-26941,2.7457526766771374,20750,-3.015476210055425,0.026306045111834174,0.06097033785581272,0.008911482126626291,-0.033753981725650584,0.21317895189151642,0.003843243044621481
2017-05-23,395856,97003,96635,193974,195737,026603,SOYBEAN MEAL - CHICAGO BOARD OF TRADE,306.29998779296875,0.004453639707368336,-1763,6.812100420176025,368,-5.514505948209855,0.06460684969118141,0.10525826542310911,-0.033753981725650584,-0.028403467307133945,0.20770633893755056,-0.005644748862198661
2017-05-30,409853,96017,105621,208299,197652,026603,SOYBEAN MEAL - CHICAGO BOARD OF TRADE,297.6000061035156,-0.025977606605295068,10647,3.134978375975102,-9604,-2.5190978537650057,0.040004828168916935,0.04945496384610044,-0.028403467307133945,0.011760752446969391,0.20152598390892593,-0.010632923955467694
2017-06-06,413898,95962,106380,203522,195896,026603,SOYBEAN MEAL - CHICAGO BOARD OF TRADE,301.1000061035156,-0.01842482930577099,7626,-0.737093543294791,-10418,-0.1986077935259715,0.01635629841419265,0.0040228919354360435,0.011760752446969391,0.0013284420072274816,0.1954480737494342,-0.010425460360263053
2017-06-13,409166,98541,103386,197170,195144,026603,SOYBEAN MEAL - CHICAGO BOARD OF TRADE,301.5,-0.004951535562583402,2026,-1.3529903502795375,-4845,1.3464670039478326,0.018107944146780384,0.027599082836866788,0.0013284420072274816,-0.001990069995076671,0.18987316391356418,-0.012342925106519619
2017-06-20,400369,96955,103112,195376,195143,026603,SOYBEAN MEAL - CHICAGO BOARD OF TRADE,300.8999938964844,-0.0005819631390042686,233,-0.43820845329279556,-6157,-0.32065225360855987,0.00459644729193714,0.00929688554334298,-0.001990069995076671,-0.02293118656179871,0.18450321121009386,-0.004335470296254409
2017-06-27,383749,86120,114265,192059,166655,026603,SOYBEAN MEAL - CHICAGO BOARD OF TRADE,294.0,-0.06619952104109718,25404,6.286950288358989,-28145,-5.491933691169896,0.08866394955312588,0.10972877211368116,-0.02293118656179871,0.14557818977200254,0.17758013571544082,-0.0029623991001832563
2017-07-11,352336,83884,76139,177790,194402,026603,SOYBEAN MEAL - CHICAGO BOARD OF TRADE,336.79998779296875,0.04714817674038418,-16612,-10.948823319409302,7745,9.352467367993142,0.11288797179950133,0.25222624247764386,0.14557818977200254,-0.039489276350996416,0.17294549118052696,0.03004057336109154
2017-07-18,355774,83929,68663,179531,201327,026603,SOYBEAN MEAL - CHICAGO BOARD OF TRADE,323.5,0.061263611168888114,-21796,-1.4713228282094366,15266,2.134610144861723,0.022753887275572524,0.04928829820698333,-0.039489276350996416,-0.016074226296850846,0.16846446909303975,0.020088776759391937
2017-07-25,349698,83508,67307,180059,202974,026603,SOYBEAN MEAL - CHICAGO BOARD OF TRADE,318.29998779296875,0.06552796984826907,-22915,-0.3145255133877124,16201,0.2628072877725747,0.005678361916597264,0.011782647614627191,-0.016074226296850846,-0.0314169034982944,0.16428243362871464,0.016631796836714646
2017-08-01,346002,80922,65238,180665,199076,026603,SOYBEAN MEAL - CHICAGO BOARD OF TRADE,308.29998779296875,0.05321067508280299,-18411,1.2879684756561376,15684,-0.14784185211239415,0.01186071559299628,0.031848659003831416,-0.0314169034982944,-0.001621797015236237,0.15974303599995326,0.014543179347423246
2017-08-08,352317,76283,65453,196091,210529,026603,SOYBEAN MEAL - CHICAGO BOARD OF TRADE,307.79998779296875,0.040980140044335076,-14438,1.1482592586170022,10830,-1.4028820642655244,0.0661034872854262,0.034246768640288985,-0.001621797015236237,-0.038986356321987214,0.15536705541816184,-0.022399558210339555
2017-08-15,367467,77702,76717,203594,210270,026603,SOYBEAN MEAL - CHICAGO BOARD OF TRADE,295.79998779296875,0.01816761777248025,-6676,2.2031295679742957,985,-2.7943584896556226,0.018754953317998185,0.08213367526016876,-0.038986356321987214,-0.0016903313746921,0.1504900802426792,-0.022270988393191287
2017-08-22,386366,77174,86272,206205,204745,026603,SOYBEAN MEAL - CHICAGO BOARD OF TRADE,295.29998779296875,-0.003778800412044538,1460,2.214076366041032,-9098,-2.7439198621917074,0.019798028957294076,0.061690099482397856,-0.0016903313746921,-0.002370408799149293,0.14527591715316046,-0.01860077380511372
2017-08-29,389025,76863,85759,205433,204568,026603,SOYBEAN MEAL - CHICAGO BOARD OF TRADE,294.6000061035156,-0.0022235074866653816,865,-0.15399905788811646,-8896,0.05228203309815046,0.0023146285009060952,0.005066965109271808,-0.002370408799149293,0.027834288932675255,0.14003531917888548,-0.011230044949616828
2017-09-05,390740,76153,85022,205717,207451,026603,SOYBEAN MEAL - CHICAGO BOARD OF TRADE,302.79998779296875,0.0044377335312484004,-1734,-0.6680804575541418,-8869,0.006940427993059571,0.00766516283932928,0.00897781914068559,0.027834288932675255,-0.025429266842367793,0.1353722746484351,-0.0038104524525042582
2017-09-12,390515,77556,82855,207616,212591,026603,SOYBEAN MEAL - CHICAGO BOARD OF TRADE,295.1000061035156,0.01273958746783094,-4975,-0.8294518093873163,-5299,0.9136510211393766,0.016751267827523102,0.022255331616909065,-0.025429266842367793,0.03354792847076937,0.13157658967859323,-0.0004140152133555238
2017-09-19,382400,79608,70520,201346,221786,026603,SOYBEAN MEAL - CHICAGO BOARD OF TRADE,305.0,0.05345188284518829,-20440,-3.960155179698603,9088,3.6841094452197733,0.03654887836419841,0.09583155707129916,0.03354792847076937,0.012458976370389285,0.12862880865900464,0.008360588119644928
2017-09-26,371740,83265,61762,194195,226587,026603,SOYBEAN MEAL - CHICAGO BOARD OF TRADE,308.79998779296875,0.08713617044170657,-32392,-3.1255230125523012,21503,3.2466004184100417,0.02840425683608139,0.0856047494604453,0.012458976370389285,-0.004857513145387959,0.12621003606587566,0.012030326293614021
2017-10-03,365972,83627,58772,185707,222400,026603,SOYBEAN MEAL - CHICAGO BOARD OF TRADE,307.29998779296875,0.10026176865989748,-36693,-1.1569914456340453,24855,0.9017054930865659,0.031058031349621547,0.023539491148111994,-0.004857513145387959,0.01692161540382009,0.12549046430418098,0.00392232881453168
2017-10-10,362871,84875,51191,174250,220995,026603,SOYBEAN MEAL - CHICAGO BOARD OF TRADE,312.5,0.12881988365011257,-46745,-2.7466582142896176,33684,2.4124796432513964,0.03254184113651026,0.06488762806285185,0.01692161540382009,0.029120019531249985,0.124985142153021,0.014413378183770668
2017-10-17,381697,88572,44956,181940,240323,026603,SOYBEAN MEAL - CHICAGO BOARD OF TRADE,321.6000061035156,0.1529564025915844,-58383,-3.2072003549470747,43616,2.7370608287793736,0.06398382050996654,0.07438140315139896,0.029120019531249985,-0.023009930833466696,0.12559863341478744,0.013321646073428402
2017-10-24,391895,91348,47230,191189,244704,026603,SOYBEAN MEAL - CHICAGO BOARD OF TRADE,314.20001220703125,0.1365544342234527,-53515,1.2753571550208673,44118,0.13151793176262846,0.03126914173891299,0.03644157081210582,-0.023009930833466696,-0.007638524254674706,0.1260016915825772,0.004533256985272307
2017-10-31,391864,87569,49765,198198,244743,026603,SOYBEAN MEAL - CHICAGO BOARD OF TRADE,311.79998779296875,0.11877845374925995,-46545,1.7785376184947501,37804,-1.6111458426364202,0.015911825728483025,0.04597550497327683,-0.007638524254674706,0.011866620756534552,0.12574436552393958,0.0038409092169614414
2017-11-07,390046,87376,48651,199203,246397,026603,SOYBEAN MEAL - CHICAGO BOARD OF TRADE,315.5,0.12099598508893823,-47194,-0.165618684033236,38725,0.23503052079292813,0.005967235188509874,0.009608386570313246,0.011866620756534552,-0.016481813651446076,0.12502606096695476,0.002581212103809758
2017-11-14,401742,93654,51724,208379,257910,026603,SOYBEAN MEAL - CHICAGO BOARD OF TRADE,310.29998779296875,0.12329056956952472,-49531,-0.5991600990652385,41930,0.8216979535747065,0.04436947901408783,0.06432197443904855,-0.016481813651446076,0.02578150278670832,0.12442258169361413,-0.008855002060550168
2017-11-21,405729,94376,45433,209487,269924,026603,SOYBEAN MEAL - CHICAGO BOARD OF TRADE,318.29998779296875,0.1489590342322092,-60437,-2.7146775791428333,48943,1.745647704248,0.02737108660418722,0.05016129147622828,0.02578150278670832,0.01633682816982529,0.1249171920107004,0.0033762404896467697
2017-11-28,413121,110625,39370,199199,282790,026603,SOYBEAN MEAL - CHICAGO BOARD OF TRADE,323.5,0.2023402344591536,-83591,-5.7067648602885175,71255,5.49923717555314,0.04803844071130254,0.14875162505416847,0.01633682816982529,0.055023146191557126,0.12579680662341317,0.009332104657466912
2017-12-05,438273,132696,33347,195344,311822,026603,SOYBEAN MEAL - CHICAGO BOARD OF TRADE,341.29998779296875,0.26576585826642296,-116478,-7.960621706473406,99349,6.800428930022923,0.06484464652598952,0.169197135681721,0.055023146191557126,-0.05391149884144075,0.1276806032556348,0.019964296456586567
2017-12-12,415878,129765,31305,188142,305648,026603,SOYBEAN MEAL - CHICAGO BOARD OF TRADE,322.8999938964844,0.28254920914306597,-117506,-0.23455699986081735,98460,-0.2028416078562905,0.027088438404989975,0.030874774942571553,-0.05391149884144075,-0.023846335816040898,0.12945012909624556,0.010749511004476695
2017-12-19,403020,114288,34932,195282,290078,026603,SOYBEAN MEAL - CHICAGO BOARD OF TRADE,315.20001220703125,0.23521413329363308,-94796,5.460736081254599,79356,-4.593654869937818,0.046790011537827594,0.12802573381584237,-0.023846335816040898,0.0,0.13080602464443541,-0.0016007455838889526
2017-12-26,393914,108913,44507,192829,270256,026603,SOYBEAN MEAL - CHICAGO BOARD OF TRADE,315.20001220703125,0.19655813197804597,-77427,4.309711676839859,64406,-3.709493325393281,0.04810132049191833,0.09744492243514535,0.0,,0.13190639802429477,-0.005699885644951272
