,Open_Interest_All,NonComm_Positions_Long_All,NonComm_Positions_Short_All,Comm_Positions_Long_All,Comm_Positions_Short_All,CFTC_Contract_Market_Code,Market_and_Exchange_Names,ZO_Close,HP,NetLong_Comm,Q_Comm,NetLong_NonComm,Q_NonComm,PT_Comm,PT_NonComm,Ret,Ret_Lead,HP_Smooth_52w,Basis
2015-01-06,7731,2374,1213,3119,4961,004603,OATS - CHICAGO BOARD OF TRADE,304.5,0.23826154443150951,-1842,,1161,,,,,-0.036945812807881784,,
2015-01-13,7646,2175,1394,3062,4272,004603,OATS - CHICAGO BOARD OF TRADE,293.25,0.1582526811404656,-1210,8.174880351830293,781,-4.91527616091062,0.10171802563403327,0.10647240123283833,-0.036945812807881784,-0.010230179028132946,,
2015-01-20,7757,2038,1374,3775,4333,004603,OATS - CHICAGO BOARD OF TRADE,290.25,0.07193502642774269,-558,8.527334554015171,664,-1.5302118754904526,0.0954612728169709,0.046014067995310666,-0.010230179028132946,-0.003445305770887197,,-0.02387064631318586
2015-01-27,7551,2004,987,3289,4079,004603,OATS - CHICAGO BOARD OF TRADE,289.25,0.10462190438352537,-790,-2.9908469769240686,1017,4.550728374371536,0.1004343105320304,0.14075560013373453,-0.003445305770887197,-0.03197925669835777,,-0.017017749855918377
2015-02-03,8231,2080,1410,3962,4494,004603,OATS - CHICAGO BOARD OF TRADE,280.0,0.06463370185882639,-532,3.4167659912594357,670,-4.595417825453582,0.12866603595080417,0.14297994269340975,-0.03197925669835777,-0.017857142857142905,,-0.02086633417964875
2015-02-10,8367,2123,1615,4210,4422,004603,OATS - CHICAGO BOARD OF TRADE,275.0,0.025337635950758934,-212,3.8877414651925646,508,-1.968169116753736,0.03707136237256719,0.06634563937934725,-0.017857142857142905,0.01090909090909098,,-0.016005376497564307
2015-02-17,9448,1990,1805,5185,5294,004603,OATS - CHICAGO BOARD OF TRADE,278.0,0.01153683319220999,-109,1.2310266523246085,185,-3.8604039679694035,0.17625727645767725,0.08511198945981555,0.01090909090909098,-0.01258992805755399,,-0.010649660467497673
2015-02-24,9362,1525,2072,5386,4682,004603,OATS - CHICAGO BOARD OF TRADE,274.5,-0.07519760734885708,704,8.604995766299746,-547,-7.7476714648602885,0.08075089392133493,0.20350291909924936,-0.01258992805755399,0.06648451730418947,,-0.01296296655418207
2015-03-03,8529,1741,2121,4584,4155,004603,OATS - CHICAGO BOARD OF TRADE,292.75,-0.050298979950756245,429,-2.9374065370647298,-380,1.7838068788720358,0.15207689667009955,0.06861729673744174,0.06648451730418947,-0.013663535439795038,,0.011668294234042302
2015-03-10,8938,2135,2461,4621,4461,004603,OATS - CHICAGO BOARD OF TRADE,288.75,-0.017901096442157084,160,-3.153945362879587,-326,0.6331340133661625,0.03776701167143801,0.15970409051349,-0.013663535439795038,-0.061471861471861455,,0.012703997593832015
2015-03-17,9106,2173,2480,4836,4467,004603,OATS - CHICAGO BOARD OF TRADE,271.0,-0.04052273226444103,369,2.338330722756769,-307,0.21257552025061532,0.023755777706116307,0.012250161186331399,-0.061471861471861455,0.040590405904058935,,-0.0053243511508748375
2015-03-24,9251,2187,2340,4982,4818,004603,OATS - CHICAGO BOARD OF TRADE,282.0,-0.01772781320938277,164,-2.251262903580057,-153,1.6911926202503844,0.05071428571428571,0.034018113540976364,0.040590405904058935,-0.061170212765957466,,0.00795317109835383
2015-03-31,9466,2190,1813,4435,4904,004603,OATS - CHICAGO BOARD OF TRADE,264.75,0.049545742657933656,-469,-6.842503513133716,377,5.7291103664468706,0.06778027626084163,0.13240069947539346,-0.061170212765957466,0.031161473087818692,,-0.02421974537667044
2015-04-07,8908,1927,1136,4034,4907,004603,OATS - CHICAGO BOARD OF TRADE,273.0,0.09800179613830265,-873,-4.267906190576801,791,4.373547432917811,0.045185102337546135,0.30688867123734903,0.031161473087818692,-0.03388278388278387,,-0.012804173490615635
2015-04-14,8859,1871,1155,4293,4855,004603,OATS - CHICAGO BOARD OF TRADE,263.75,0.06343831132181962,-562,3.491243825774585,716,-0.8419398293668612,0.0339965019676432,0.02478519497686715,-0.03388278388278387,-0.01611374407582944,,-0.005842312535012669
2015-04-21,9092,1779,1178,4878,5373,004603,OATS - CHICAGO BOARD OF TRADE,259.5,0.05444346678398592,-495,0.7562930353313015,601,-1.2981149113895474,0.1075992586089162,0.038890767669935745,-0.01611374407582944,-0.09248554913294793,,-0.020204051103308092
2015-04-28,7434,686,1069,4635,3960,004603,OATS - CHICAGO BOARD OF TRADE,235.5,-0.09079903147699758,675,12.868455785305763,-383,-10.822701275846898,0.19267015706806281,0.6849002849002849,-0.09248554913294793,-0.035031847133757954,,-0.028224748018677786
2015-05-05,7842,1201,1116,4566,4372,004603,OATS - CHICAGO BOARD OF TRADE,227.25,-0.024738587095128793,194,-6.470271724509012,85,6.2953995157385,0.053815171179234726,0.24255502805351747,-0.035031847133757954,0.05610561056105601,,-0.0453933450066403
2015-05-12,7893,1161,1233,5075,4567,004603,OATS - CHICAGO BOARD OF TRADE,240.0,-0.06436082604839731,508,4.004080591685795,-72,-2.0020402958428973,0.07301389753163244,0.06558061821219716,0.05610561056105601,0.03333333333333344,,-0.02212433045867283
2015-05-19,8625,1664,1150,5325,5620,004603,OATS - CHICAGO BOARD OF TRADE,248.0,0.034202898550724635,-295,-10.17357151906753,514,7.424300012669454,0.11904979442667885,0.2082444918265814,0.03333333333333344,-0.03830645161290325,,-0.009565214244099968
2015-05-26,8894,1722,1216,5561,5770,004603,OATS - CHICAGO BOARD OF TRADE,238.5,0.023498988081852936,-209,0.9971014492753623,506,-0.0927536231884058,0.03406583708410555,0.04220558202859088,-0.03830645161290325,0.05974842767295607,,0.004017081998275701
2015-06-02,8771,1488,1197,5209,5415,004603,OATS - CHICAGO BOARD OF TRADE,252.75,0.023486489567894196,-206,0.033730604902181244,291,-2.417360017989656,0.06654743975903614,0.09422718808193668,0.05974842767295607,0.016815034619188873,,0.02734298017696502
2015-06-09,8847,1401,1135,5579,5838,004603,OATS - CHICAGO BOARD OF TRADE,257.0,0.029275460608115745,-259,-0.6042640519895109,266,-0.28503021320259947,0.06945782604887449,0.05875394321766562,0.016815034619188873,-0.017509727626459193,,0.017739309927165433
2015-06-16,8743,1358,1091,5313,5601,004603,OATS - CHICAGO BOARD OF TRADE,252.5,0.03294063822486561,-288,-0.3277947326777439,267,0.011303266644060134,0.046087593916071104,0.035524703960800326,-0.017509727626459193,0.006930693069306937,,0.0051734155420532545
2015-06-23,8654,1269,1294,5530,5542,004603,OATS - CHICAGO BOARD OF TRADE,254.25,0.0013866420152530623,-12,3.1568111632162874,-25,-3.339814708909985,0.024927745664739886,0.11392898946547016,0.006930693069306937,-0.003933136676499527,,0.016361524205588573
2015-06-30,7213,753,1540,4673,4005,004603,OATS - CHICAGO BOARD OF TRADE,253.25,-0.09261056425897685,668,7.857638086434019,-787,-8.805176796856944,0.2758700161327495,0.332315743567379,-0.003933136676499527,-0.007897334649555776,0.02348625089387276,0.0005755501855958058
2015-07-07,7443,1062,1631,4720,4149,004603,OATS - CHICAGO BOARD OF TRADE,251.25,-0.07671637780464867,571,-1.344794121724664,-569,3.022320809649244,0.02153568609764348,0.14853323431117713,-0.007897334649555776,-0.042786069651741254,0.01977504242355715,-0.0056181286424755745
2015-07-14,7745,1029,1883,4908,4049,004603,OATS - CHICAGO BOARD OF TRADE,240.5,-0.11091026468689477,859,3.869407496977025,-854,-3.829101168883515,0.03215362286479848,0.09787087912087912,-0.042786069651741254,-0.0020790020790020236,0.015107710026755298,-0.011993092467595492
2015-07-21,8240,1018,2194,5299,3948,004603,OATS - CHICAGO BOARD OF TRADE,240.0,-0.16395631067961164,1351,6.3524854744996775,-1176,-4.157520981278244,0.05320644533362172,0.10024906600249066,-0.0020790020790020236,-0.039583333333333304,0.008933088623087471,-0.014275294662251222
2015-07-28,8503,1057,2350,5520,3988,004603,OATS - CHICAGO BOARD OF TRADE,230.5,-0.18017170410443373,1532,2.1966019417475726,-1293,-1.4199029126213591,0.027450567942785022,0.057235104197240975,-0.039583333333333304,0.022776572668112838,0.002629595532170098,-0.023357100585281766
2015-08-04,8028,1122,2596,5095,3490,004603,OATS - CHICAGO BOARD OF TRADE,235.75,-0.19992526158445442,1605,0.8585205221686463,-1474,-2.1286604727743152,0.10751310425160163,0.08364712210866057,0.022776572668112838,-0.038176033934252396,-0.0039044321167532735,-0.015538050803640763
2015-08-11,8618,1210,2684,5365,3842,004603,OATS - CHICAGO BOARD OF TRADE,226.75,-0.1767231376189371,1523,-1.0214250124564026,-1474,0.0,0.06755729336374498,0.04519774011299435,-0.038176033934252396,-0.007717750826901848,-0.009305016663696517,-0.014368178849998805
2015-08-18,8808,1286,2765,5388,3834,004603,OATS - CHICAGO BOARD OF TRADE,225.0,-0.17643051771117166,1554,0.3597122302158274,-1479,-0.058018101647714086,0.0033615267837779224,0.03875586274993829,-0.007717750826901848,-0.054444444444444406,-0.01436942578634728,-0.015799290437003975
2015-08-25,7940,1123,2631,4537,3009,004603,OATS - CHICAGO BOARD OF TRADE,212.75,-0.1924433249370277,1528,-0.29518619436875565,-1508,-0.3292461398728429,0.22210442618605883,0.07911561001598295,-0.054444444444444406,0.05287896592244423,-0.019606893408426113,-0.01958087430225131
2015-09-01,8454,1303,2620,4667,3328,004603,OATS - CHICAGO BOARD OF TRADE,224.0,-0.1583865625739295,1339,-2.380352644836272,-1317,2.4055415617128464,0.05616010006253909,0.04868722916135611,0.05287896592244423,0.04241071428571419,-0.023572026813154786,-0.011935764501785982
2015-09-08,8883,1436,2729,4755,3488,004603,OATS - CHICAGO BOARD OF TRADE,233.5,-0.1426319936958235,1267,-0.8516678495386799,-1293,0.28388928317955997,0.030086133689190827,0.05810324129651861,0.04241071428571419,0.009635974304068595,-0.026879248115451136,0.00824776471974772
2015-09-15,9140,1957,2627,4429,3904,004603,OATS - CHICAGO BOARD OF TRADE,235.75,-0.057439824945295405,525,-8.353033884948777,-670,7.0133963750985036,0.0890435617424697,0.13590750436300175,0.009635974304068595,-0.03923647932131491,-0.02770520965139287,0.012541330241027751
2015-09-22,8995,2118,2563,4302,3820,004603,OATS - CHICAGO BOARD OF TRADE,226.5,-0.05358532518065592,482,-0.4704595185995623,-445,2.461706783369803,0.02597882295001231,0.04806665242469558,-0.03923647932131491,0.0,-0.028386265323215584,0.016288906302158762
2015-09-29,8919,2217,2571,4173,3834,004603,OATS - CHICAGO BOARD OF TRADE,226.5,-0.03800874537504204,339,-1.5897720956086714,-354,1.0116731517509727,0.01785937304858249,0.02234753550543024,0.0,-0.0331125827814569,-0.028632995580954727,0.003197435069037231
2015-10-06,9866,3128,2967,4240,4545,004603,OATS - CHICAGO BOARD OF TRADE,219.0,0.0309142509629029,-305,-7.220540419329521,161,5.774189931606682,0.08856004553215709,0.21443806398687448,-0.0331125827814569,0.05936073059360725,-0.027144314417358283,-0.015802475968724403
2015-10-13,10066,3280,2997,4608,5090,004603,OATS - CHICAGO BOARD OF TRADE,232.0,0.047883965825551364,-482,-1.794040137847152,283,1.236570038516116,0.09414312229325635,0.028994742711486377,0.05936073059360725,-0.03125,-0.025314356362653168,-0.003252366090684998
2015-10-20,10362,3333,2971,4758,5315,004603,OATS - CHICAGO BOARD OF TRADE,224.75,0.05375410152480216,-557,-0.7450824557917743,362,0.7848201867673356,0.03722823389258414,0.012531725888324872,-0.03125,0.011123470522803158,-0.02343177403199947,-0.0012512455282556367
2015-10-27,10652,3287,3020,4886,5468,004603,OATS - CHICAGO BOARD OF TRADE,227.25,0.05463762673676305,-582,-0.24126616483304383,267,-0.9168114263655665,0.02713926984740197,0.015062628825114952,0.011123470522803158,-0.00990099009900991,-0.02161620657226081,0.0015292347080799716
2015-11-03,11301,3370,3132,5131,5782,004603,OATS - CHICAGO BOARD OF TRADE,225.0,0.057605521635253516,-651,-0.6477656778069847,238,-0.27224934284641383,0.05122331164665995,0.029990772070132267,-0.00990099009900991,0.006666666666666599,-0.019815712749362755,0.007306544826067789
2015-11-10,12009,3500,3196,5442,6025,004603,OATS - CHICAGO BOARD OF TRADE,226.5,0.0485469231409776,-583,0.6017166622422795,304,0.5840191133528007,0.048312549053806574,0.02897252090800478,0.006666666666666599,0.04966887417218535,-0.018296543062910748,-0.005857333964368843
2015-11-17,10916,3287,2925,4987,5896,004603,OATS - CHICAGO BOARD OF TRADE,237.75,0.0832722609014291,-909,-2.714630693646432,362,0.48297110500457985,0.05366167417072498,0.07791371538956858,0.04966887417218535,0.04942166140904303,-0.0160885255854251,0.014286958941137384
2015-11-24,9140,3055,2739,3441,4469,004603,OATS - CHICAGO BOARD OF TRADE,249.5,0.112472647702407,-1028,-1.0901429094906558,316,-0.4213997801392451,0.3758533501896334,0.072143596824301,0.04942166140904303,0.03206412825651306,-0.013353181472918033,0.023681421545301496
2015-12-01,8706,2894,2249,3242,4593,004603,OATS - CHICAGO BOARD OF TRADE,257.5,0.15518033540087295,-1351,-3.533916849015317,645,3.599562363238512,0.041225271218889595,0.12657981722729925,0.03206412825651306,0.03300970873786402,-0.009842066538047388,0.033875039529469554
2015-12-08,8293,2706,1400,2842,4974,004603,OATS - CHICAGO BOARD OF TRADE,266.0,0.25708428795369587,-2132,-8.970824718584884,1306,7.59246496668964,0.09992323439099283,0.25255723331709695,0.03300970873786402,-0.14379699248120303,-0.004394589915766914,0.04022126353566883
2015-12-15,8504,2645,1250,2921,5184,004603,OATS - CHICAGO BOARD OF TRADE,227.75,0.26611006585136404,-2263,-1.5796454841432532,1395,1.0731942602194622,0.03565700185070944,0.05417201540436457,-0.14379699248120303,-0.01207464324917673,0.0010155031995757059,-0.00735233582136187
2015-12-22,9103,3077,1466,2978,5399,004603,OATS - CHICAGO BOARD OF TRADE,225.0,0.2659562781500604,-2421,-1.8579492003762934,1611,2.539981185324553,0.032469857944371495,0.1426370239929562,-0.01207464324917673,-0.020000000000000018,0.006210420355467563,-0.02296104853917413
2015-12-29,9214,3077,1617,2989,5229,004603,OATS - CHICAGO BOARD OF TRADE,220.5,0.24310831343607553,-2240,1.9883554872020215,1460,-1.6587938042403605,0.02202482355804332,0.03216872603323392,-0.020000000000000018,-0.046485260770975034,0.010766149068556176,-0.03636888450303698
2016-01-05,9148,3062,1985,2851,4617,004603,OATS - CHICAGO BOARD OF TRADE,210.25,0.19304766069086138,-1766,5.14434556110267,1077,-4.156718037768613,0.10042849491162292,0.07588666534574995,-0.046485260770975034,-0.022592152199762183,0.009896651304312944,-0.05719406354928002
2016-01-12,9484,3157,2586,2920,4195,004603,OATS - CHICAGO BOARD OF TRADE,205.5,0.1344369464361029,-1275,5.367293397463927,571,-5.531263664188893,0.06900913562895292,0.1211910151488769,-0.022592152199762183,0.009732360097323589,0.009438656406152122,-0.025613250653924863
2016-01-19,9694,3210,2792,3172,4105,004603,OATS - CHICAGO BOARD OF TRADE,207.5,0.09624510006189395,-933,3.6060733867566426,418,-1.613243357233235,0.04699738903394256,0.043152282572475845,0.009732360097323589,-0.028915662650602414,0.009906157822193494,-0.02003564292493329
2016-01-26,9377,3157,2781,3127,4143,004603,OATS - CHICAGO BOARD OF TRADE,201.5,0.10835021862002772,-1016,-0.8561997111615433,376,-0.4332576851660821,0.01141678129298487,0.010778039744021556,-0.028915662650602414,-0.006203473945409432,0.009977856172895462,-0.02231225624080248
2016-02-02,10048,3174,3142,3570,4309,004603,OATS - CHICAGO BOARD OF TRADE,200.25,0.07354697452229299,-739,2.95403647221926,32,-3.6685507091820413,0.07729407285188476,0.05984800506649778,-0.006203473945409432,-0.022471910112359605,0.010149265262577513,-0.012067249441410957
2016-02-09,10419,3435,3381,3626,4130,004603,OATS - CHICAGO BOARD OF TRADE,195.75,0.0483731644111719,-504,2.338773885350318,54,0.21894904458598727,0.03029912325941207,0.0733568075117371,-0.022471910112359605,0.017879948914431676,0.01059225619450853,-0.012036824437075358
2016-02-16,10639,3498,3615,3847,4129,004603,OATS - CHICAGO BOARD OF TRADE,199.25,0.026506250587461228,-282,2.130722718111143,-117,-1.6412323639504751,0.027833500501504512,0.04175453395191902,0.017879948914431676,-0.08281053952321205,0.01088012960595567,-0.00997738341205502
2016-02-23,10348,3152,3328,3593,4352,004603,OATS - CHICAGO BOARD OF TRADE,182.75,0.07334750676459219,-759,-4.483504088730144,-176,-0.5545633988156782,0.06003775959723096,0.09768518518518518,-0.08281053952321205,-0.09575923392612862,0.013736766415829695,-0.02367965681165233
2016-03-01,10539,3448,3663,3489,3922,004603,OATS - CHICAGO BOARD OF TRADE,165.25,0.04108549198216149,-433,3.1503672207189797,-215,-0.37688442211055273,0.07205505329914991,0.08873576149627338,-0.09575923392612862,0.07110438729198187,0.015494160106847343,-0.046871960444010624
2016-03-08,11028,3576,3904,3586,3940,004603,OATS - CHICAGO BOARD OF TRADE,177.0,0.032100108813928184,-354,0.7495967359332005,-328,-1.0722079893728058,0.015280361413765613,0.04933155080213904,0.07110438729198187,0.10734463276836159,0.016455721746387444,-0.02265096646242376
2016-03-15,11120,3543,4193,3854,3691,004603,OATS - CHICAGO BOARD OF TRADE,196.0,-0.014658273381294964,163,4.688066739209285,-650,-2.919840406238665,0.06852220013253811,0.041623578076525336,0.10734463276836159,-0.029336734693877542,0.016953115186447945,-3.018880292665256e-05
2016-03-22,10535,3651,4132,3004,3097,004603,OATS - CHICAGO BOARD OF TRADE,190.25,0.008827717133364974,-93,-2.302158273381295,-481,1.5197841726618704,0.23668251106376004,0.021713992033920083,-0.029336734693877542,-0.0026281208935611255,0.017463798462270017,0.013250091402745207
2016-03-29,10557,3495,4173,3201,3149,004603,OATS - CHICAGO BOARD OF TRADE,189.75,-0.0049256417542862556,52,1.3763644992880872,-678,-1.8699572852396773,0.03921259842519685,0.025691184141888368,-0.0026281208935611255,-0.02898550724637683,0.016416271838958097,0.03596642477142456
2016-04-05,11130,3635,4325,3445,3338,004603,OATS - CHICAGO BOARD OF TRADE,184.25,-0.009613656783468105,107,0.5209813393956616,-690,-0.11366865586814436,0.0638360607400855,0.036683417085427134,-0.02898550724637683,0.01763907734056991,0.014346743898154811,0.011531819722947681
2016-04-12,10908,3718,4354,3328,3300,004603,OATS - CHICAGO BOARD OF TRADE,187.5,-0.002566923359002567,28,-0.7097933513027853,-636,0.48517520215633425,0.023385636692818346,0.013875123885034688,0.01763907734056991,0.04400000000000004,0.013077412461985155,-0.010886868855052348
2016-04-19,10871,3803,4403,3353,3402,004603,OATS - CHICAGO BOARD OF TRADE,195.75,0.004507405022537025,-49,-0.7059039237257059,-600,0.33003300330033003,0.018800888230940043,0.016329514989032415,0.04400000000000004,0.0,0.01211710358195729,0.00747832975688405
2016-04-26,9231,3046,3239,3138,3700,004603,OATS - CHICAGO BOARD OF TRADE,195.75,0.06088181128805113,-562,-4.718977095023457,-193,3.743905804433815,0.07502193623866628,0.305648369132856,0.0,-0.04597701149425293,0.015034042865900534,0.00813025227056744
2016-05-03,9219,3075,2962,3184,3903,004603,OATS - CHICAGO BOARD OF TRADE,186.75,0.07799110532595727,-719,-1.7007908135629943,113,3.314917127071823,0.03513475377451672,0.05068742753023025,-0.04597701149425293,-0.029451137884872858,0.017009613873998346,0.003907870778365829
2016-05-10,9898,3118,3767,3374,3710,004603,OATS - CHICAGO BOARD OF TRADE,181.25,0.033946251768033946,-336,4.154463607766569,-649,-8.265538561666125,0.05406549971767363,0.12316630355846042,-0.029451137884872858,0.08413793103448275,0.018900134601237406,-0.007888066501059452
2016-05-17,10238,3105,3939,3437,3876,004603,OATS - CHICAGO BOARD OF TRADE,196.5,0.04287946864621996,-439,-1.0406142655081834,-834,-1.8690644574661546,0.031314098181320936,0.026263486655309483,0.08413793103448275,-0.039440203562341014,0.01906699171845847,0.002175078215248453
2016-05-24,10231,3093,3892,2947,3543,004603,OATS - CHICAGO BOARD OF TRADE,188.75,0.05825432509041149,-596,-1.5335026372338347,-799,0.34186364524321156,0.1268104776579353,0.008446671438797423,-0.039440203562341014,0.0013245033112583293,0.019735363584007674,-0.007712268715174031
2016-05-31,10529,3068,3882,2950,3575,004603,OATS - CHICAGO BOARD OF TRADE,189.0,0.059359863234875104,-625,-0.28345225295670023,-814,-0.1466132342879484,0.0053639846743295016,0.005035971223021582,0.0013245033112583293,0.039682539682539764,0.020425236154526537,0.004134215566452953
2016-06-07,10989,2940,3964,2772,3549,004603,OATS - CHICAGO BOARD OF TRADE,196.5,0.0707070707070707,-777,-1.4436318738721625,-1024,-1.9944914046918036,0.0322733744660655,0.030417149478563152,0.039682539682539764,0.05089058524173029,0.021221997887198748,0.02119987874095324
2016-06-14,9881,2746,3404,2829,3907,004603,OATS - CHICAGO BOARD OF TRADE,206.5,0.10909826940593058,-1078,-2.739102739102739,-658,3.330603330603331,0.06160926365795724,0.12260162601626017,0.05089058524173029,0.0,0.022686567717603842,0.013029107511391207
2016-06-21,9964,2809,2799,3026,4347,004603,OATS - CHICAGO BOARD OF TRADE,206.5,0.13257727820152548,-1321,-2.4592652565529804,10,6.760449347232061,0.08639631086396311,0.11911554921540657,0.0,-0.002421307506053294,0.025209464567339853,0.022714469118796057
2016-06-28,10190,2348,3130,3444,4013,004603,OATS - CHICAGO BOARD OF TRADE,206.0,0.055839057899901866,-569,7.547169811320755,-782,-7.948615014050582,0.10084484377095347,0.14457831325301204,-0.002421307506053294,0.04854368932038833,0.028064264993472136,0.02179862842516223
2016-07-05,10226,2388,3152,3532,3834,004603,OATS - CHICAGO BOARD OF TRADE,216.0,0.029532564052415413,-302,2.620215897939156,-764,0.17664376840039253,0.03624762421938637,0.011191335740072202,0.04854368932038833,0.09490740740740744,0.030107513875338755,0.023963802452298733
2016-07-12,9948,2612,3157,3377,4001,004603,OATS - CHICAGO BOARD OF TRADE,236.5,0.06272617611580217,-624,-3.1488362996283983,-545,2.1415998435360843,0.04364326375711575,0.03969492113017854,0.09490740740740744,-0.13636363636363635,0.03344667619846754,0.0346501371442388
2016-07-19,9853,2815,3169,3287,4063,004603,OATS - CHICAGO BOARD OF TRADE,204.25,0.0787577387597686,-776,-1.527945315641335,-354,1.9199839163650985,0.020680272108843538,0.035929144385026736,-0.13636363636363635,-0.019583843329253336,0.038114254072301776,0.001165858337507176
2016-07-26,9937,3076,3125,3300,4164,004603,OATS - CHICAGO BOARD OF TRADE,200.25,0.08694777095702928,-864,-0.8931289962447986,-49,3.0955039074393587,0.01527331189710611,0.049185615223351076,-0.019583843329253336,-0.02372034956304614,0.043251167054252984,-0.003128985915945695
2016-08-02,9759,3014,3369,3722,4393,004603,OATS - CHICAGO BOARD OF TRADE,195.5,0.0687570447791782,-671,1.9422360873503068,-355,-3.079400221394787,0.08022181146025878,0.047939840200532664,-0.02372034956304614,-0.1035805626598465,0.04841813448432285,-0.021417838619324284
2016-08-09,10178,2972,3930,3764,4137,004603,OATS - CHICAGO BOARD OF TRADE,175.25,0.036647671448221654,-373,3.053591556511938,-958,-6.17891177374731,0.03771674471585875,0.08736598087510866,-0.1035805626598465,-0.015691868758915817,0.0525214192740759,-0.07344429794996261
2016-08-16,10492,3217,4298,3863,4047,004603,OATS - CHICAGO BOARD OF TRADE,172.5,0.017537171178040413,-184,1.8569463548830811,-1081,-1.2084888976223225,0.023893805309734513,0.08157019294743846,-0.015691868758915817,-0.005797101449275366,0.05625156713732997,-0.04149321565310549
2016-08-23,10850,3299,4386,4031,4105,004603,OATS - CHICAGO BOARD OF TRADE,171.5,0.0068202764976958525,-74,1.0484178421654593,-1087,-0.0571864277544796,0.027777777777777776,0.022121014964216004,-0.005797101449275366,-0.0568513119533528,0.060083559472613124,-0.03790694595553571
2016-08-30,11033,3640,4468,4191,4294,004603,OATS - CHICAGO BOARD OF TRADE,161.75,0.009335629475210732,-103,-0.2672811059907834,-828,2.3870967741935485,0.04113140836770772,0.05217069560927479,-0.0568513119533528,-0.020092735703245768,0.0633089862427889,-0.04654690392579151
2016-09-06,10784,3544,4707,3868,3784,004603,OATS - CHICAGO BOARD OF TRADE,158.5,-0.007789317507418398,84,1.694915254237288,-1163,-3.036345508927762,0.1088604286461056,0.040601139255847775,-0.020092735703245768,0.03312302839116721,0.06590211463102745,-0.024916098389314748
2016-09-13,10901,3511,4803,4026,3915,004603,OATS - CHICAGO BOARD OF TRADE,163.75,-0.010182552059444088,111,0.25037091988130566,-1292,-1.1962166172106825,0.03639340133484448,0.015515997113302862,0.03312302839116721,0.06870229007633588,0.06681090834037075,-0.012482108579831567
2016-09-20,10714,3373,4779,3895,3835,004603,OATS - CHICAGO BOARD OF TRADE,175.0,-0.005600149337315662,60,-0.4678469865149987,-1406,-1.0457756169158794,0.027296248382923674,0.01987242394504416,0.06870229007633588,-0.0028571428571428914,0.06773370018351191,0.006201051380384538
2016-09-27,10738,3364,4614,3929,3984,004603,OATS - CHICAGO BOARD OF TRADE,174.5,0.005121996647420376,-55,-1.0733619563188352,-1250,1.4560388277020722,0.023126500695058765,0.021809977437954375,-0.0028571428571428914,0.0386819484240688,0.06856313753009773,0.019526961830199786
2016-10-04,10302,3082,4444,3605,3893,004603,OATS - CHICAGO BOARD OF TRADE,181.25,0.027955736750145604,-288,-2.1698640342708138,-1362,-1.0430247718383312,0.05534809282475327,0.06005846399149615,0.0386819484240688,0.09793103448275864,0.06850624302600625,0.03383366267959589
2016-10-11,9324,2759,3055,3431,4231,004603,OATS - CHICAGO BOARD OF TRADE,199.0,0.0858000858000858,-800,-4.96990875558144,-296,10.347505338769171,0.06682328373792744,0.29446164430684557,0.09793103448275864,0.023869346733668362,0.06923539917936267,0.04937526204390593
2016-10-18,8712,2549,2350,3152,4598,004603,OATS - CHICAGO BOARD OF TRADE,203.75,0.1659779614325069,-1446,-6.928356928356928,199,5.308880308880308,0.08335483870967741,0.18677281077770974,0.023869346733668362,0.04049079754601226,0.07139355033143392,0.03864968158408968
2016-10-25,8868,2619,1899,3357,5000,004603,OATS - CHICAGO BOARD OF TRADE,212.0,0.18527289129454216,-1643,-2.261248852157943,720,5.980257116620753,0.07263372023453392,0.11531651173085436,0.04049079754601226,0.03537735849056611,0.07390576695754505,0.04902183428100779
2016-11-01,8563,2270,1477,3514,5468,004603,OATS - CHICAGO BOARD OF TRADE,219.5,0.22819105453696134,-1954,-3.506991429860171,793,0.8231844835363104,0.06958361166778,0.20576461168935148,0.03537735849056611,0.028473804100227706,0.07718625797488558,0.048234899860878935
2016-11-08,8400,2299,1291,3551,5623,004603,OATS - CHICAGO BOARD OF TRADE,225.75,0.24666666666666667,-2072,-1.3780217213593366,1008,2.5108022889174357,0.020928711576193592,0.05988857938718663,0.028473804100227706,0.032115171650055396,0.0809962530426873,0.031549854429138165
2016-11-15,8449,1964,1446,3943,5596,004603,OATS - CHICAGO BOARD OF TRADE,233.0,0.19564445496508462,-1653,4.988095238095238,518,-5.833333333333333,0.04392493972114477,0.1436950146627566,0.032115171650055396,-0.04935622317596566,0.08315725677468068,0.03354529507232443
2016-11-22,8707,1687,1391,4364,5822,004603,OATS - CHICAGO BOARD OF TRADE,221.5,0.16745147582404962,-1458,2.3079654396970057,296,-2.627529885193514,0.06351855487924603,0.1078622482131254,-0.04935622317596566,-0.10383747178329572,0.08421454193086611,0.011585159896813298
2016-11-29,7684,1986,1515,3137,4692,004603,OATS - CHICAGO BOARD OF TRADE,198.5,0.2023685580426861,-1555,-1.1140461697484783,471,2.009877110370966,0.3010601609400945,0.12082262210796915,-0.10383747178329572,0.055415617128463435,0.08512200775090097,-0.023423377707155243
2016-12-06,7259,1958,1975,2982,4109,004603,OATS - CHICAGO BOARD OF TRADE,209.5,0.15525554484088716,-1127,5.570015616866216,-17,-6.350858927641853,0.10407558877450289,0.12407831172133231,0.055415617128463435,0.0417661097852029,0.08316376269103926,-0.016551957528784956
2016-12-13,7245,1794,1903,3075,4206,004603,OATS - CHICAGO BOARD OF TRADE,218.25,0.15610766045548655,-1131,-0.05510400881664141,-109,-1.2673922027827524,0.026095316577393217,0.06383554233162023,0.0417661097852029,0.025200458190148822,0.08104833181804162,-0.014101958878424954
2016-12-20,6525,1807,1845,2428,3648,004603,OATS - CHICAGO BOARD OF TRADE,223.75,0.18697318007662836,-1220,-1.2284334023464458,-38,0.9799861973775017,0.19832126398946676,0.019441401971522453,0.025200458190148822,0.02122905027932953,0.07952942608586024,0.004625464357205985
2016-12-27,6549,1769,1844,2676,3696,004603,OATS - CHICAGO BOARD OF TRADE,228.5,0.15574896930829135,-1020,3.065134099616858,-75,-0.5670498084291188,0.04645323289391086,0.010794353722668144,0.02122905027932953,0.03063457330415753,0.07784943869878748,0.035273325581077646
2017-01-03,6643,1787,1809,2632,3730,004603,OATS - CHICAGO BOARD OF TRADE,235.5,0.16528676802649406,-1098,-1.1910215300045808,-22,0.8092838601313178,0.012260295504558314,0.014738598442714126,0.03063457330415753,-0.03821656050955413,0.07731557537831886,0.029274827836969153
2017-01-10,6827,1885,1796,2765,3951,004603,OATS - CHICAGO BOARD OF TRADE,226.5,0.17372198623114105,-1186,-1.3247026945657083,89,1.6709318079181092,0.05270994639666468,0.03015484922575387,-0.03821656050955413,0.10044150110375272,0.07807105691283883,0.00966502314295249
2017-01-17,7645,1884,2035,2928,4320,004603,OATS - CHICAGO BOARD OF TRADE,249.25,0.18207979071288424,-1392,-3.0174307895122308,-151,-3.5154533470045406,0.07339955849889625,0.06124011227353917,0.10044150110375272,0.030090270812437314,0.07972172404074249,0.028122957389536987
2017-01-24,7901,2186,1824,2714,4561,004603,OATS - CHICAGO BOARD OF TRADE,256.75,0.2337678774838628,-1847,-5.951602354480053,362,6.71026814911707,0.06254295532646048,0.12793017456359101,0.030090270812437314,-0.04868549172346637,0.08213360209581624,0.03027451322214064
2017-01-31,7560,2168,1899,2495,4401,004603,OATS - CHICAGO BOARD OF TRADE,244.25,0.2521164021164021,-1906,-0.746740918871029,269,-1.177066194152639,0.054959396751740136,0.022866978116547823,-0.04868549172346637,0.054247697031729825,0.0855676295495491,0.01084837295875149
2017-02-07,7942,2257,2046,2492,4507,004603,OATS - CHICAGO BOARD OF TRADE,257.5,0.25371442961470664,-2015,-1.4417989417989419,211,-0.7671957671957672,0.01557365337905415,0.05484545665814548,0.054247697031729825,-0.013592233009708687,0.08951650003423248,0.03345749759416898
2017-02-14,8267,2369,2113,2857,4893,004603,OATS - CHICAGO BOARD OF TRADE,254.0,0.24628039191968065,-2036,-0.2644170234197935,256,0.5666079073281289,0.09690322580645161,0.03993752788933512,-0.013592233009708687,-0.0059055118110236116,0.09374292582908285,0.005499908514961609
2017-02-21,8083,2304,2012,2855,5038,004603,OATS - CHICAGO BOARD OF TRADE,252.5,0.27007299270072993,-2183,-1.7781541066892466,292,0.4354663118422644,0.01862409730140631,0.038461538461538464,-0.0059055118110236116,0.0217821782178218,0.09752610825093164,-0.003489967737135587
2017-02-28,7190,2102,1548,2097,4452,004603,OATS - CHICAGO BOARD OF TRADE,258.0,0.327538247566064,-2355,-2.1279228009402447,554,3.2413707781764196,0.20522217132386625,0.18246575342465754,0.0217821782178218,0.029069767441860517,0.10303481508908362,0.014034092428660145
2017-03-07,6944,1901,1169,1730,4174,004603,OATS - CHICAGO BOARD OF TRADE,265.5,0.3519585253456221,-2444,-1.2378303198887344,732,2.4756606397774688,0.1092479674796748,0.18892508143322476,0.029069767441860517,-0.04708097928436916,0.10918593848392387,0.007807988378121363
2017-03-14,6261,1922,1024,1120,3689,004603,OATS - CHICAGO BOARD OF TRADE,253.0,0.41031784060054305,-2569,-1.8001152073732718,898,2.390552995391705,0.22769806612601373,0.05634758995247793,-0.04708097928436916,0.0029644268774704496,0.1173585560604977,-0.0005337787934838801
2017-03-21,6355,2298,1012,1171,3898,004603,OATS - CHICAGO BOARD OF TRADE,253.75,0.42911093627065305,-2727,-2.5235585369749245,1286,6.197093116115637,0.051292168080489246,0.11722054380664652,0.0029644268774704496,-0.07389162561576357,0.12544092565929169,0.001682432230048372
2017-03-28,6532,2140,853,1284,4159,004603,OATS - CHICAGO BOARD OF TRADE,235.0,0.44014084507042256,-2875,-2.3288749016522425,1287,0.015735641227380016,0.06871210729377182,0.10591379886401604,-0.07389162561576357,-0.05212765957446808,0.13399989655976688,-0.022485517728447594
2017-04-04,6827,1793,854,2022,4573,004603,OATS - CHICAGO BOARD OF TRADE,222.75,0.3736633953420243,-2551,4.960195958358849,939,-5.327617881200245,0.17467778620166793,0.1314695882130714,-0.05212765957446808,-0.013468013468013518,0.14137060910064173,-0.04346502529183874
2017-04-11,6769,1627,855,2440,4563,004603,OATS - CHICAGO BOARD OF TRADE,219.75,0.31363569212586795,-2123,6.269225135491431,772,-2.446169620623993,0.061116664286734255,0.06728444802578566,-0.013468013468013518,-0.004550625711035261,0.1474514286291969,-0.03472677270987616
2017-04-18,6975,1680,906,2637,4696,004603,OATS - CHICAGO BOARD OF TRADE,218.75,0.29519713261648745,-2059,0.9454867779583395,774,0.029546461811198108,0.04500204554752489,0.04021655065738593,-0.004550625711035261,0.017142857142857126,0.15304161569831137,-0.03667381957796539
2017-04-25,6096,1603,1197,2092,3803,004603,OATS - CHICAGO BOARD OF TRADE,222.5,0.2806758530183727,-1711,4.989247311827957,406,-5.275985663082437,0.24393553859202713,0.13142857142857142,0.017142857142857126,0.10224719101123592,0.15726842419312523,-0.01333943639564369
2017-05-02,5646,1488,1075,2072,3732,004603,OATS - CHICAGO BOARD OF TRADE,245.25,0.29401346085724406,-1660,0.8366141732283465,413,0.11482939632545931,0.01567884217780841,0.092469761997659,0.10224719101123592,0.019367991845056,0.1614227002610346,0.025027046654978263
2017-05-09,5940,1529,870,2015,3921,004603,OATS - CHICAGO BOARD OF TRADE,250.0,0.32087542087542087,-1906,-4.357066950053135,659,4.357066950053135,0.041442048517520216,0.10254272613588995,0.019367991845056,-0.08099999999999996,0.16694056889771514,0.03300127166484602
2017-05-16,6269,1711,773,2189,4407,004603,OATS - CHICAGO BOARD OF TRADE,229.75,0.35380443451906207,-2218,-5.252525252525253,938,4.696969696969696,0.10006064281382657,0.11231884057971014,-0.08099999999999996,0.05005440696409136,0.17291989516450054,0.014336253074608962
2017-05-23,6333,1677,725,2197,4571,004603,OATS - CHICAGO BOARD OF TRADE,241.25,0.3748618348334123,-2374,-2.488435157122348,952,0.2233211038443133,0.02541371158392435,0.03413821815154038,0.05005440696409136,0.004145077720207224,0.17900850112109667,0.02241430942767706
2017-05-30,6402,1697,748,2179,4515,004603,OATS - CHICAGO BOARD OF TRADE,242.25,0.3648859731333958,-2336,0.6000315806095058,949,-0.047370914258645196,0.011054675829100687,0.017586912065439674,0.004145077720207224,0.057791537667698734,0.1848840032345298,-0.0018598593342986486
2017-06-06,6867,1937,698,2065,5004,004603,OATS - CHICAGO BOARD OF TRADE,256.25,0.42798893257608855,-2939,-9.418931583880036,1239,4.529834426741643,0.08530202291696139,0.11005692599620494,0.057791537667698734,-0.011707317073170742,0.19175480827047245,0.007717895861082171
2017-06-13,7095,1934,532,2082,5435,004603,OATS - CHICAGO BOARD OF TRADE,253.25,0.47258632840028186,-3353,-6.028833551769332,1402,2.3736711810106303,0.05959824398031129,0.06853203568532036,-0.011707317073170742,0.031589338598223105,0.19874496325113306,0.02476180660588029
2017-06-20,6989,2616,495,1539,5318,004603,OATS - CHICAGO BOARD OF TRADE,261.25,0.5407068250107312,-3779,-6.004228329809725,2121,10.133897110641296,0.09625200525010938,0.2311153969784635,0.031589338598223105,-0.056459330143540654,0.20659360838207932,0.02024827232309355
2017-06-27,6034,2528,470,558,4514,004603,OATS - CHICAGO BOARD OF TRADE,246.5,0.6556181637388134,-3956,-2.532551151809987,2058,-0.9014165116611819,0.3519321766561514,0.037691794529686455,-0.056459330143540654,0.25050709939148064,0.21812782195590452,0.005289542931185925
2017-07-11,6564,2828,833,586,4523,004603,OATS - CHICAGO BOARD OF TRADE,308.25,0.5997867154174285,-3937,0.31488233344381833,1995,-1.0440835266821344,0.00724212174593854,0.18109806063916964,0.25050709939148064,-0.05352798053527985,0.22909424794369324,0.052101293177177786
2017-07-18,6701,2901,1015,595,4282,004603,OATS - CHICAGO BOARD OF TRADE,291.75,0.5502163856140875,-3687,3.8086532602071905,1886,-1.6605728214503352,0.0512610211195407,0.06511746680286006,-0.05352798053527985,-0.033419023136246784,0.2384690596648141,0.04212733275010299
2017-07-25,6820,3076,928,598,4538,004603,OATS - CHICAGO BOARD OF TRADE,282.0,0.5777126099706745,-3940,-3.7755558871810173,2148,3.909864199373228,0.05042834890965732,0.06543456543456544,-0.033419023136246784,-0.006205673758865271,0.24806434564963922,0.026423008634245602
2017-08-01,7002,3296,1001,471,4592,004603,OATS - CHICAGO BOARD OF TRADE,280.25,0.5885461296772351,-4121,-2.653958944281525,2295,2.155425219941349,0.03574955559944697,0.06818710728415174,-0.006205673758865271,-0.02408563782337203,0.2577104679327201,0.0385845545879694
2017-08-08,6836,2910,1074,520,4436,004603,OATS - CHICAGO BOARD OF TRADE,273.5,0.5728496196606202,-3916,2.927734932876321,1836,-6.555269922879177,0.04136400322841001,0.11521084337349398,-0.02408563782337203,-0.05575868372943327,0.2674045559112094,-0.029747686256851147
2017-08-15,6539,2796,912,656,4299,004603,OATS - CHICAGO BOARD OF TRADE,258.25,0.5571188255084876,-3643,3.993563487419544,1884,0.7021650087770626,0.05509586276488396,0.0744336569579288,-0.05575868372943327,-0.074540174249758,0.27741361656621455,-0.030322365932455655
2017-08-22,5922,2572,999,491,3647,004603,OATS - CHICAGO BOARD OF TRADE,239.0,0.5329280648429585,-3156,7.447621960544426,1573,-4.756078911148494,0.1974383760270662,0.0870904508541025,-0.074540174249758,-0.01673640167364021,0.2873249799059244,-0.040975696321727186
2017-08-29,5799,2322,1085,460,3368,004603,OATS - CHICAGO BOARD OF TRADE,235.0,0.501465769960338,-2908,4.187774400540358,1237,-5.673758865248227,0.08098223615464994,0.09862048723216907,-0.01673640167364021,-0.07021276595744685,0.2968373932417445,-0.04372226328779462
2017-09-05,5636,1993,962,479,3233,004603,OATS - CHICAGO BOARD OF TRADE,218.5,0.4886444286728176,-2754,2.6556302810829453,1031,-3.552336609760304,0.041487068965517244,0.15296108291032148,-0.07021276595744685,0.0778032036613272,0.30605487014939076,-0.05584258082488291
2017-09-12,5862,1821,1068,827,3407,004603,OATS - CHICAGO BOARD OF TRADE,235.5,0.44012282497441146,-2580,3.0872959545777148,753,-4.932576295244854,0.1232876712328767,0.09622706818968502,0.0778032036613272,0.02016985138004257,0.3146685651971183,-0.021143491098366045
2017-09-19,5922,1841,798,1064,3652,004603,OATS - CHICAGO BOARD OF TRADE,240.25,0.4370145221209051,-2588,-0.1364721937905152,1043,4.947117024906175,0.10220525869380831,0.10989010989010989,0.02016985138004257,0.04162330905306977,0.3232685089313557,0.0027521811253058423
2017-09-26,6142,1933,814,1322,3874,004603,OATS - CHICAGO BOARD OF TRADE,250.25,0.4154998371865842,-2552,0.60790273556231,1119,1.2833502195204323,0.09237875288683603,0.039315617036767385,0.04162330905306977,0.003996003996004083,0.3313665855952769,0.017197176775699156
2017-10-03,5837,1992,841,1021,3598,004603,OATS - CHICAGO BOARD OF TRADE,251.25,0.44149391810861743,-2577,-0.40703353956366,1151,0.5210029306414848,0.12491881359601645,0.030356512530885987,0.003996003996004083,-0.006965174129353269,0.3397583533156846,0.03526877222542131
2017-10-10,6006,1981,830,1229,3844,004603,OATS - CHICAGO BOARD OF TRADE,249.5,0.4353979353979354,-2615,-0.6510193592598937,1151,0.0,0.08949339641237926,0.007826396300249021,-0.006965174129353269,0.06112224448897785,0.3475937802127574,0.01459891297326185
2017-10-17,6740,2264,594,1472,4559,004603,OATS - CHICAGO BOARD OF TRADE,264.75,0.45801186943620176,-3087,-7.858807858807859,1670,8.641358641358641,0.15884596252694413,0.1815955213435969,0.06112224448897785,0.04627006610009432,0.3547516991288366,0.024638070470952483
2017-10-24,7276,2475,727,1670,4887,004603,OATS - CHICAGO BOARD OF TRADE,277.0,0.4421385376580539,-3217,-1.9287833827893175,1748,1.1572700296735905,0.08021961262772609,0.10743285446595878,0.04627006610009432,-0.044223826714801406,0.36006247944086633,0.025770845833227203
2017-10-31,7820,2728,725,1872,5433,004603,OATS - CHICAGO BOARD OF TRADE,264.75,0.45537084398976985,-3561,-4.727872457394173,2003,3.5046728971962615,0.10239561943874059,0.0738488271068636,-0.044223826714801406,0.02171860245514634,0.36525667083885155,0.013953029589496527
2017-11-07,7884,3072,625,1853,5691,004603,OATS - CHICAGO BOARD OF TRADE,270.5,0.48680872653475393,-3838,-3.542199488491048,2447,5.677749360613811,0.036717921527041356,0.12009737625101434,0.02171860245514634,0.021256931608133023,0.3702300876080398,0.020999725764624413
2017-11-14,8215,3338,607,2092,5905,004603,OATS - CHICAGO BOARD OF TRADE,276.25,0.4641509433962264,-3813,0.31709791983764585,2731,3.602232369355657,0.05664624234087783,0.07198986058301647,0.021256931608133023,-0.07420814479638005,0.3744124775451467,0.011192572181657383
2017-11-21,7831,3299,661,1884,5710,004603,OATS - CHICAGO BOARD OF TRADE,255.75,0.4885710637211084,-3826,-0.15824710894704808,2638,-1.1320754716981132,0.053068211746115354,0.023484848484848483,-0.07420814479638005,-0.043010752688172005,0.38004568155968566,-0.01904430644334519
2017-11-28,7013,3157,280,1484,5685,004603,OATS - CHICAGO BOARD OF TRADE,244.75,0.5990303721659774,-4201,-4.788660452049546,2877,3.0519729281062444,0.05928302413167806,0.15216758801280186,-0.043010752688172005,-0.023493360572012234,0.38834527572010735,-0.018735254813340305
2017-12-05,6877,2977,266,1528,5444,004603,OATS - CHICAGO BOARD OF TRADE,239.0,0.5694343463719646,-3916,4.063881363182661,2711,-2.3670326536432342,0.04087779690189329,0.059821153253160654,-0.023493360572012234,-0.04916317991631802,0.39540423318797807,-0.03031883755569587
2017-12-12,6490,2756,356,1492,4748,004603,OATS - CHICAGO BOARD OF TRADE,227.25,0.5016949152542373,-3256,9.59720808492075,2400,-4.522320779409626,0.11730769230769231,0.09993573264781491,-0.04916317991631802,0.08470847084708466,0.4020665287728502,-0.048632479070262316
2017-12-19,6525,2696,380,1769,4714,004603,OATS - CHICAGO BOARD OF TRADE,246.5,0.45134099616858236,-2945,4.7919876733436055,2316,-1.2942989214175655,0.04797161807805028,0.027308192457737322,0.08470847084708466,-0.013184584178498993,0.40774409292117897,-0.007769812550260235
2017-12-26,6406,2826,386,1647,4597,004603,OATS - CHICAGO BOARD OF TRADE,243.25,0.46050577583515456,-2950,-0.07662835249042146,2440,1.9003831417624522,0.038276745675848815,0.04234122042341221,-0.013184584178498993,,0.41300433514730445,-0.00028320355327704917
