,Open_Interest_All,NonComm_Positions_Long_All,NonComm_Positions_Short_All,Comm_Positions_Long_All,Comm_Positions_Short_All,CFTC_Contract_Market_Code,Market_and_Exchange_Names,ZS_Close,HP,NetLong_Comm,Q_Comm,NetLong_NonComm,Q_NonComm,PT_Comm,PT_NonComm,Ret,Ret_Lead,HP_Smooth_52w,Basis
2015-01-06,609763,189512,157103,305406,260862,005602,SOYBEANS - CHICAGO BOARD OF TRADE,1051.0,-0.07305133305890978,44544,,32409,,,,,-0.04852521408182686,,
2015-01-13,618995,184724,171578,320086,253457,005602,SOYBEANS - CHICAGO BOARD OF TRADE,1000.0,-0.10764061099039572,66629,3.6218990001033187,13146,-3.159096239030574,0.038506267184849265,0.0540636875459582,-0.04852521408182686,-0.018000000000000016,,
2015-01-20,648949,181193,188933,337745,249351,005602,SOYBEANS - CHICAGO BOARD OF TRADE,982.0,-0.13621101195933732,88394,3.516183490981349,-7740,-3.374179112916906,0.03707230163380435,0.056429432139325525,-0.018000000000000016,-0.008401221995926633,,-0.03382838922202939
2015-01-27,682972,164502,197985,374402,260044,005602,SOYBEANS - CHICAGO BOARD OF TRADE,973.75,-0.16744171064113902,114358,4.000930735697258,-33483,-3.966875671277712,0.0746320411823859,0.07101771925613884,-0.008401221995926633,0.013607188703465889,,-0.025292658241659653
2015-02-03,708274,173923,200165,380018,280644,005602,SOYBEANS - CHICAGO BOARD OF TRADE,987.0,-0.14030445844404849,99374,-2.1939406007859765,-26242,1.0602191597898596,0.039681410464049695,0.031011419772887662,0.013607188703465889,-0.018237082066869248,,-0.015448528238544687
2015-02-10,726768,160817,201930,383157,270623,005602,SOYBEANS - CHICAGO BOARD OF TRADE,969.0,-0.15484171014684192,112534,1.8580379909470062,-41113,-2.099611167429554,0.02012909541435957,0.040995514780273856,-0.018237082066869248,0.03998968008255943,,-0.007788026946399103
2015-02-17,702704,165206,193811,368625,273126,005602,SOYBEANS - CHICAGO BOARD OF TRADE,1007.75,-0.1359021721806052,95499,-2.3439391938004976,-28605,1.7210444048169429,0.026544563234026906,0.034839575841812506,0.03998968008255943,0.008186554204911989,,0.006717031330518307
2015-02-24,677947,176219,189285,341454,263362,005602,SOYBEANS - CHICAGO BOARD OF TRADE,1016.0,-0.11518894544853801,78092,-2.477145426808443,-13066,2.2113151483412645,0.06106815957249808,0.042513898616704605,0.008186554204911989,-0.007135826771653586,,0.010827752965201316
2015-03-03,671988,192918,188207,328509,257690,005602,SOYBEANS - CHICAGO BOARD OF TRADE,1008.75,-0.10538729858271279,70819,-1.0727977260759323,4711,2.6221813799603804,0.03175883957495663,0.04664348966874385,-0.007135826771653586,-0.028500619578686548,,0.005684643118286204
2015-03-10,678241,177354,185747,350296,269567,005602,SOYBEANS - CHICAGO BOARD OF TRADE,980.0,-0.1190270125220976,80729,1.4747287153937272,-8393,-1.9500348220503938,0.054308774680856896,0.04963908113720425,-0.028500619578686548,-0.02602040816326534,,0.0031300432838732234
2015-03-17,716017,182446,192971,370294,288220,005602,SOYBEANS - CHICAGO BOARD OF TRADE,954.5,-0.11462577005853213,82074,0.19830709143210157,-10525,-0.31434254195779965,0.05869427225541143,0.03280618618762603,-0.02602040816326534,0.028548978522786816,,-0.013457725404462861
2015-03-24,728285,185190,193766,376378,301124,005602,SOYBEANS - CHICAGO BOARD OF TRADE,981.75,-0.10333042696197231,75254,-0.9524913514623257,-8576,0.2722002410557291,0.02802648553067002,0.009338815060323627,0.028548978522786816,-0.008658008658008698,,-0.00831141330022583
2015-03-31,763912,188526,202812,392976,313369,005602,SOYBEANS - CHICAGO BOARD OF TRADE,973.25,-0.10420964718449245,79607,0.5977055685617582,-14286,-0.7840337230617134,0.0408341532820364,0.03164016783445513,-0.008658008658008698,-0.002311841767274614,,-0.008695208462904254
2015-04-07,753955,184254,195292,391881,319289,005602,SOYBEANS - CHICAGO BOARD OF TRADE,971.0,-0.09628160831879887,72592,-0.9182994899936119,-11038,0.4251798636492161,0.009864026885273562,0.031068697865344386,-0.002311841767274614,-0.01107106076210096,,-0.002112549879428395
2015-04-14,794398,180451,217666,423451,325609,005602,SOYBEANS - CHICAGO BOARD OF TRADE,960.25,-0.12316496265096337,97842,3.3490062404254894,-37215,-3.471957875470021,0.05058339785864951,0.06575202767025774,-0.01107106076210096,0.015620932048945546,,0.0016256946758830021
2015-04-21,749699,183859,194607,383879,311008,005602,SOYBEANS - CHICAGO BOARD OF TRADE,975.25,-0.09720034307101917,72871,-3.1433865644173324,-10748,3.331705266126048,0.0779594380093454,0.0699323056760713,0.015620932048945546,0.0023071007433992374,,-0.0016062841685600766
2015-04-28,692811,186534,190418,355119,287533,005602,SOYBEANS - CHICAGO BOARD OF TRADE,977.5,-0.09755330097241528,67586,-0.7049495864340222,-3884,0.9155674477356912,0.08128038191742964,0.018209214966361766,0.0023071007433992374,0.01636828644501276,,0.0011356374853239593
2015-05-05,688679,191630,192573,354398,285723,005602,SOYBEANS - CHICAGO BOARD OF TRADE,993.5,-0.09971989853037481,68675,0.15718572597721456,-943,0.42450249779521404,0.003953939958226647,0.018872835454173967,0.01636828644501276,-0.02667337695017613,,0.005789522941243278
2015-05-12,693980,198574,205998,359662,285218,005602,SOYBEANS - CHICAGO BOARD OF TRADE,967.0,-0.10727110291362864,74444,0.8376907093144993,-7424,-0.9410770475068936,0.008945850390770376,0.050347033408144906,-0.02667337695017613,-0.021458117890382655,,0.0019039219615692843
2015-05-19,692395,181476,227327,367120,256147,005602,SOYBEANS - CHICAGO BOARD OF TRADE,946.25,-0.16027412098585345,110973,5.2636963601256515,-45851,-5.5371912735237325,0.0586089107878325,0.09399882094798717,-0.021458117890382655,-0.02509907529722588,,-0.007391275213116789
2015-05-26,710533,180528,235482,370173,249716,005602,SOYBEANS - CHICAGO BOARD OF TRADE,922.5,-0.16953047923178796,120457,1.3697383718831013,-54954,-1.3147119779894423,0.015299513299961768,0.021881685536405376,-0.02509907529722588,0.01978319783197824,,-0.014317580050854957
2015-06-02,748391,186312,235141,388546,276995,005602,SOYBEANS - CHICAGO BOARD OF TRADE,940.75,-0.14905443812124947,111551,-1.2534252455550974,-48829,0.8620289275797184,0.06859382066619488,0.014533055880489639,0.01978319783197824,0.011427052883337785,,-0.013451915759526697
2015-06-09,744119,180481,218562,384561,287944,005602,SOYBEANS - CHICAGO BOARD OF TRADE,951.5,-0.12984079159381764,96617,-1.9954809718449313,-38081,1.4361476821607957,0.02220652634552903,0.056159361271842886,0.011427052883337785,0.006305832895428187,,-0.0038441147687885953
2015-06-16,737549,193515,213427,367266,290595,005602,SOYBEANS - CHICAGO BOARD OF TRADE,957.5,-0.10395377120706556,76671,-2.6804852449675387,-19912,2.441679355049394,0.030319474782666854,0.04464764020425515,0.006305832895428187,0.031331592689294974,,0.003099443835990862
2015-06-23,701538,192266,162048,340114,320695,005602,SOYBEANS - CHICAGO BOARD OF TRADE,987.5,-0.027680610316191,19419,-7.762467307256873,30218,6.79683654916487,0.08663925582127362,0.1485349153575642,0.031331592689294974,0.06962025316455689,,0.017065472030612424
2015-06-30,665965,192644,112528,327959,368836,005602,SOYBEANS - CHICAGO BOARD OF TRADE,1056.25,0.06138010255794223,-40877,-8.59483021589707,80116,7.1126581881523165,0.08653334194418731,0.16350779232695004,0.06962025316455689,-0.05136094674556213,-0.110665670520571,0.029239511378645784
2015-07-07,665404,193136,94543,321785,383372,005602,SOYBEANS - CHICAGO BOARD OF TRADE,1002.0,0.09255580068650023,-61587,-3.109773036120517,98593,2.7744701298116268,0.02936934611724765,0.06422783727696495,-0.05136094674556213,0.036926147704590795,-0.10313894936475354,0.013877444293514457
2015-07-14,676444,197217,90171,325354,402068,005602,SOYBEANS - CHICAGO BOARD OF TRADE,1039.0,0.11340776176594071,-76714,-2.273355735763536,107046,1.2703560543669712,0.03060809268897559,0.0294131974891088,0.036926147704590795,-0.019489894128970175,-0.09540513825294303,0.021398668340104402
2015-07-21,679722,201175,87254,320939,405343,005602,SOYBEANS - CHICAGO BOARD OF TRADE,1018.75,0.12417429478522102,-84404,-1.1368272909509138,113921,1.0163442945757521,0.010588173739676875,0.023836022036619064,-0.019489894128970175,-0.043190184049079705,-0.08783343366542014,0.008884307405146999
2015-07-28,634083,175889,83918,306012,362696,005602,SOYBEANS - CHICAGO BOARD OF TRADE,974.75,0.08939523690116279,-56684,4.078137826935129,91971,-3.2292613745031056,0.08609736985350856,0.11016639274538408,-0.043190184049079705,0.0012823800974608446,-0.0819258113132007,-0.019466977323785103
2015-08-04,642573,176166,88363,314239,367929,005602,SOYBEANS - CHICAGO BOARD OF TRADE,976.0,0.08355470895913772,-53690,0.4721779325419543,87803,-0.6573271953356264,0.019731209907236927,0.0178505948308125,0.0012823800974608446,0.03893442622950816,-0.07658773001409301,-0.006136678548137327
2015-08-11,648712,182191,77808,311657,389364,005602,SOYBEANS - CHICAGO BOARD OF TRADE,1014.0,0.11978659250946491,-77707,-3.7376298101538654,104383,2.5802515823104923,0.03426002930012082,0.0637694760364463,0.03893442622950816,-0.09935897435897434,-0.07045103243523182,-0.005631645954360609
2015-08-18,658363,172499,104923,331111,370358,005602,SOYBEANS - CHICAGO BOARD OF TRADE,913.25,0.05961300984411336,-39247,5.928670966468942,67576,-5.673858353167508,0.05482779709438336,0.13267513030689707,-0.09935897435897434,-0.020804817957842836,-0.06650969782070622,-0.025916025876088027
2015-08-25,655907,161116,114205,335332,346931,005602,SOYBEANS - CHICAGO BOARD OF TRADE,894.25,0.01768390945667602,-11599,4.199506958926914,46911,-3.1388458950457423,0.0405239621670822,0.07505784157401724,-0.020804817957842836,-0.010623427453173018,-0.06403341525372439,-0.020189183426786054
2015-09-01,656453,163177,132461,334230,333160,005602,SOYBEANS - CHICAGO BOARD OF TRADE,884.75,-0.0016299719858085804,1070,1.9315238288354903,30716,-2.469100040097148,0.02228532042733634,0.06872255934622748,-0.010623427453173018,0.006781576716586635,-0.062250459731783926,-0.02323095967039251
2015-09-08,654678,170276,135451,327480,333836,005602,SOYBEANS - CHICAGO BOARD OF TRADE,890.75,0.009708589566168406,-6356,-1.1312310249172448,34825,0.6259397093165847,0.011229124956904112,0.033000029438028045,0.006781576716586635,-0.0019646365422396617,-0.06025159725128526,-0.03149212298856165
2015-09-15,669738,173129,146072,331692,333607,005602,SOYBEANS - CHICAGO BOARD OF TRADE,889.0,0.002859327080141787,-1915,0.6783487454901493,27057,-1.1865375039332313,0.006675194160820924,0.042211647206619025,-0.0019646365422396617,-0.030652418447694063,-0.05854589659367912,-0.0066750550020585366
2015-09-22,688550,172843,155291,343690,334929,005602,SOYBEANS - CHICAGO BOARD OF TRADE,861.75,-0.012723839953525525,8761,1.5940561831641626,17552,-1.4192116917361715,0.019628097651259394,0.028966824529003395,-0.030652418447694063,0.02610966057441244,-0.0573400529978856,-0.009156519700572133
2015-09-29,699001,176615,136698,344606,360513,005602,SOYBEANS - CHICAGO BOARD OF TRADE,884.25,0.02275676286586142,-15907,-3.5826011182920627,39917,3.248130128530971,0.03758230880177672,0.07138229182957617,0.02610966057441244,0.004240882103477617,-0.05528628848855876,6.854322612565838e-05
2015-10-06,704546,175596,131908,346037,369131,005602,SOYBEANS - CHICAGO BOARD OF TRADE,888.0,0.03277855526821528,-23094,-1.0281816478088015,43688,0.5394842067464853,0.01405124390353036,0.01889081117643998,0.004240882103477617,0.029279279279279313,-0.05308466739463941,-0.0005667886723679975
2015-10-13,733840,192606,129473,336796,380447,005602,SOYBEANS - CHICAGO BOARD OF TRADE,914.0,0.059482993568080234,-43651,-2.9177654830202715,63133,2.7599333471483765,0.028661137159930457,0.06037338665358499,0.029279279279279313,-0.01969365426695846,-0.05033911468823161,0.007218236612305191
2015-10-20,733699,185929,121789,360829,404981,005602,SOYBEANS - CHICAGO BOARD OF TRADE,896.0,0.06017726615410407,-44152,-0.06827101275482395,64140,0.13722337294233075,0.06341912484819995,0.0466693531090154,-0.01969365426695846,-0.005301339285714302,-0.047707772287223615,0.009934530651665116
2015-10-27,657291,141753,117950,348677,359545,005602,SOYBEANS - CHICAGO BOARD OF TRADE,891.25,0.016534533410620257,-10868,4.5364652262031155,23803,-5.497758617634752,0.08131348644916425,0.18488427164876803,-0.005301339285714302,-0.014305750350631086,-0.04621376517797143,0.002129023976731512
2015-11-03,637483,131579,130336,347262,338498,005602,SOYBEANS - CHICAGO BOARD OF TRADE,878.5,-0.013747817588861193,8764,2.986804931149217,1243,-3.4322697252814964,0.03275489967335511,0.08613481472996964,-0.014305750350631086,-0.015936254980079667,-0.04547590273276438,-0.0025085098376073653
2015-11-10,668620,133163,162108,368851,328350,005602,SOYBEANS - CHICAGO BOARD OF TRADE,864.5,-0.060574018126888216,40501,4.978485700795159,-28945,-4.735498828988381,0.045520588754175625,0.11296740959999459,-0.015936254980079667,-0.0005783689994216523,-0.04581141640818936,-0.013905484389255299
2015-11-17,679275,131640,158726,369880,332980,005602,SOYBEANS - CHICAGO BOARD OF TRADE,864.0,-0.0543226233852269,36900,-0.5385719840866262,-27086,0.2780353564057312,0.008051390034999857,0.016892473636720553,-0.0005783689994216523,-0.0002893518518518601,-0.04599644264682061,-0.009071449870231315
2015-11-24,692979,128901,164960,379091,335403,005602,SOYBEANS - CHICAGO BOARD OF TRADE,863.75,-0.06304375745873973,43688,0.9993007250377239,-36059,-1.3209672076846637,0.016282851920380016,0.030534844705490012,-0.0002893518518518601,0.029522431259044968,-0.04635915147260612,-0.007807833501564002
2015-12-01,688485,133256,159464,374381,339983,005602,SOYBEANS - CHICAGO BOARD OF TRADE,889.25,-0.04996187280768644,34398,-1.3405889644563544,-26208,1.4215437985855273,0.013004574698613032,0.03365332057939328,0.029522431259044968,-0.014056789429294336,-0.04643420816708696,0.0031745695745350475
2015-12-08,698467,137823,148603,378445,357670,005602,SOYBEANS - CHICAGO BOARD OF TRADE,876.75,-0.029743710153808268,20775,-1.9786923462384802,-10780,2.2408621829088506,0.029548372197278957,0.05386382521139841,-0.014056789429294336,-0.010835471913316241,-0.0460935857586527,0.003642837049491575
2015-12-15,692992,128311,154498,375939,341617,005602,SOYBEANS - CHICAGO BOARD OF TRADE,867.25,-0.049527267270040636,34322,1.9395332921956228,-26187,-2.205830769384953,0.025864183422617888,0.054478464263867134,-0.010835471913316241,0.02075526088209867,-0.04616225938888047,0.001084616107382069
2015-12-22,680534,122560,157041,380381,339603,005602,SOYBEANS - CHICAGO BOARD OF TRADE,885.25,-0.059920591770580164,40778,0.9316124861470262,-34481,-1.1968392131510897,0.008966865930354008,0.029663699342992334,0.02075526088209867,-0.017226772098277277,-0.04643203061205105,0.00632630437062055
2015-12-29,646657,111514,171797,370306,299453,005602,SOYBEANS - CHICAGO BOARD OF TRADE,870.0,-0.10956813271950973,70853,4.419323648781692,-60283,-3.7914343735948535,0.07498966045995649,0.09107306105304772,-0.017226772098277277,-0.002586206896551757,-0.04764618642180986,-0.005355256965476637
2016-01-05,658069,117716,196631,373441,278964,005602,SOYBEANS - CHICAGO BOARD OF TRADE,867.75,-0.14356701196986943,94477,3.6532504867340805,-78915,-2.881280184085226,0.03621063603129958,0.0987316564179076,-0.002586206896551757,0.026505329876116424,-0.04900225717009755,-0.0024763611593819988
2016-01-12,671806,126670,192168,377694,302762,005602,SOYBEANS - CHICAGO BOARD OF TRADE,890.75,-0.11153815238327731,74932,-2.9700532922839398,-65498,2.0388439510142553,0.04122382637525424,0.04208093138208118,0.026505329876116424,-0.008139208532135789,-0.04907720988919143,0.0068384672328161795
2016-01-19,665786,133380,172474,369442,319656,005602,SOYBEANS - CHICAGO BOARD OF TRADE,883.5,-0.07477778144929452,49786,-3.7430448671193766,-39094,3.9303013072226207,0.036491181225311926,0.08632877124379607,-0.008139208532135789,-0.007923033389926393,-0.04789580161015214,-0.00036177984714986556
2016-01-26,685068,134721,175225,387325,333880,005602,SOYBEANS - CHICAGO BOARD OF TRADE,876.5,-0.0780141533395225,53445,0.5495759898826349,-40504,-0.21177976106436605,0.04451854881760387,0.013202299755441271,-0.007923033389926393,0.01112378779235601,-0.04617604089281336,0.0019622937061295333
2016-02-02,715617,148433,188960,394037,342369,005602,SOYBEANS - CHICAGO BOARD OF TRADE,886.25,-0.07220063246121879,51668,-0.2593903086992824,-40527,-0.0033573309510880668,0.02064214577284813,0.08135023548206394,0.01112378779235601,-0.02595204513399152,-0.044866351931605104,0.005377235656583079
2016-02-09,736229,134895,205434,414157,329939,005602,SOYBEANS - CHICAGO BOARD OF TRADE,863.25,-0.11439103865780892,84218,4.54852246383191,-70539,-4.193863477251099,0.04374435556702361,0.08818525603166348,-0.02595204513399152,0.019113814074717572,-0.04408845440296985,-0.007752598700715347
2016-02-16,746016,144332,199913,411675,344862,005602,SOYBEANS - CHICAGO BOARD OF TRADE,879.75,-0.0895597413460301,66813,-2.3640742214718515,-55581,2.0317048092373433,0.02300614510592344,0.04345161149762524,0.019113814074717572,-0.011935208866155178,-0.043197253809997255,-0.0009097828911888231
2016-02-23,713828,149699,179076,381761,336884,005602,SOYBEANS - CHICAGO BOARD OF TRADE,869.25,-0.06286808586942513,44877,-2.9404195084287736,-29377,3.512525200531892,0.05272700707581629,0.07970192380807543,-0.011935208866155178,-0.021282714984181772,-0.04219108343347584,-0.0019142440298600936
2016-03-01,701548,134023,212014,379921,296063,005602,SOYBEANS - CHICAGO BOARD OF TRADE,850.75,-0.11953280459783222,83858,5.460839305827174,-77991,-6.810324055654863,0.06310948188122796,0.14048786690440618,-0.021282714984181772,0.03144284454892743,-0.042463112395305064,-0.010064516486776143
2016-03-08,696854,139051,181343,375216,319418,005602,SOYBEANS - CHICAGO BOARD OF TRADE,877.5,-0.08007129183444452,55798,-3.999726319510568,-42292,5.088604058453591,0.04039537367880063,0.11142218643295443,0.03144284454892743,0.01652421652421654,-0.0417139639205425,0.004325316012831558
2016-03-15,710513,174423,160962,359962,354971,005602,SOYBEANS - CHICAGO BOARD OF TRADE,892.0,-0.007024502014741462,4991,-7.290910291108324,13461,8.000671589744767,0.07106540053403605,0.16623581853690536,0.01652421652421654,0.020459641255605288,-0.03964470876585423,0.0036805029377020237
2016-03-22,749752,202371,157106,359692,383349,005602,SOYBEANS - CHICAGO BOARD OF TRADE,910.25,0.031553100225141115,-23657,-4.032016303712951,45265,4.47620240586731,0.03855507300404688,0.08847297601793717,0.020459641255605288,0.006316945893985126,-0.03705079478148666,0.011717082926341112
2016-03-29,763700,215560,146702,352179,392725,005602,SOYBEANS - CHICAGO BOARD OF TRADE,916.0,0.05309152808694514,-40546,-2.252611530212657,68858,3.1467738665585423,0.022672720243145424,0.06512689710761824,0.006316945893985126,-0.012281659388646338,-0.034025772180112865,0.018513475182519265
2016-04-05,772217,215027,153967,362157,387499,005602,SOYBEANS - CHICAGO BOARD OF TRADE,904.75,0.032817200346534715,-25342,1.99083409715857,61060,-1.0210815765352887,0.020281302357347902,0.02113313495612395,-0.012281659388646338,0.03481624758220514,-0.0315431027827026,0.007724872268350691
2016-04-12,840936,240811,157614,395480,437052,005602,SOYBEANS - CHICAGO BOARD OF TRADE,936.25,0.04943539104045968,-41572,-2.101740831916417,83197,2.866681256693391,0.09954692432242845,0.07386835665432641,0.03481624758220514,0.052603471295060045,-0.028223865211713696,0.012252425371100797
2016-04-19,895583,269210,136499,406166,493900,005602,SOYBEANS - CHICAGO BOARD OF TRADE,985.5,0.0979630028707557,-87734,-5.489359475631915,132711,5.887962936537383,0.07503227541091431,0.12204313929442039,0.052603471295060045,0.032724505327245135,-0.024470723943602637,0.02015918268907447
2016-04-26,807402,270169,89089,343048,470167,005602,SOYBEANS - CHICAGO BOARD OF TRADE,1017.75,0.15744201773094443,-127119,-4.397694016076679,181080,5.400839453183011,0.10679955485326759,0.134635832744156,0.032724505327245135,0.003684598378776771,-0.019566967814691878,0.026608474889174755
2016-05-03,794400,281445,87921,328105,467683,005602,SOYBEANS - CHICAGO BOARD OF TRADE,1021.5,0.175702416918429,-139578,-1.5430974904694317,193524,1.5412396798620762,0.021899048490301436,0.03369016097854161,0.003684598378776771,0.053352912383749285,-0.014270384825291804,0.030487696555338294
2016-05-10,834128,314740,85224,326970,500021,005602,SOYBEANS - CHICAGO BOARD OF TRADE,1076.0,0.20746336293710319,-173051,-4.213620342396777,229516,4.530715005035247,0.04047565209294902,0.0899880989289036,0.053352912383749285,0.003949814126394058,-0.008217798943546961,0.03497263730994676
2016-05-17,856259,301365,75363,356447,531454,005602,SOYBEANS - CHICAGO BOARD OF TRADE,1080.25,0.20438558893979508,-175007,-0.23449638424798114,226002,-0.421278269042641,0.06859999031423548,0.06167845235820008,0.003949814126394058,-0.023605646841009076,-0.0012051122142075653,0.02315773532140442
2016-05-24,869742,305638,81061,377808,553743,005602,SOYBEANS - CHICAGO BOARD OF TRADE,1054.75,0.20228412563725795,-175935,-0.10837842288373029,224577,-0.16642160841521084,0.04685733792352754,0.02578491281332509,-0.023605646841009076,0.0225171841668641,0.005945168648658702,0.009302021252815105
2016-05-31,885635,313477,79788,383556,567753,005602,SOYBEANS - CHICAGO BOARD OF TRADE,1078.5,0.20798297266932766,-184197,-0.9499368778327365,233689,1.04766700929701,0.020769276859569287,0.023170127013591345,0.0225171841668641,0.058182661103384437,0.012811272702323647,0.013955730163272737
2016-06-07,872273,322060,79883,373333,572914,005602,SOYBEANS - CHICAGO BOARD OF TRADE,1141.25,0.22880566061313373,-199581,-1.7370587205790198,242177,0.9584083736528028,0.01625791151781723,0.021590125963134078,0.058182661103384437,0.024753559693318827,0.019708319860149634,0.015145725387061174
2016-06-14,882500,323155,76047,374778,582142,005602,SOYBEANS - CHICAGO BOARD OF TRADE,1169.5,0.23497337110481586,-207364,-0.8922665266493404,247108,0.5653046695243348,0.011153492454959663,0.01235214252433605,0.024753559693318827,-0.030996152201795635,0.026226149519993507,0.020255406668911017
2016-06-21,865099,317066,74583,369495,572674,005602,SOYBEANS - CHICAGO BOARD OF TRADE,1133.25,0.23486213716580415,-203179,0.47422096317280454,242483,-0.5240793201133145,0.015656426819392274,0.019285125201392063,-0.030996152201795635,0.015221707478491053,0.03127504851003188,0.018443187196111675
2016-06-28,781072,311052,58978,321970,530615,005602,SOYBEANS - CHICAGO BOARD OF TRADE,1150.5,0.2671264620931233,-208645,-0.6318352003643514,252074,1.1086592401563289,0.10507339444160993,0.05842499256817015,0.015221707478491053,-0.029117774880486724,0.03523170927032382,0.016651042755268373
2016-07-05,758851,297206,68972,321914,503375,005602,SOYBEANS - CHICAGO BOARD OF TRADE,1117.0,0.2391259944310543,-181461,3.4803449617960953,228234,-3.052215416760555,0.033074474517411474,0.06510494895924933,-0.029117774880486724,-0.008728737690241739,0.038050366842334475,-0.005047381603927874
2016-07-12,766037,291998,75892,331737,507162,005602,SOYBEANS - CHICAGO BOARD OF TRADE,1107.25,0.22900329879627224,-175425,0.7954130652789546,216106,-1.5982057083669916,0.016223645516325564,0.032966375818858897,-0.008728737690241739,-0.05712350417701517,0.040273357939071615,-0.013495900680593597
2016-07-19,771578,291262,89116,340337,505642,005602,SOYBEANS - CHICAGO BOARD OF TRADE,1044.0,0.21424275964322467,-165305,1.3210850128649139,202146,-1.8223662825685967,0.011962471881689734,0.0367003349299907,-0.05712350417701517,-0.048371647509578564,0.04200544380172554,-0.02013850255962075
2016-07-26,702484,253504,72033,312202,457239,005602,SOYBEANS - CHICAGO BOARD OF TRADE,993.5,0.2064630653509546,-145037,2.6268245076972128,181471,-2.679573549271752,0.09947221424384715,0.1684631854443581,-0.048371647509578564,-0.008303975842979372,0.044256748194990765,-0.036493268720613994
2016-08-02,682021,244594,79893,310421,438329,005602,SOYBEANS - CHICAGO BOARD OF TRADE,985.25,0.18754261232425395,-127908,2.4383473502599347,164701,-2.387242983470086,0.02763405676126878,0.05168157738214474,-0.008303975842979372,0.03730017761989335,0.04625651556739685,-0.0311109314652449
2016-08-09,674104,244234,74187,302668,434202,005602,SOYBEANS - CHICAGO BOARD OF TRADE,1022.0,0.19512419448631071,-131534,-0.5316551836380405,170047,0.7838468316957982,0.016122246800656832,0.01905025108268613,0.03730017761989335,-0.0024461839530333096,0.04770531560541311,-0.01930998089331722
2016-08-16,670757,229734,72814,310247,433372,005602,SOYBEANS - CHICAGO BOARD OF TRADE,1019.5,0.18356125988994523,-123125,1.2474336304190452,156920,-1.9473256352135575,0.011308210252831087,0.05246440234276875,-0.0024461839530333096,0.014467876410004799,0.050088935798602185,-0.005470342499213464
2016-08-23,669874,248985,69606,295783,438482,005602,SOYBEANS - CHICAGO BOARD OF TRADE,1034.25,0.21302364325231313,-142699,-2.9181954120493714,179379,3.3483064656798214,0.026657950467474278,0.07049477229425816,0.014467876410004799,-0.06647328982354361,0.05384546914082598,0.010202253136373253
2016-08-30,632779,217512,70966,296394,399935,005602,SOYBEANS - CHICAGO BOARD OF TRADE,965.5,0.16362900791587584,-103541,5.845576929392691,146546,-4.901369511281226,0.056234911945359164,0.11381457164844459,-0.06647328982354361,0.009062661833246999,0.0570235264466276,-0.004297074149852878
2016-09-06,628449,207423,75335,295286,384732,005602,SOYBEANS - CHICAGO BOARD OF TRADE,974.25,0.14232817619249932,-89446,2.227475943417844,132088,-2.2848419432376863,0.023986129778917616,0.05113206346062711,0.009062661833246999,-0.006158583525789019,0.059573903112518575,-0.011412104946690623
2016-09-13,625277,199463,80511,295142,371890,005602,SOYBEANS - CHICAGO BOARD OF TRADE,968.25,0.12274240056806823,-76748,2.0205299077570333,118952,-2.090225300700614,0.01946833135441778,0.046918642445369925,-0.006158583525789019,0.022205009036922352,0.061879346833440235,-0.012351297983631812
2016-09-20,650105,203582,78366,304312,392743,005602,SOYBEANS - CHICAGO BOARD OF TRADE,989.75,0.13602571892232793,-88431,-1.8684519021169816,125216,1.0017960040110223,0.04307120671969931,0.02221686268389916,0.022205009036922352,-0.03763576660772927,0.0647399152733605,-0.010394890781279984
2016-09-27,645605,188927,90457,309982,365565,005602,SOYBEANS - CHICAGO BOARD OF TRADE,952.5,0.08609443854988731,-55583,5.052722252559202,98470,-4.114104644634328,0.048624300011694224,0.09573203905735475,-0.03763576660772927,0.011548556430446277,0.06595794749805331,-0.003136583755661487
2016-10-04,651042,189926,84986,308832,376538,005602,SOYBEANS - CHICAGO BOARD OF TRADE,963.5,0.10399636275386227,-67706,-1.877773561233262,104940,1.002160763934604,0.01768825597852255,0.02353480386450937,0.011548556430446277,-0.009600415153087738,0.06732752071893112,-0.0025133519912002443
2016-10-11,652265,190996,72161,311944,390942,005602,SOYBEANS - CHICAGO BOARD OF TRADE,954.25,0.12111335116862011,-78998,-1.7344503119614403,118835,2.1342709072532955,0.024920115068446377,0.05280117952401038,-0.009600415153087738,0.019124967251768377,0.0685127199035569,-0.0033763475251743762
2016-10-18,687868,213024,73251,323035,423737,005602,SOYBEANS - CHICAGO BOARD OF TRADE,972.5,0.146397273895573,-100702,-3.327481928357339,139773,3.2100449970487457,0.05876760242751469,0.08075451925596018,0.019124967251768377,0.01876606683804627,0.07017079697550822,-0.004149260808755049
2016-10-25,639067,193959,68982,305378,386925,005602,SOYBEANS - CHICAGO BOARD OF TRADE,990.75,0.12760320905319786,-81547,2.7846912489024054,124977,-2.150994086074654,0.07867797770629334,0.08874234143781305,0.01876606683804627,-0.006560686348725753,0.07230673304555779,0.009910521983373105
2016-11-01,615146,209926,70289,288714,381618,005602,SOYBEANS - CHICAGO BOARD OF TRADE,984.25,0.15102756093675324,-92904,-1.7771219606081992,139637,2.2939691769407586,0.03277629592500433,0.06164552218831968,-0.006560686348725753,0.017780035560071017,0.07547549032489655,0.005417780434551252
2016-11-08,620641,220604,67933,283210,390206,005602,SOYBEANS - CHICAGO BOARD OF TRADE,1001.75,0.17239595837207017,-106996,-2.2908382725401775,152671,2.118846582762466,0.02092614372096891,0.045172716150788286,0.017780035560071017,-0.012228599950087293,0.07995568218064573,0.012202837425949761
2016-11-15,617685,197119,77779,301760,372825,005602,SOYBEANS - CHICAGO BOARD OF TRADE,989.5,0.11505055165658871,-71065,5.789337153040163,119340,-5.370415425342509,0.05326385852042367,0.12124860857481684,-0.012228599950087293,0.0409297625063163,0.08321285862375757,0.004429379822334931
2016-11-22,668531,226723,86478,312498,400344,005602,SOYBEANS - CHICAGO BOARD OF TRADE,1030.0,0.13140153560567872,-87846,-2.716756923027109,140245,3.384411148077094,0.05366827431604759,0.12229526725649024,0.0409297625063163,0.012135922330097193,0.0869521911826887,0.009930655354550911
2016-11-29,721091,260207,96034,330868,436745,005602,SOYBEANS - CHICAGO BOARD OF TRADE,1042.5,0.14682890231607384,-105877,-2.697107538767836,164173,3.5791907929475224,0.07135236115073611,0.12081708730887236,0.012135922330097193,0.005035971223021685,0.09073662916583793,0.014547943745253129
2016-12-06,736998,247987,92552,344955,439864,005602,SOYBEANS - CHICAGO BOARD OF TRADE,1047.75,0.12877782572001553,-94909,1.521028552568261,155435,-1.2117749354797105,0.021923526316258907,0.04610925620853999,0.005035971223021685,-0.018849916487711726,0.09378512024033456,0.011403001975110379
2016-12-13,742646,240582,88588,345408,436057,005602,SOYBEANS - CHICAGO BOARD OF TRADE,1028.0,0.12206219383124665,-90649,0.5780205645062809,151994,-0.4668940756962705,0.005451299802294409,0.03453838442142358,-0.018849916487711726,-0.02213035019455256,0.09708491756920544,0.009765100721830212
2016-12-20,716574,224360,87786,346879,422134,005602,SOYBEANS - CHICAGO BOARD OF TRADE,1005.25,0.10502055614632962,-75255,2.072858400907027,136574,-2.076359395997555,0.020017867058164166,0.054538581304902196,-0.02213035019455256,0.009450385476249767,0.10025686272145373,-0.005969877593875619
2016-12-27,677946,204189,70456,334584,404852,005602,SOYBEANS - CHICAGO BOARD OF TRADE,1014.75,0.10364837317426462,-70268,0.695950453128358,133733,-0.3964698691272639,0.03999940495188224,0.13654353802180996,0.009450385476249767,-0.02759300320275926,0.10435718014248785,-0.006645510064856322
2017-01-03,629759,195403,69573,309388,373895,005602,SOYBEANS - CHICAGO BOARD OF TRADE,986.75,0.10243124750896772,-64507,0.8497726957604294,125830,-1.165727063807442,0.08218117529632671,0.03649009721635167,-0.02759300320275926,0.019001773498859897,0.10908791590169625,-0.014891044415434092
2017-01-10,628625,196625,77523,312319,370519,005602,SOYBEANS - CHICAGO BOARD OF TRADE,1005.5,0.0925830184927421,-58200,1.0014942223930106,119102,-1.068345192367239,0.009236451398428325,0.03345638122473992,0.019001773498859897,0.0634012928891099,0.11301332303392739,-0.005331988424645079
2017-01-17,682682,242587,87822,321708,410075,005602,SOYBEANS - CHICAGO BOARD OF TRADE,1069.25,0.12944094029138017,-88367,-4.798886458540466,154765,5.673175581626566,0.06688458190474499,0.17027683870596746,0.0634012928891099,-0.010053776011222815,0.11694060614432499,0.01593743387975444
2017-01-24,728991,275598,94587,323578,438594,005602,SOYBEANS - CHICAGO BOARD OF TRADE,1058.5,0.15777423863943452,-115016,-3.903574431433669,181011,3.8445425542199736,0.03987157754417638,0.1074489782135959,-0.010053776011222815,-0.03212092583845061,0.12147499829776645,0.011126937185816803
2017-01-31,722216,252060,83611,331882,431429,005602,SOYBEANS - CHICAGO BOARD OF TRADE,1024.5,0.13783549519811247,-99547,2.1219740710104786,168449,-1.7232037158209086,0.020265658427560982,0.10282091690971219,-0.03212092583845061,0.017813567593948365,0.12551415459890744,0.010006855131456898
2017-02-07,729898,245413,84880,337402,430353,005602,SOYBEANS - CHICAGO BOARD OF TRADE,1042.75,0.12734793080677026,-92951,0.9133001761245942,160533,-1.0960709815346101,0.008591282375236892,0.02396659935269594,0.017813567593948365,0.002157755933828831,0.13016298093476475,0.009712718128813514
2017-02-14,772254,261521,85200,339978,449139,005602,SOYBEANS - CHICAGO BOARD OF TRADE,1045.0,0.1413537514859101,-109161,-2.2208582569071296,176321,2.163041959287462,0.027070763904465372,0.04738103547232501,0.002157755933828831,-0.01794258373205737,0.13460362502768666,-0.005566307767298276
2017-02-21,756976,251562,84793,343645,441965,005602,SOYBEANS - CHICAGO BOARD OF TRADE,1026.25,0.12988522753693643,-98320,1.4038127351881635,166769,-1.2368987405698126,0.013799467929379718,0.03081862912696407,-0.01794258373205737,-0.0012180267965895553,0.13831041951627054,-0.007551487356070665
2017-02-28,684523,231070,82878,311577,392442,005602,SOYBEANS - CHICAGO BOARD OF TRADE,1025.0,0.1181333570968397,-80865,2.305885523451206,148192,-2.4541068673247235,0.11589317901931624,0.07137169212735867,-0.0012180267965895553,-0.010000000000000009,0.14288092262578347,0.0002026577133209436
2017-03-07,676564,228137,84758,314327,387509,005602,SOYBEANS - CHICAGO BOARD OF TRADE,1014.75,0.10816715048391579,-73182,1.122387414301638,143379,-0.7031173532518264,0.010947001863683253,0.015382156953610636,-0.010000000000000009,-0.027100271002710064,0.1465008926703673,-0.0067736027862566935
2017-03-14,676014,201032,95554,338671,374394,005602,SOYBEANS - CHICAGO BOARD OF TRADE,987.25,0.05284358016254101,-35723,5.536652851762731,105478,-5.601982960961564,0.05253237783371782,0.1277909274207144,-0.027100271002710064,0.0144340339326412,0.14765220194300738,-0.014165073000173308
2017-03-21,699616,183694,112737,366747,369159,005602,SOYBEANS - CHICAGO BOARD OF TRADE,1001.5,0.003447605543612496,-2412,4.927560671820406,70957,-5.106551047759366,0.045265292034580504,0.11645543144947729,0.0144340339326412,-0.029455816275586577,0.14711171166067027,-0.005988964063764526
2017-03-28,708598,168007,116342,382723,365227,005602,SOYBEANS - CHICAGO BOARD OF TRADE,972.0,-0.024691009571012053,17496,2.845560993459269,51665,-2.757512692677126,0.02661675245671502,0.06784620308142458,-0.029455816275586577,-0.03523662551440332,0.14561589362878646,-0.013116155261003102
2017-04-04,741939,162637,140480,406335,363411,005602,SOYBEANS - CHICAGO BOARD OF TRADE,937.75,-0.057853812779756826,42924,3.5884944637156755,22157,-4.16427932339634,0.03303427364351357,0.09734854858025119,-0.03523662551440332,0.0015995734470808376,0.14387222029943472,-0.019529127809889118
2017-04-11,768817,162933,162879,416964,352791,005602,SOYBEANS - CHICAGO BOARD OF TRADE,939.25,-0.08346979840456181,64173,2.863982079389276,54,-2.9790858817234303,0.027604887269325955,0.06965673455857979,0.0015995734470808376,0.007186585041256244,0.14131635127164585,-0.012239304243687644
2017-04-18,771596,162272,174945,424722,350863,005602,SOYBEANS - CHICAGO BOARD OF TRADE,946.0,-0.09572237284796707,73859,1.2598576774446975,-12673,-1.6554004398966204,0.012488637609030602,0.03774127638879416,0.007186585041256244,0.008985200845665897,0.13759163250782425,-0.014075162821457914
2017-04-25,673587,134464,178201,386142,286794,005602,SOYBEANS - CHICAGO BOARD OF TRADE,954.5,-0.1474909699860597,99348,3.3034126667323314,-43737,-4.025941036500967,0.15253902302744987,0.09935234196344331,0.008985200845665897,0.0036668412781561965,0.13172753659018957,-0.004375876743904939
2017-05-02,641899,139076,178859,363590,270204,005602,SOYBEANS - CHICAGO BOARD OF TRADE,958.0,-0.14548394685145172,93386,-0.8851120939091758,-39783,0.5870065782148408,0.06175823690347337,0.01657571516190416,0.0036668412781561965,0.00756784968684765,0.12555087574846108,0.005345238876016557
2017-05-09,640178,148470,178357,357230,272018,005602,SOYBEANS - CHICAGO BOARD OF TRADE,965.25,-0.13310672969080475,85212,-1.2734090565649736,-29887,1.5416755595506457,0.012990108828315704,0.03027901611555961,0.00756784968684765,0.01139601139601143,0.11900145089023209,0.006828253537817364
2017-05-16,647710,146042,174865,359175,272569,005602,SOYBEANS - CHICAGO BOARD OF TRADE,976.25,-0.1337110744005805,86606,0.2177519377423154,-28823,0.16620377457519628,0.00395096748049843,0.01844771226554734,0.01139601139601143,-0.028681177976952577,0.11249959197984025,0.007872903009937185
2017-05-23,666788,142384,190315,377940,276355,005602,SOYBEANS - CHICAGO BOARD OF TRADE,948.25,-0.15234977234143385,101585,2.312609037995399,-47931,-2.9500856864954996,0.034466104738688205,0.05743329556145345,-0.028681177976952577,-0.03743738465594515,0.10567970932640389,-0.0015137640669010972
2017-05-30,688531,144585,207932,392965,275773,005602,SOYBEANS - CHICAGO BOARD OF TRADE,912.75,-0.170205844036071,117192,2.3406240064308297,-63347,-2.3119792197819997,0.023337988868585305,0.05621856534578474,-0.03743738465594515,0.0117775951794028,0.09840684746668467,-0.011858712797565155
2017-06-06,706764,156847,223729,396016,284720,005602,SOYBEANS - CHICAGO BOARD OF TRADE,923.5,-0.15747264999349148,111296,-0.8563158376311306,-66882,-0.5134118870464801,0.017625041131951298,0.07372771798536955,0.0117775951794028,0.009745533297238707,0.09097841841655725,-0.010794288289594223
2017-06-13,700351,159501,205457,385745,295935,005602,SOYBEANS - CHICAGO BOARD OF TRADE,932.5,-0.128235698956666,89810,-3.040052973835679,-45956,2.9608186042299836,0.03151918788874545,0.05733810465861825,0.009745533297238707,-0.005093833780160817,0.08399362860768261,-0.011211472883034479
2017-06-20,706456,157994,208484,393350,299505,005602,SOYBEANS - CHICAGO BOARD OF TRADE,927.75,-0.13283912940084025,93845,0.5761396785326215,-50490,-0.6473896660388863,0.01612891586262638,0.01237182040941066,-0.005093833780160817,-0.017784963621665373,0.0769224504044779,-0.005265862841142908
2017-06-27,684964,137240,231780,393371,258944,005602,SOYBEANS - CHICAGO BOARD OF TRADE,911.25,-0.1962541097050356,134427,5.744448344978315,-94540,-6.235349406049351,0.06221227474456359,0.11937022383610645,-0.017784963621665373,0.12510288065843622,0.06801128556220562,-0.00033897467672089614
2017-07-11,675354,167912,149912,371521,353368,005602,SOYBEANS - CHICAGO BOARD OF TRADE,1025.25,-0.02687923666699242,18153,-16.975198696573834,18000,16.43006055792713,0.16040248920869263,0.3540953483689086,0.12510288065843622,-0.03486954401365516,0.06289580034878163,0.027607778035307347
2017-07-18,652228,169327,128496,352902,358421,005602,SOYBEANS - CHICAGO BOARD OF TRADE,989.5,0.00846176490429727,-5519,-3.5051247197765916,40831,3.380597434826772,0.03327883394744722,0.07665962669102118,-0.03486954401365516,-0.008084891359272373,0.058654617004705194,0.016698436641301724
2017-07-25,628115,170233,111448,340309,361690,005602,SOYBEANS - CHICAGO BOARD OF TRADE,981.5,0.0340399449145459,-21381,-2.431971641818505,58785,2.752718374556137,0.022595473782726187,0.06373876832303209,-0.008084891359272373,-0.02241467142129394,0.055189178259922915,0.015962784542614947
2017-08-01,623648,172123,117418,332689,350389,005602,SOYBEANS - CHICAGO BOARD OF TRADE,959.5,0.028381394632869823,-17700,0.5860391807232752,54705,-0.6495625801007777,0.027699618491592467,0.02714641449742869,-0.02241467142129394,0.0036477331943720603,0.0517645307461136,0.014823037403902915
2017-08-08,619352,159239,117827,345874,350154,005602,SOYBEANS - CHICAGO BOARD OF TRADE,963.0,0.00691044833955489,-4280,2.1518548925034633,41412,-2.1314908409872237,0.019280833529685588,0.04797773815625158,0.0036477331943720603,-0.04283489096573212,0.048290835284869375,-0.015550630130038982
2017-08-15,647201,167601,134316,351025,347569,005602,SOYBEANS - CHICAGO BOARD OF TRADE,921.75,-0.005339917583563684,3456,1.2490473914672109,33285,-1.3121778891486586,0.011073670830267652,0.08231070128545262,-0.04283489096573212,0.013018714401952902,0.04443575620660256,-0.017575223543499007
2017-08-22,673527,172725,154687,359202,341635,005602,SOYBEANS - CHICAGO BOARD OF TRADE,933.75,-0.026082102128051288,17567,2.1803118351176836,18038,-2.355836903836675,0.02013449632368154,0.07786825162180983,0.013018714401952902,-0.003212851405622441,0.04040415309087186,-0.012220141409881518
2017-08-29,652422,144096,158803,363106,313125,005602,SOYBEANS - CHICAGO BOARD OF TRADE,930.75,-0.07660839150120627,49981,4.812576184770618,-14707,-4.861720465549265,0.047933324559211274,0.10810534204470797,-0.003212851405622441,0.03196347031963476,0.034834306268688796,-0.007372433418555781
2017-09-05,663179,145638,147682,359539,327239,005602,SOYBEANS - CHICAGO BOARD OF TRADE,960.5,-0.04870479915678874,32300,-2.7100557614550094,-2044,1.9409216733954404,0.025744854960409333,0.04317128051275058,0.03196347031963476,-0.016918271733472157,0.03075096382498371,-0.00026642490040380747
2017-09-12,667033,149875,146283,364336,332044,005602,SOYBEANS - CHICAGO BOARD OF TRADE,944.25,-0.04841139793683371,32292,-0.0012063108150288232,3592,0.849845969187806,0.013788448835405956,0.01903038243099967,-0.016918271733472157,0.022504633306857258,0.027082895091727302,0.006193545732453686
2017-09-19,662802,155105,134981,351358,336371,005602,SOYBEANS - CHICAGO BOARD OF TRADE,965.5,-0.02261157932534905,14987,-2.594324418731907,20124,2.4784380982650034,0.02516252768168857,0.05698999607013093,0.022504633306857258,-0.0020714655618850886,0.024287626247623127,0.0085476099969922
2017-09-26,673029,160023,125995,355418,355487,005602,SOYBEANS - CHICAGO BOARD OF TRADE,963.5,0.00010252158525115559,-69,-2.2715682813268514,34028,2.09776071888739,0.03260069910888234,0.04861232509842038,-0.0020714655618850886,-0.00856253243383498,0.02167371860652549,0.008830487808266563
2017-10-03,695045,163423,125289,369143,374183,005602,SOYBEANS - CHICAGO BOARD OF TRADE,955.25,0.007251329050637009,-5040,-0.7386011598311514,38134,0.610077723248181,0.043616125360878,0.014221785031450026,-0.00856253243383498,0.011253598534415099,0.020157504962309145,-0.0012627059833412245
2017-10-10,717176,157574,113331,390660,402988,005602,SOYBEANS - CHICAGO BOARD OF TRADE,966.0,0.017189643825225608,-12328,-1.0485652008143358,44243,0.8789358962369342,0.06340594318892002,0.0657315295029623,0.011253598534415099,0.01940993788819867,0.018488144982912284,0.005764412267190124
2017-10-17,744280,178320,96436,395915,438060,005602,SOYBEANS - CHICAGO BOARD OF TRADE,984.75,0.05662519481915408,-42145,-4.157556861913951,81884,5.248502459647283,0.04835516652177823,0.1369979181528338,0.01940993788819867,-0.009393247017009387,0.017247988130037938,0.0049948893514300385
2017-10-24,765011,169915,113422,407029,426562,005602,SOYBEANS - CHICAGO BOARD OF TRADE,975.5,0.025532966192642982,-19533,3.0381039393776534,56493,-3.411484925028215,0.027126012636892672,0.08961413440531946,-0.009393247017009387,-0.0017939518195797532,0.014923674520366205,0.0031719034342855665
2017-10-31,665457,165544,97672,342533,374171,005602,SOYBEANS - CHICAGO BOARD OF TRADE,973.75,0.04754326725844044,-31638,-1.5823301887162406,67872,1.487429592515663,0.16308964370228154,0.07644292140295422,-0.0017939518195797532,0.012580231065468572,0.01338406025508241,0.004857268743827256
2017-11-07,687514,169849,99035,350849,388324,005602,SOYBEANS - CHICAGO BOARD OF TRADE,986.0,0.05450798092838837,-37475,-0.877141573384907,70814,0.4421021944317965,0.030397484756613132,0.021079722110649946,0.012580231065468572,-0.02738336713995948,0.011527914485690776,0.005187265375118653
2017-11-14,711001,173060,121173,367849,382545,005602,SOYBEANS - CHICAGO BOARD OF TRADE,959.0,0.020669450535231313,-14696,3.3132416212615303,51887,-2.7529621214986166,0.030356052953515088,0.08615281086757774,-0.02738336713995948,0.031282586027111536,0.008610097027290028,-0.006518784912468094
2017-11-21,719935,161444,109201,381456,400908,005602,SOYBEANS - CHICAGO BOARD OF TRADE,989.0,0.027019105891504094,-19452,-0.6689160774738714,52243,0.05007025306574815,0.04086333215741011,0.08715475992536348,0.031282586027111536,0.004044489383215444,0.006917184608730711,0.0036646514879653458
2017-11-28,733424,163453,100580,389464,414982,005602,SOYBEANS - CHICAGO BOARD OF TRADE,993.0,0.0347929710508519,-25518,-0.8425760658948378,62873,1.4765221860306832,0.027449946919992144,0.04026011900027648,0.004044489383215444,0.015609264853977844,0.005059327598060963,0.0051178661865281605
2017-12-05,769361,186618,94033,390431,445203,005602,SOYBEANS - CHICAGO BOARD OF TRADE,1008.5,0.07119154727104701,-54772,-3.988688671218831,92585,4.051135495975043,0.037322559876692425,0.10586814228347663,0.015609264853977844,-0.03247397124442242,0.0036047630779642934,0.00587097532872999
2017-12-12,732220,164432,109187,398744,413699,005602,SOYBEANS - CHICAGO BOARD OF TRADE,975.75,0.020424189451257818,-14955,5.175333815984954,55245,-4.853378323049908,0.0490089766297451,0.13646713130301624,-0.03247397124442242,-0.02024084037919549,0.0015210393035651065,0.0046049730723791696
2017-12-19,758065,165055,154773,419358,390231,005602,SOYBEANS - CHICAGO BOARD OF TRADE,956.0,-0.038422826538621356,29127,6.020321761219305,10282,-6.140640791019092,0.05444985047968784,0.14448078342108883,-0.02024084037919549,0.0033995815899581228,-0.0015652110881631243,-0.00829961103118288
2017-12-26,745186,156484,179815,408695,348742,005602,SOYBEANS - CHICAGO BOARD OF TRADE,959.25,-0.0804537390664881,59953,4.066405915060054,-23331,-4.434052488902666,0.06885325116148273,0.09994974710005085,0.0033995815899581228,,-0.005132024457640388,-0.008462194884830531
