,Open_Interest_All,NonComm_Positions_Long_All,NonComm_Positions_Short_All,Comm_Positions_Long_All,Comm_Positions_Short_All,CFTC_Contract_Market_Code,Market_and_Exchange_Names,ZW_Close,HP,NetLong_Comm,Q_Comm,NetLong_NonComm,Q_NonComm,PT_Comm,PT_NonComm,Ret,Ret_Lead,HP_Smooth_52w,Basis
2015-01-06,375872,127118,120140,158548,158931,001602,WHEAT-SRW - CHICAGO BOARD OF TRADE,591.75,0.0010189639026051422,-383,,6978,,,,,-0.07393324883819186,,
2015-01-13,368985,120028,113594,155111,151022,001602,WHEAT-SRW - CHICAGO BOARD OF TRADE,548.0,-0.011081751290702874,4089,1.189766729099268,6434,-0.14473012089221862,0.03706232258528156,0.05836779070464254,-0.07393324883819186,-0.02007299270072993,,
2015-01-20,382543,118632,117264,158715,148460,001602,WHEAT-SRW - CHICAGO BOARD OF TRADE,537.0,-0.026807443869055245,10255,1.671070639727902,1368,-1.372955540198111,0.02007324814844958,0.021475565503442196,-0.02007299270072993,-0.03351955307262566,,-0.04814365001268905
2015-01-27,387290,119886,119964,158168,145848,001602,WHEAT-SRW - CHICAGO BOARD OF TRADE,519.0,-0.031810787781765604,12320,0.5398085966806346,-78,-0.37799672193714173,0.010390900478922162,0.016485303314571608,-0.03351955307262566,-0.010115606936416222,,-0.04343853781501707
2015-02-03,427575,122940,142306,181090,149721,001602,WHEAT-SRW - CHICAGO BOARD OF TRADE,513.75,-0.07336490674150734,31369,4.918536497198481,-19366,-4.980247359859537,0.08099791119400504,0.09574508192394984,-0.010115606936416222,0.015571776155717698,,-0.03501632838115257
2015-02-10,424104,120580,137716,172235,144730,001602,WHEAT-SRW - CHICAGO BOARD OF TRADE,521.75,-0.06485437534189727,27505,-0.903701105069286,-17136,0.5215459276150384,0.04368305648888678,0.026907114318456344,0.015571776155717698,0.02491614758025884,,-0.01210709006705403
2015-02-17,410585,122657,140827,167756,142553,001602,WHEAT-SRW - CHICAGO BOARD OF TRADE,534.75,-0.0613831484345507,25203,-0.5427913907909381,-18170,-0.24380812253598175,0.021449587346805927,0.019690000151811875,0.02491614758025884,-0.05423094904160819,,-0.0007871187649800672
2015-02-24,401742,124096,147364,162616,130159,001602,WHEAT-SRW - CHICAGO BOARD OF TRADE,505.75,-0.08079065669011455,32457,1.7667474457176955,-23268,-1.2416430215424334,0.05988899325420545,0.029381861047668163,-0.05423094904160819,0.005931784478497182,,-0.005982517686521938
2015-03-03,404555,123959,153066,159430,122226,001602,WHEAT-SRW - CHICAGO BOARD OF TRADE,508.75,-0.09196277391207623,37204,1.1816041140831677,-29107,-1.4534203543567763,0.03947723464083847,0.021077520079415216,0.005931784478497182,-0.024078624078624045,,-0.001954719426603018
2015-03-10,424445,129031,165819,171121,123779,001602,WHEAT-SRW - CHICAGO BOARD OF TRADE,496.5,-0.11153859746256876,47342,2.5059633424379872,-36788,-1.8986293581836833,0.04491013903017972,0.06045446837374936,-0.024078624078624045,0.014098690835850913,,-0.011936366084209895
2015-03-17,426797,132301,164632,166138,126987,001602,WHEAT-SRW - CHICAGO BOARD OF TRADE,503.5,-0.09173213494940217,39151,-1.9298142279918482,-32331,1.0500771595848697,0.02794371002132196,0.015010120128109709,0.014098690835850913,0.03972194637537241,,-0.01467695596281767
2015-03-24,427942,118638,158508,170895,126031,001602,WHEAT-SRW - CHICAGO BOARD OF TRADE,523.5,-0.10483663674049287,44864,1.3385754820207265,-39870,-1.7664135408636892,0.019240484161036756,0.07139558211195543,0.03972194637537241,-0.02244508118433619,,0.008878914916572852
2015-03-31,431772,113490,162267,178555,124789,001602,WHEAT-SRW - CHICAGO BOARD OF TRADE,511.75,-0.1245240543620244,53766,2.080188436750775,-48777,-2.0813568193820657,0.029346220792235877,0.03230017733004058,-0.02244508118433619,0.027845627747923762,,0.001822571094882216
2015-04-07,447444,116405,159616,181158,136581,001602,WHEAT-SRW - CHICAGO BOARD OF TRADE,526.0,-0.09962587496982862,44577,-2.12820655345877,-43211,1.289106287577703,0.04530447946270367,0.0201651323631173,0.027845627747923762,-0.05513307984790872,,0.014696767436213933
2015-04-14,469920,116820,175559,188807,126301,001602,WHEAT-SRW - CHICAGO BOARD OF TRADE,497.0,-0.13301413006469187,62506,4.006981879296627,-58739,-3.470378416069944,0.05689795244804956,0.0559479305969307,-0.05513307984790872,0.007545271629778583,,-0.002505783582277507
2015-04-21,455945,123215,183046,184318,118049,001602,WHEAT-SRW - CHICAGO BOARD OF TRADE,500.75,-0.14534428494664928,66269,0.8007745999319033,-59831,-0.23237997957099082,0.042137534850033236,0.04532735150737443,0.007545271629778583,-0.058412381427858207,,-0.010602827250421649
2015-04-28,442544,124883,194803,178197,101511,001602,WHEAT-SRW - CHICAGO BOARD OF TRADE,471.5,-0.1732844643696446,76686,2.284705392097731,-69920,-2.212766890743401,0.08100948131622979,0.04199433193821437,-0.058412381427858207,-0.01590668080593849,,-0.01973204307131119
2015-05-05,455053,122615,200028,185753,100697,001602,WHEAT-SRW - CHICAGO BOARD OF TRADE,464.0,-0.18691449127903784,85056,1.891337358545139,-77413,-1.6931649734263712,0.029219759120265316,0.023223810837365137,-0.01590668080593849,0.03286637931034475,,-0.03095078974815523
2015-05-12,452943,126584,199111,185491,108471,001602,WHEAT-SRW - CHICAGO BOARD OF TRADE,479.25,-0.1700434712535573,77020,-1.7659481423043029,-72527,1.073721083038679,0.02733686666984168,0.015001765455410737,0.03286637931034475,0.0646844027125717,,-0.008512985680487788
2015-05-19,433360,125800,178602,181265,121112,001602,WHEAT-SRW - CHICAGO BOARD OF TRADE,510.25,-0.1388060734724017,60153,-3.723868124686771,-52802,4.354852597346686,0.055781359031936956,0.06995026313887556,0.0646844027125717,-0.032827045565899104,,0.005791128943457907
2015-05-26,437298,120523,183516,184705,116075,001602,WHEAT-SRW - CHICAGO BOARD OF TRADE,493.5,-0.15694103334568188,68630,1.956110393206572,-62993,-2.351624515414436,0.02818338985304874,0.03351872621604465,-0.032827045565899104,0.03850050658561299,,0.012130392308993359
2015-06-02,442014,114879,172633,184827,122840,001602,WHEAT-SRW - CHICAGO BOARD OF TRADE,512.5,-0.14023763953177953,61987,-1.519101390813587,-57754,1.198038865944962,0.022384591132620656,0.05748281810846156,0.03850050658561299,0.03853658536585369,,0.025478704281427598
2015-06-09,443543,122710,143983,172918,147174,001602,WHEAT-SRW - CHICAGO BOARD OF TRADE,532.25,-0.058041723124928134,25744,-8.199514042541638,-21273,8.253358490907528,0.11322682228859203,0.1367902419636061,0.03853658536585369,-0.08172851103804601,,0.026859640716751853
2015-06-16,440311,114623,152433,180188,137704,001602,WHEAT-SRW - CHICAGO BOARD OF TRADE,488.75,-0.09648634715008256,42484,3.7741549297362376,-37810,-3.728387101137883,0.05265939375637009,0.06192334192079564,-0.08172851103804601,0.06700767263427121,,-0.009423881776554718
2015-06-23,433941,107587,151142,185180,138633,001602,WHEAT-SRW - CHICAGO BOARD OF TRADE,521.5,-0.10726573428184938,46547,0.9227568695762767,-43555,-1.3047595903804357,0.018285244878988798,0.03218425456752046,0.06700767263427121,0.17881112176414193,,0.01545895561710998
2015-06-30,389170,118918,117011,155171,153872,001602,WHEAT-SRW - CHICAGO BOARD OF TRADE,614.75,-0.003337872909011486,1299,-10.427223977453156,1907,10.476539437388954,0.1464132822940497,0.1926935645893468,0.17881112176414193,-0.05734038226921512,-0.09550044016818066,0.04941541359507922
2015-07-07,393844,133723,114045,151510,166103,001602,WHEAT-SRW - CHICAGO BOARD OF TRADE,579.5,0.037052741694681146,-14593,-4.083562453426523,19678,4.566384870365136,0.05003573531310116,0.0717243550418133,-0.05734038226921512,0.00690250215703192,-0.09059106306214873,0.02633757623482316
2015-07-14,407177,136325,120598,155330,171392,001602,WHEAT-SRW - CHICAGO BOARD OF TRADE,583.5,0.039447218285905146,-16062,-0.3729903210408182,15727,-1.003189079940281,0.027879971351791433,0.03563324420157012,0.00690250215703192,-0.10068551842330764,-0.08594683872828968,0.04768977665229246
2015-07-21,409308,134738,121445,153528,167815,001602,WHEAT-SRW - CHICAGO BOARD OF TRADE,524.75,0.03490525472260498,-14287,0.43592835548176834,13293,-0.5977744322493658,0.016739122993187965,0.009501020754694885,-0.10068551842330764,-0.02667937112910912,-0.08177952516101744,0.006898084223804107
2015-07-28,394933,120057,115704,156675,156912,001602,WHEAT-SRW - CHICAGO BOARD OF TRADE,510.75,0.0006001017894174455,-237,3.432622865910268,4353,-2.1841742648567823,0.044804153233392964,0.08662162104843464,-0.02667937112910912,-0.03377386196769461,-0.07903353759600294,-0.045468912673174565
2015-08-04,419980,121168,130898,168393,153200,001602,WHEAT-SRW - CHICAGO BOARD OF TRADE,493.5,-0.036175532168198486,15193,3.906991818865478,-9730,-3.5659213081712595,0.04797990006001374,0.06468543952774274,-0.03377386196769461,0.027862208713272496,-0.07765102129188022,-0.03932214313152831
2015-08-11,422938,120432,131829,170213,152754,001602,WHEAT-SRW - CHICAGO BOARD OF TRADE,507.25,-0.04128028221630593,17459,0.5395495023572551,-11397,-0.39692366303157295,0.00701619670121096,0.006608235121560606,0.027862208713272496,-0.025628388368654553,-0.07651443569576852,-0.03388686457840944
2015-08-18,415287,120266,127899,166515,149760,001602,WHEAT-SRW - CHICAGO BOARD OF TRADE,494.25,-0.04034559232530756,16755,-0.1664546576566778,-7633,0.8899649594030331,0.021158801675756858,0.016505147784739993,-0.025628388368654553,0.0015174506828528056,-0.07541841013908789,-0.01466181420029513
2015-08-25,372290,105381,119973,157956,133537,001602,WHEAT-SRW - CHICAGO BOARD OF TRADE,495.0,-0.06559134008434285,24419,1.8454707226568616,-14592,-1.6757086063373041,0.08501747897891201,0.10122296475767016,0.0015174506828528056,-0.022222222222222254,-0.07512937866688951,-0.007533956850136605
2015-09-01,367605,96037,133481,163228,120472,001602,WHEAT-SRW - CHICAGO BOARD OF TRADE,484.0,-0.11630962582119395,42756,4.925461333906363,-37444,-6.1382255768352625,0.06463517800493479,0.09956517571606584,-0.022222222222222254,-0.038739669421487655,-0.07630595715701248,-0.004628432486085419
2015-09-08,365375,90680,145831,168246,106181,001602,WHEAT-SRW - CHICAGO BOARD OF TRADE,465.25,-0.16986657543619568,62065,5.2526489030345065,-55151,-4.816855048217516,0.0703611525105037,0.07486755372900203,-0.038739669421487655,0.06340677055346577,-0.07890486322032314,-0.02149763448860026
2015-09-15,378364,96169,147540,171479,114131,001602,WHEAT-SRW - CHICAGO BOARD OF TRADE,494.75,-0.15156833102515038,57348,-1.2910023947998632,-51371,1.034553540882655,0.0391547914988971,0.029535224386460904,0.06340677055346577,0.001515917129863542,-0.08086874072856172,0.0009900920951720514
2015-09-22,375578,99813,144966,167138,115570,001602,WHEAT-SRW - CHICAGO BOARD OF TRADE,495.5,-0.13730303691909537,51568,-1.5276294784916111,-45153,1.6433910202873423,0.020445123590418383,0.02540250593392407,0.001515917129863542,0.01664984863773955,-0.08235385378620733,0.0009897090862531527
2015-09-29,365999,95585,132591,162706,120702,001602,WHEAT-SRW - CHICAGO BOARD OF TRADE,503.75,-0.11476534088890954,42004,-2.5464750331489063,-37006,2.169189888651625,0.033746400948455935,0.07276400673164575,0.01664984863773955,0.04466501240694787,-0.08318491755807149,0.010651289802146177
2015-10-06,373719,100932,126506,161650,128862,001602,WHEAT-SRW - CHICAGO BOARD OF TRADE,526.25,-0.08773436726524474,32788,-2.5180396667750458,-25574,3.1235058019284208,0.03172330230764994,0.0502642478389715,0.04466501240694787,-0.013776722090261262,-0.08329865380075083,0.03107162548506129
2015-10-13,371965,97749,129255,157742,120026,001602,WHEAT-SRW - CHICAGO BOARD OF TRADE,519.0,-0.10139663678034223,37716,1.3186378000583325,-31506,-1.5872888453624248,0.045880014976527175,0.026131698119856918,-0.013776722090261262,-0.053468208092485536,-0.08374006801976525,0.01218892631873705
2015-10-20,384922,89825,156752,175877,101689,001602,WHEAT-SRW - CHICAGO BOARD OF TRADE,491.25,-0.19273515153719456,74188,9.805223609748229,-66927,-9.522670143696315,0.13139937888646305,0.14365086768027838,-0.053468208092485536,0.03664122137404591,-0.08633518905589452,-0.0014836173005939707
2015-10-27,389786,99413,143884,168997,119686,001602,WHEAT-SRW - CHICAGO BOARD OF TRADE,509.25,-0.12650787868214866,49311,-6.4628678017884145,-44471,5.833909207579717,0.08617410793153736,0.092298713095517,0.03664122137404591,0.014236622484045114,-0.08726943765185391,0.003509161583633878
2015-11-03,387520,103632,134671,169468,129494,001602,WHEAT-SRW - CHICAGO BOARD OF TRADE,516.5,-0.10315338563170934,39974,-2.3954169723899783,-31039,3.445993442555659,0.03438229607776239,0.056365215712769035,0.014236622484045114,-0.04985479186834463,-0.0876304364695779,-0.004100165784433286
2015-11-10,379741,96594,129677,170087,128128,001602,WHEAT-SRW - CHICAGO BOARD OF TRADE,490.75,-0.11049373125367026,41959,0.5122316267547482,-33083,-0.5274566473988439,0.006656271481984474,0.05317517490089318,-0.04985479186834463,-0.0066225165562914245,-0.08813850968700218,-0.013198000744546601
2015-11-17,393780,93111,139291,182885,126595,001602,WHEAT-SRW - CHICAGO BOARD OF TRADE,487.5,-0.14294783889481436,56290,3.7738879920788113,-46180,-3.4489296652191888,0.04630670802636681,0.0563549367045034,-0.0066225165562914245,-0.00666666666666671,-0.08933001684369375,-0.0014008468696089184
2015-11-24,369719,90156,137457,165117,110863,001602,WHEAT-SRW - CHICAGO BOARD OF TRADE,484.25,-0.14674387845904593,54254,-0.5170399715577226,-47301,-0.2846767230433237,0.12138560765272846,0.021040098764130342,-0.00666666666666671,-0.05730511099638613,-0.09055158836742465,-0.012302200865906455
2015-12-01,370858,96915,164722,171411,96947,001602,WHEAT-SRW - CHICAGO BOARD OF TRADE,456.5,-0.2007884419373453,74464,5.466313605738412,-67807,-5.546374408672532,0.07530984729354072,0.13004276918020005,-0.05730511099638613,0.031215772179627566,-0.09284818948346467,-0.030574958020576547
2015-12-08,349793,93359,161704,164226,89078,001602,WHEAT-SRW - CHICAGO BOARD OF TRADE,470.75,-0.2148356313591181,75148,0.1844371700219491,-68345,-0.14506900215176696,0.05943056564444304,0.025774024456702852,0.031215772179627566,0.04992033988316513,-0.09533772911358003,-0.009893409288259509
2015-12-15,332506,95758,144674,148956,93820,001602,WHEAT-SRW - CHICAGO BOARD OF TRADE,494.25,-0.16581956415824076,55136,-5.721097906476116,-48916,5.5544279045035205,0.08242989422348172,0.08080871098689027,0.04992033988316513,-0.04552352048558417,-0.09674736581447325,0.0042819031540415565
2015-12-22,348420,97183,159957,156412,87499,001602,WHEAT-SRW - CHICAGO BOARD OF TRADE,471.75,-0.19778715343550887,68913,4.14338387878715,-62774,-4.167744341455492,0.0564837174215185,0.0649762775141946,-0.04552352048558417,0.008479067302596732,-0.09872853812076807,-0.005437888406049461
2015-12-29,360825,96939,172304,166100,88138,001602,WHEAT-SRW - CHICAGO BOARD OF TRADE,475.75,-0.21606595995288574,77962,2.597152861489007,-75365,-3.613742035474427,0.040619419598958456,0.04676444698655118,0.008479067302596732,-0.030478192327903275,-0.10098502700215493,0.010962605182023482
2016-01-05,400509,106695,195365,182725,88321,001602,WHEAT-SRW - CHICAGO BOARD OF TRADE,461.25,-0.23571005894998615,94404,4.556779602300284,-88670,-3.6873830804406564,0.06201161426473735,0.1086439780176124,-0.030478192327903275,0.04336043360433606,-0.10553750821085862,-0.004410287443198128
2016-01-12,394177,113675,180433,164337,91244,001602,WHEAT-SRW - CHICAGO BOARD OF TRADE,481.25,-0.18543192525185387,73093,-5.3209790541535895,-66758,5.471038104012644,0.08338256756175146,0.07450324370639357,0.04336043360433606,-0.014025974025974053,-0.10889039617165,-0.006058870921032337
2016-01-19,395396,107539,174866,167004,94845,001602,WHEAT-SRW - CHICAGO BOARD OF TRADE,474.5,-0.1824980525852563,72159,-0.23694939075592944,-67327,-0.14435139543910477,0.023937460139240554,0.04144048441068678,-0.014025974025974053,0.0216016859852477,-0.11188444633926922,0.00183215421822871
2016-01-26,387982,102133,157876,157461,99306,001602,WHEAT-SRW - CHICAGO BOARD OF TRADE,484.75,-0.14989097432355108,58155,-3.541765723477223,-55743,2.9297210897429413,0.05453971888910958,0.08613547992569488,0.0216016859852477,-0.01959773078906657,-0.11415521915738049,0.005101453738144911
2016-02-02,407498,107686,163693,163175,105825,001602,WHEAT-SRW - CHICAGO BOARD OF TRADE,475.25,-0.14073688705220638,57350,-0.2074838523436654,-56007,-0.06804439381208406,0.04547583643122677,0.04189712542237977,-0.01959773078906657,-0.03734876380852181,-0.11545083416335547,0.007804072548718112
2016-02-09,445244,115990,197463,187074,103983,001602,WHEAT-SRW - CHICAGO BOARD OF TRADE,457.5,-0.18661902237874065,83091,6.316840818850644,-81473,-6.249355825059264,0.08843972142913588,0.13422745993817256,-0.03734876380852181,0.014754098360655776,-0.11779246199098707,-0.012419499358442708
2016-02-16,460077,123512,202496,193697,112905,001602,WHEAT-SRW - CHICAGO BOARD OF TRADE,464.25,-0.17560538779378235,80792,-0.516346093378013,-78984,0.5590193242357,0.05070090866987169,0.03851132487546318,0.014754098360655776,-0.03500269251480881,-0.11998904351712615,-0.005160972500059502
2016-02-23,442878,120129,213735,199094,106613,001602,WHEAT-SRW - CHICAGO BOARD OF TRADE,448.0,-0.20881822985111023,92481,2.5406616718505814,-93606,-3.1781636552142363,0.03823595795974577,0.043796276328085686,-0.03500269251480881,-0.021205357142857095,-0.1224511122317607,-0.019487424609460475
2016-03-01,437577,122654,225003,192439,88546,001602,WHEAT-SRW - CHICAGO BOARD OF TRADE,438.5,-0.23742792697056747,103893,2.576781867692683,-102349,-1.9741328311634356,0.08798334430663558,0.03967416160180868,-0.021205357142857095,0.05188141391106038,-0.12524851902134707,-0.0198973241316941
2016-03-08,429740,117123,206870,186455,97127,001602,WHEAT-SRW - CHICAGO BOARD OF TRADE,461.25,-0.20786522083120026,89328,-3.3285570311053827,-89747,2.87995027160934,0.05136080569288601,0.07303861503180624,0.05188141391106038,0.03468834688346889,-0.12710095408612843,0.0026034736729244295
2016-03-15,415670,107378,178101,183415,112963,001602,WHEAT-SRW - CHICAGO BOARD OF TRADE,477.25,-0.16949022060769361,70452,-4.392423325731838,-70723,4.4268627542234835,0.06368893777540843,0.13491009846608681,0.03468834688346889,-0.022001047668936624,-0.1285963018872494,0.00756176543552751
2016-03-22,434245,108626,193515,192629,108795,001602,WHEAT-SRW - CHICAGO BOARD OF TRADE,466.75,-0.19305691487524324,83834,3.2193807587749896,-84889,-3.407991916664662,0.04439593396677106,0.05514643825233914,-0.022001047668936624,0.021424745581146265,-0.13029284569753308,0.010782498362832514
2016-03-29,432652,106256,184168,192421,118490,001602,WHEAT-SRW - CHICAGO BOARD OF TRADE,476.75,-0.17087867385335095,73931,-2.2805098504300565,-77912,1.6066966804453706,0.03185155880621786,0.04034446189020191,0.021424745581146265,-0.0057682223387519604,-0.1311842806877509,0.021270534370376355
2016-04-05,438769,111480,182998,193440,121115,001602,WHEAT-SRW - CHICAGO BOARD OF TRADE,474.0,-0.16483616663893758,72325,-0.3711990236957185,-71518,1.4778621155108493,0.011584619541892514,0.021712997235786714,-0.0057682223387519604,-0.04535864978902948,-0.1324383247583107,0.007060968201108677
2016-04-12,476076,114059,219744,208432,107653,001602,WHEAT-SRW - CHICAGO BOARD OF TRADE,452.5,-0.2116867895041968,100779,6.484961335007715,-105685,-7.78701321196347,0.09002008953287881,0.11780900710898344,-0.04535864978902948,0.07458563535911611,-0.1339512605167627,-0.013010058538843634
2016-04-19,448610,108136,190167,197988,122557,001602,WHEAT-SRW - CHICAGO BOARD OF TRADE,486.25,-0.16814382202804218,75431,-5.324359976138263,-82031,4.968534435678337,0.07907782058681308,0.11900651351142966,0.07458563535911611,-0.013367609254498758,-0.13438971315294335,0.01115839016560632
2016-04-26,397145,107192,169375,182963,119483,001602,WHEAT-SRW - CHICAGO BOARD OF TRADE,479.75,-0.15984086416799909,63480,-2.664006598158757,-62183,4.424332939524309,0.05984208751314284,0.0785921675398728,-0.013367609254498758,-0.04168837936425218,-0.13413118237983476,0.0025196116052731503
2016-05-03,391040,110308,171120,178820,115902,001602,WHEAT-SRW - CHICAGO BOARD OF TRADE,459.75,-0.16089914075286416,62918,-0.14151002782359087,-60812,0.3452139646728525,0.026207748318754623,0.017272623903804882,-0.04168837936425218,-0.01794453507340943,-0.13363088717740834,-0.006478188990131228
2016-05-10,407702,112754,183254,182778,116696,001602,WHEAT-SRW - CHICAGO BOARD OF TRADE,451.5,-0.16208407120887314,66082,0.8091243862520457,-70500,-2.4774959083469725,0.015867821580504485,0.049255425529039755,-0.01794453507340943,0.06699889258028802,-0.13347782179193365,0.0003961994193825322
2016-05-17,396200,108301,174422,175040,114515,001602,WHEAT-SRW - CHICAGO BOARD OF TRADE,481.75,-0.15276375567895004,60525,-1.3630053323260618,-66121,1.0740688051567076,0.03425601353801523,0.04698945611075151,0.06699889258028802,-0.0368448365334717,-0.1337462387574442,-0.0015015345169044837
2016-05-24,418296,100226,179107,193000,119147,001602,WHEAT-SRW - CHICAGO BOARD OF TRADE,464.0,-0.17655679231931456,73853,3.363957597173145,-78881,-3.2205956587582034,0.07237615610593727,0.04568024544182034,-0.0368448365334717,0.0010775862068965747,-0.13412346489155252,-0.007397005109195227
2016-05-31,415685,102518,181112,193475,119471,001602,WHEAT-SRW - CHICAGO BOARD OF TRADE,464.5,-0.17802903640978143,74004,0.03609883909958498,-78594,0.06861170080517145,0.002553156135563324,0.015150019391460707,0.0010775862068965747,0.09580193756727673,-0.13485022252382178,0.0033162718818977575
2016-06-07,410803,107306,156200,187597,147322,001602,WHEAT-SRW - CHICAGO BOARD OF TRADE,509.0,-0.09803969299153122,40275,-8.114076764858005,-48894,7.144833227083007,0.10070793236573619,0.1127109060135253,0.09580193756727673,-0.047151277013752435,-0.1356194142520257,0.031264526235089414
2016-06-14,419835,111784,156488,197030,156188,001602,WHEAT-SRW - CHICAGO BOARD OF TRADE,485.0,-0.09728107470792097,40842,0.13802236108304955,-44704,1.019953603065216,0.05180653307589081,0.017765551380688256,-0.047151277013752435,-0.05463917525773199,-0.13563469747429183,0.003215676721897145
2016-06-21,417107,117956,169162,198862,151594,001602,WHEAT-SRW - CHICAGO BOARD OF TRADE,458.5,-0.11332343978883117,47268,1.5306013076565794,-51206,-1.5487036573892123,0.01833611066724496,0.06563851796125635,-0.05463917525773199,-0.03217011995637953,-0.13575119181096457,-0.0012284864048451802
2016-06-28,397489,107849,177677,186836,121397,001602,WHEAT-SRW - CHICAGO BOARD OF TRADE,443.75,-0.16463097091995,65439,4.356436118310169,-69828,-4.464561851035826,0.1369840348048392,0.06521997996679813,-0.03217011995637953,-0.054647887323943656,-0.13885298215732875,-0.009585452681103756
2016-07-05,431701,114070,197714,202764,120959,001602,WHEAT-SRW - CHICAGO BOARD OF TRADE,419.5,-0.18949458073991027,81805,4.1173466435549155,-83644,-3.475819456639052,0.05055556756856942,0.08421856156826521,-0.054647887323943656,0.010727056019070424,-0.14320966143491703,-0.048300004949441665
2016-07-12,453533,123972,214606,198458,114141,001602,WHEAT-SRW - CHICAGO BOARD OF TRADE,424.0,-0.18591149927348175,84317,0.5818842207917053,-90634,-1.6191762354036705,0.03558552650520315,0.07913686063477249,0.010727056019070424,-0.014150943396226467,-0.14754348292644373,-0.03322853506053748
2016-07-19,465177,131171,223292,196711,111440,001602,WHEAT-SRW - CHICAGO BOARD OF TRADE,418.0,-0.18330871904672846,85271,0.2103485303164268,-92121,-0.32787029830243886,0.014434481796262222,0.04481426834394563,-0.014150943396226467,-0.0071770334928229484,-0.1517399054989309,-0.022818854677673025
2016-07-26,471210,126563,229572,196658,100987,001602,WHEAT-SRW - CHICAGO BOARD OF TRADE,415.0,-0.203032618153265,95671,2.23570812830385,-103009,-2.3406144327857996,0.035297082094441365,0.03057267609193143,-0.0071770334928229484,-0.033132530120481896,-0.15565591934398249,-0.016446710777910812
2016-08-02,488242,133803,232579,199309,108281,001602,WHEAT-SRW - CHICAGO BOARD OF TRADE,401.25,-0.1864403308195526,91028,-0.9853356253050658,-98776,0.8983255873177564,0.03233200039012972,0.027968077034352123,-0.033132530120481896,0.03925233644859816,-0.15854562701035466,-0.010993571214299188
2016-08-09,451314,131969,220190,177266,98938,001602,WHEAT-SRW - CHICAGO BOARD OF TRADE,417.0,-0.17355544033643983,78328,-2.6011690923763218,-88221,2.1618377771678796,0.11363340139896598,0.040388006553857776,0.03925233644859816,0.015587529976019088,-0.16108938005112647,-0.003809288776930618
2016-08-16,440857,132807,207769,168044,99701,001602,WHEAT-SRW - CHICAGO BOARD OF TRADE,423.5,-0.155023057363272,68343,-2.2124285973845264,-74962,2.9378658760862724,0.03729294664699621,0.03893110495161139,0.015587529976019088,-0.037190082644628086,-0.16329471591724115,0.0036259938343177495
2016-08-23,451533,138200,212384,168971,103968,001602,WHEAT-SRW - CHICAGO BOARD OF TRADE,407.75,-0.143960685044061,65003,-0.7576152811455868,-74184,0.17647445770397205,0.019029893126302946,0.02854665358373457,-0.037190082644628086,-0.10913549969343961,-0.16480181870492808,-0.003878197079220127
2016-08-30,439470,136657,228844,173536,87404,001602,WHEAT-SRW - CHICAGO BOARD OF TRADE,363.25,-0.19599062507110837,86132,4.679392203892075,-92187,-3.9870840005049466,0.08097263738790526,0.049255679191028204,-0.10913549969343961,0.021335168616655187,-0.1663341456135803,-0.023137037827225704
2016-09-06,451070,142330,242448,176487,83617,001602,WHEAT-SRW - CHICAGO BOARD OF TRADE,371.0,-0.20588822134036847,92870,1.5332104580517443,-100118,-1.8046738116367442,0.025905022606342077,0.05009901813513246,0.021335168616655187,0.010107816711590223,-0.16702686957327592,-0.027731714946983788
2016-09-13,459288,141887,234460,181590,96668,001602,WHEAT-SRW - CHICAGO BOARD OF TRADE,374.75,-0.18489923533817562,84922,-1.762032500498814,-92573,1.6726893830225908,0.06524161030410626,0.022402197971552847,0.010107816711590223,0.08338892595063374,-0.16766784850237254,-0.029141158196990223
2016-09-20,460079,141289,235964,184846,97302,001602,WHEAT-SRW - CHICAGO BOARD OF TRADE,406.0,-0.1902803648938552,87544,0.5708836285729215,-94675,-0.4576649074219227,0.013787090463161178,0.005571857612795657,0.08338892595063374,-0.0049261083743842304,-0.16868664327111793,0.001423089823529503
2016-09-27,465882,146279,240190,184829,98506,001602,WHEAT-SRW - CHICAGO BOARD OF TRADE,404.0,-0.18528940804753136,86323,-0.2653892048974198,-93911,0.1660584377900317,0.004309386415374027,0.02384667334249319,-0.0049261083743842304,-0.02103960396039606,-0.17004287533186063,0.02710574812426894
2016-10-04,477960,146986,260306,191606,89346,001602,WHEAT-SRW - CHICAGO BOARD OF TRADE,395.5,-0.2139509582391832,102260,3.4208232986035094,-113320,-4.1660763884417085,0.05672499216948091,0.05112548245484812,-0.02103960396039606,0.02970922882427307,-0.17247011746597485,0.016741827807165505
2016-10-11,480709,149937,242474,178871,97607,001602,WHEAT-SRW - CHICAGO BOARD OF TRADE,407.25,-0.1690502986214113,81264,-4.392836220604234,-92537,4.348271821909783,0.07594094285982972,0.05296232776349287,0.02970922882427307,0.03130755064456725,-0.17377114942445696,0.021549248721418352
2016-10-18,476586,158075,221179,169537,113711,001602,WHEAT-SRW - CHICAGO BOARD OF TRADE,420.0,-0.11713730575384086,55826,-5.291766952563817,-63104,6.122831068276233,0.08980822459470146,0.07760761916815644,0.03130755064456725,-0.03749999999999998,-0.172317344697854,0.008724596565072072
2016-10-25,497116,153310,240022,189315,111004,001602,WHEAT-SRW - CHICAGO BOARD OF TRADE,404.25,-0.15753063671255804,78311,4.717931286273621,-86712,-4.953565568438854,0.07487038782095039,0.060020542442516756,-0.03749999999999998,0.02473716759431044,-0.17291393619843878,0.0006191021937926895
2016-11-01,495525,151746,227125,185523,120203,001602,WHEAT-SRW - CHICAGO BOARD OF TRADE,414.25,-0.13181978709449574,65320,-2.613273360744776,-75379,2.2797495956678118,0.04249229702413272,0.03816866426831296,0.02473716759431044,0.002414001207000638,-0.17346521314964625,0.011991302855869489
2016-11-08,496516,150306,229183,196609,126182,001602,WHEAT-SRW - CHICAGO BOARD OF TRADE,415.25,-0.14184235754739022,70427,1.0306240855658142,-78877,-0.705917965793855,0.052867025412728356,0.009217658482854576,0.002414001207000638,-0.03913305237808551,-0.17406807134760235,0.005226000501781723
2016-11-15,512485,146151,239413,205304,121492,001602,WHEAT-SRW - CHICAGO BOARD OF TRADE,399.0,-0.16354039630428208,83812,2.69578422447615,-93262,-2.8971876032192316,0.04095827366308033,0.037308981128943576,-0.03913305237808551,0.020676691729323293,-0.17446408206701522,-0.012447622093983165
2016-11-22,503117,154536,227196,187823,123230,001602,WHEAT-SRW - CHICAGO BOARD OF TRADE,407.25,-0.12838564389595264,64593,-3.750158541225597,-72660,4.020020098149215,0.06178689805274342,0.05396980080265736,0.020676691729323293,-0.057090239410681365,-0.17411103909464803,0.0021713429658568044
2016-11-29,444341,143935,235779,168436,78443,001602,WHEAT-SRW - CHICAGO BOARD OF TRADE,384.0,-0.20253138918083183,89993,5.048527479691602,-91844,-3.813029573637941,0.2599411047517205,0.05052223515593315,-0.057090239410681365,0.01432291666666674,-0.17414455731086892,-0.018452352035644198
2016-12-06,436214,146019,237381,165221,78780,001602,WHEAT-SRW - CHICAGO BOARD OF TRADE,389.5,-0.19816191135543562,86441,-0.799386057104791,-91362,0.10847524761388214,0.014557317388043492,0.009613980177360459,0.01432291666666674,0.021822849807445532,-0.17382390884925966,-0.015424265591176345
2016-12-13,443306,150854,221125,165318,99746,001602,WHEAT-SRW - CHICAGO BOARD OF TRADE,398.0,-0.14791588654338086,65572,-4.784119721054345,-70271,4.835012172924299,0.07946382760389943,0.056699437333827984,0.021822849807445532,0.013190954773869334,-0.1734796073566662,-6.694754274812545e-05
2016-12-20,447386,146691,230309,170507,91208,001602,WHEAT-SRW - CHICAGO BOARD OF TRADE,403.25,-0.1772496233677406,79299,3.0965067019169603,-83618,-3.0107871312366625,0.05245018436085054,0.03540318302387268,0.013190954773869334,0.015499070055796649,-0.17308465485536295,-0.0019402606295325724
2016-12-27,446777,144895,228691,170572,95030,001602,WHEAT-SRW - CHICAGO BOARD OF TRADE,409.5,-0.16908211479104787,75542,-0.8397670020966235,-83796,-0.039786671911950754,0.014634678955730755,0.009138458079264212,0.015499070055796649,-0.0073260073260073,-0.17218111937148145,0.01607898532072536
2017-01-03,457848,153838,226282,166839,104544,001602,WHEAT-SRW - CHICAGO BOARD OF TRADE,406.5,-0.13606043927242228,62295,-2.9650138659778813,-72444,2.5408649057583537,0.04881293227652432,0.02986425339366516,-0.0073260073260073,0.04981549815498165,-0.1702647805315283,0.010738848433805568
2017-01-10,463755,156632,203818,167325,123928,001602,WHEAT-SRW - CHICAGO BOARD OF TRADE,426.75,-0.09357742773662818,43397,-4.1275707221610665,-47186,5.516678024147752,0.06822247324491078,0.070073519212096,0.04981549815498165,0.01581722319859402,-0.1684983478870047,0.017638403635728033
2017-01-17,480997,157831,209540,184501,137612,001602,WHEAT-SRW - CHICAGO BOARD OF TRADE,433.5,-0.09748293648401134,46889,0.7529837953229616,-51709,-0.9752994576877878,0.09580488834663611,0.01883926602807516,0.01581722319859402,-0.01557093425605538,-0.16686344180813462,0.018283283502073297
2017-01-24,477653,152656,210914,186470,131524,001602,WHEAT-SRW - CHICAGO BOARD OF TRADE,426.75,-0.1150332982311427,54946,1.675062422426751,-58258,-1.3615469535153026,0.025336956043195785,0.018013037379321726,-0.01557093425605538,-0.01405975395430581,-0.16619310188328063,0.010627274885616295
2017-01-31,494355,148242,212316,199926,139426,001602,WHEAT-SRW - CHICAGO BOARD OF TRADE,420.75,-0.12238168927187952,60500,1.1627687882207376,-64074,-1.2176203227028826,0.06293759871755582,0.016130553198098502,-0.01405975395430581,0.023767082590612,-0.16584011731058204,0.00896024512338027
2017-02-07,476111,150093,201992,187513,139906,001602,WHEAT-SRW - CHICAGO BOARD OF TRADE,430.75,-0.09999138856275112,47607,-2.608044826086517,-51899,2.4628050692316252,0.03937767814329651,0.03457971796583211,0.023767082590612,0.04352872896111437,-0.16417420127565915,0.0024853134431250565
2017-02-14,468083,159687,182730,178291,156738,001602,WHEAT-SRW - CHICAGO BOARD OF TRADE,449.5,-0.04604525265818241,21553,-5.472253319078954,-23043,6.060771542770489,0.07776640231144169,0.08427151689314491,0.04352872896111437,-0.030033370411568394,-0.16168266021535915,0.009372224014617498
2017-02-21,452102,167062,175389,165306,159015,001602,WHEAT-SRW - CHICAGO BOARD OF TRADE,436.0,-0.01391500148196646,6291,-3.260532854216026,-8327,3.1438868747636635,0.047058315681069066,0.04297257125836981,-0.030033370411568394,-0.02580275229357798,-0.15793452120826024,0.005783912678016853
2017-02-28,400986,157368,180884,144650,124320,001602,WHEAT-SRW - CHICAGO BOARD OF TRADE,424.75,-0.050700024439756,20330,3.1052727039473393,-23516,-3.359640081220609,0.2057887496746849,0.04490439080921916,-0.02580275229357798,0.026486168334314275,-0.15434360000574465,0.002860826143418625
2017-03-07,415912,158764,185246,157325,131509,001602,WHEAT-SRW - CHICAGO BOARD OF TRADE,436.0,-0.0620708226740272,25816,1.3681275655509169,-26482,-0.7396766969420379,0.06877306688270772,0.01673788552658353,0.026486168334314275,-0.05504587155963303,-0.15153986157964516,0.0035384260278705686
2017-03-14,453186,162166,219908,178458,124699,001602,WHEAT-SRW - CHICAGO BOARD OF TRADE,412.0,-0.11862458240104505,53759,6.71848852641905,-57742,-7.516013002750582,0.09217336231721517,0.09962468003580459,-0.05504587155963303,0.03519417475728148,-0.1505616762295173,-0.021324720705121696
2017-03-21,486477,169431,242246,190026,121555,001602,WHEAT-SRW - CHICAGO BOARD OF TRADE,426.5,-0.1407486890438808,68471,3.2463491811309266,-72815,-3.3260074230007106,0.047217256507938545,0.07190831647140841,0.03519417475728148,-0.004689331770222793,-0.14955574880968342,-0.004803588972700609
2017-03-28,507879,163608,252313,200778,116354,001602,WHEAT-SRW - CHICAGO BOARD OF TRADE,424.5,-0.1662285701909313,84424,3.2792917239663955,-88705,-3.266341471436471,0.050303974370293755,0.03820437054152111,-0.004689331770222793,0.005889281507656108,-0.14946632373925225,0.00048616674223048303
2017-04-04,513555,164240,251171,197973,116818,001602,WHEAT-SRW - CHICAGO BOARD OF TRADE,427.0,-0.15802591737983274,81155,-0.6436572490691681,-86931,0.34929579683349776,0.010384667922526375,0.004270469486845558,0.005889281507656108,0.014637002341920446,-0.1493353574073464,-0.004673842169883526
2017-04-11,507288,164428,249713,202419,119842,001602,WHEAT-SRW - CHICAGO BOARD OF TRADE,433.25,-0.16278129977448708,82577,0.2768934194000643,-85285,0.3205109481944485,0.023179969031313127,0.003974491779369828,0.014637002341920446,-0.024812463935372175,-0.1483948672202366,0.012677086812598408
2017-04-18,512255,163168,266050,217280,120398,001602,WHEAT-SRW - CHICAGO BOARD OF TRADE,422.5,-0.1891284614108208,96882,2.8198971787229343,-102882,-3.468838214189967,0.045655920729215406,0.040997814630327714,-0.024812463935372175,-0.03254437869822491,-0.1487984179775977,-0.002246399230478896
2017-04-25,497823,150101,280137,218524,95990,001602,WHEAT-SRW - CHICAGO BOARD OF TRADE,408.75,-0.24613969221992554,122534,5.007662199490488,-130036,-5.300875540502289,0.08156075723179254,0.06311390439710114,-0.03254437869822491,0.08012232415902143,-0.15045801082475016,-0.009250292030496076
2017-05-02,438524,147534,232519,171408,93216,001602,WHEAT-SRW - CHICAGO BOARD OF TRADE,441.5,-0.17830723061907672,78192,-8.907181869861375,-84985,9.049601966964161,0.18853165245782696,0.1320473723401736,0.08012232415902143,-0.044733861834654554,-0.15079278178371577,0.009307174534690233
2017-05-09,423436,149622,225915,162606,90174,001602,WHEAT-SRW - CHICAGO BOARD OF TRADE,421.75,-0.17105772773217204,72432,-1.3134970947998286,-76293,1.9821036020833522,0.046854972703536675,0.023145522278763476,-0.044733861834654554,0.005927682276229973,-0.15096535210147152,-0.005507232079486784
2017-05-16,447119,156694,246094,170968,87798,001602,WHEAT-SRW - CHICAGO BOARD OF TRADE,424.25,-0.18601311954982902,83170,2.535920422448729,-89400,-3.0953910390236072,0.041496950913180244,0.06765593811136379,0.005927682276229973,0.012374779021803173,-0.15160476294514227,0.002190540488943416
2017-05-23,457189,158881,235570,160825,91783,001602,WHEAT-SRW - CHICAGO BOARD OF TRADE,429.5,-0.15101413201105013,69042,-3.1597852025970714,-76689,2.842867335094237,0.05592855333164429,0.032224534859843175,0.012374779021803173,0.0,-0.1511135579392141,0.013333444147172774
2017-05-30,468113,155265,239000,175752,95996,001602,WHEAT-SRW - CHICAGO BOARD OF TRADE,429.5,-0.17037766522185882,79756,2.343450957918935,-83735,-1.5411569394714222,0.07043290107010908,0.017871228742089712,0.0,0.014551804423748482,-0.15096641618560022,-0.006629778629374641
2017-06-06,475391,156039,232629,176182,106378,001602,WHEAT-SRW - CHICAGO BOARD OF TRADE,435.75,-0.14683492114911725,69804,-2.125982401685063,-76590,1.5263408621422605,0.03826443941109853,0.018383298856607697,0.014551804423748482,0.021227768215720033,-0.1519047859578615,0.008180018666364378
2017-06-13,446411,150961,211477,158707,100147,001602,WHEAT-SRW - CHICAGO BOARD OF TRADE,445.0,-0.13117956322760863,58560,-2.365210952668435,-60516,3.3812167247591978,0.09158058210419773,0.07237099862597189,0.021227768215720033,0.061797752808988804,-0.15255667996785546,0.011966700489435165
2017-06-20,445204,164437,175520,145084,133341,001602,WHEAT-SRW - CHICAGO BOARD OF TRADE,472.5,-0.026376672267095534,11743,-10.487420784882092,-11083,11.073427850120181,0.1681494118703421,0.14540956650399903,0.061797752808988804,-0.040740740740740744,-0.15088462674628364,0.024101541710306654
2017-06-27,404793,146297,155476,143586,133660,001602,WHEAT-SRW - CHICAGO BOARD OF TRADE,453.25,-0.024521175020319027,9926,-0.40812751008526427,-9179,0.42766911348505404,0.00655374649228483,0.12653219472915073,-0.040740740740740744,0.18146718146718155,-0.14819020759436768,0.014109142457749031
2017-07-11,436850,172136,144698,156652,183493,001602,WHEAT-SRW - CHICAGO BOARD OF TRADE,535.5,0.06144214261188051,-26841,-9.08291398319635,27438,9.045858006437859,0.18491819665142806,0.11557156113295922,0.18146718146718155,-0.059290382819794596,-0.143364501376064,0.05442946238357633
2017-07-18,437388,164819,142637,156941,182012,001602,WHEAT-SRW - CHICAGO BOARD OF TRADE,503.75,0.05731981673022579,-25071,0.4051734004807142,22182,-1.2031589790545953,0.00522196292701348,0.030501925478767695,-0.059290382819794596,-0.05905707196029775,-0.13868697606830038,0.03518223550622507
2017-07-25,426512,150830,130064,161706,178225,001602,WHEAT-SRW - CHICAGO BOARD OF TRADE,474.0,0.0387304460366883,-16519,1.955243399453117,20766,-0.3237400203023402,0.02515804678008184,0.09456236160259743,-0.05905707196029775,-0.026898734177215222,-0.13441699212438854,0.0055791540226836165
2017-08-01,442403,154638,139125,167472,176997,001602,WHEAT-SRW - CHICAGO BOARD OF TRADE,461.25,0.021530143330854446,-9525,1.639813182278576,15513,-1.2316183366470346,0.02030371383201391,0.043807422990642116,-0.026898734177215222,-0.009214092140921393,-0.13009847748046316,0.009014495201956428
2017-08-08,445752,152086,156039,167176,158672,001602,WHEAT-SRW - CHICAGO BOARD OF TRADE,457.0,-0.019077872897934278,8504,4.075243612724145,-3953,-4.400060578251052,0.05714627679163291,0.06317565922920892,-0.009214092140921393,-0.060175054704595166,-0.12687996867427817,-0.03938039898792509
2017-08-15,449958,156062,168890,164175,145341,001602,WHEAT-SRW - CHICAGO BOARD OF TRADE,429.5,-0.041857240009067515,18834,2.317432114718498,-12828,-1.9910174267305587,0.05276625441011127,0.051783032570964324,-0.060175054704595166,-0.06344586728754364,-0.12434731097567488,-0.039610476876881566
2017-08-22,473499,166688,194288,171399,139241,001602,WHEAT-SRW - CHICAGO BOARD OF TRADE,402.25,-0.0679156661365705,32158,2.961165264313558,-27600,-3.282973077487232,0.042892093741952096,0.09979610832853153,-0.06344586728754364,0.0012430080795524656,-0.12267216883669985,-0.04075266054637815
2017-08-29,440230,158222,191455,164440,128230,001602,WHEAT-SRW - CHICAGO BOARD OF TRADE,402.75,-0.08225245894191673,36210,0.8557568231400701,-33233,-1.1896540436199443,0.06140021184268972,0.03231267712774932,0.0012430080795524656,0.06890130353817514,-0.12148547218088937,-0.03345130978775006
2017-09-05,438652,165122,201153,159389,119778,001602,WHEAT-SRW - CHICAGO BOARD OF TRADE,430.5,-0.0903016514229959,39611,0.7725507121277514,-36031,-0.6355768575517343,0.04836889746997317,0.04531567811070917,0.06890130353817514,-0.025551684088269466,-0.11945299191842566,-0.01345932429544878
2017-09-12,435529,166639,197781,153572,119577,001602,WHEAT-SRW - CHICAGO BOARD OF TRADE,419.5,-0.07805450383326942,33995,-1.2802859670080153,-31142,1.1145509424327258,0.02203193129024818,0.013415838867241096,-0.025551684088269466,0.05601907032181175,-0.1169946511971353,-0.004724452611177827
2017-09-19,430599,170497,200876,149990,115649,001602,WHEAT-SRW - CHICAGO BOARD OF TRADE,443.0,-0.07975169473222186,34341,0.07944361913902404,-30379,0.17518925261004434,0.028271451104694718,0.01872241654616787,0.05601907032181175,0.024266365688487612,-0.11497258310855928,0.02484179605983504
2017-09-26,426974,166425,189802,150254,120548,001602,WHEAT-SRW - CHICAGO BOARD OF TRADE,453.75,-0.0695733229658012,29706,-1.0764075160416071,-23377,1.6261068883113987,0.019065590357530596,0.04251783273025346,0.024266365688487612,-0.012672176308539895,-0.1126512938407121,0.03044070826269882
2017-10-03,439038,164179,183321,161574,134260,001602,WHEAT-SRW - CHICAGO BOARD OF TRADE,448.0,-0.06221329361012031,27314,-0.5602214654756495,-19142,0.9918636731978996,0.0846150205858691,0.0251136690647482,-0.012672176308539895,-0.028459821428571397,-0.11028444548614648,0.010460491692432912
2017-10-10,460988,166981,191036,166745,134888,001602,WHEAT-SRW - CHICAGO BOARD OF TRADE,435.25,-0.06910592032764411,31857,1.0347623668110733,-24055,-1.1190375320587285,0.019225350011437742,0.02937570003659044,-0.028459821428571397,-0.0011487650775416913,-0.10749896398784765,0.009740763913666793
2017-10-17,478128,167119,198733,172063,134356,001602,WHEAT-SRW - CHICAGO BOARD OF TRADE,434.75,-0.07886381889368538,37707,1.2690135101130615,-31614,-1.6397389953751507,0.01909150542231389,0.02141576375146234,-0.0011487650775416913,0.0074755606670500185,-0.10576460860846831,-0.004513771035945362
2017-10-24,514130,170805,203708,188476,149402,001602,WHEAT-SRW - CHICAGO BOARD OF TRADE,438.0,-0.07600023340400287,39074,0.2859067028076164,-32903,-0.26959307967740853,0.0931075713719153,0.023126033008199983,0.0074755606670500185,-0.044520547945205435,-0.10497351106327911,-0.008739377895019234
2017-10-31,564126,164439,235682,224046,153846,001602,WHEAT-SRW - CHICAGO BOARD OF TRADE,418.5,-0.12444028461726636,70200,6.0541108280007,-71243,-7.457257891972848,0.10588739639897113,0.09582101414322168,-0.044520547945205435,0.020908004778972478,-0.10433715813836966,-0.01680378962300658
2017-11-07,569478,164198,243244,232008,150404,001602,WHEAT-SRW - CHICAGO BOARD OF TRADE,427.25,-0.14329614137859584,81604,2.021534196261119,-79046,-1.3832016251688453,0.029821239919249395,0.019151192071509563,0.020908004778972478,0.0017554125219425565,-0.10455785725921775,-0.0043308012907669
2017-11-14,560679,166919,233690,220147,150535,001602,WHEAT-SRW - CHICAGO BOARD OF TRADE,428.0,-0.12415660297603441,69612,-2.1057881077056533,-66771,2.1554827403341306,0.03235117971738579,0.030640849306930198,0.0017554125219425565,-0.007593457943925186,-0.10421774659438397,-0.003601871452163623
2017-11-21,546635,172456,239281,214040,144744,001602,WHEAT-SRW - CHICAGO BOARD OF TRADE,424.75,-0.12676831889652143,69296,-0.0563602346440655,-66825,-0.009631179337909928,0.03316201391366393,0.027026961385544657,-0.007593457943925186,-0.03296056503825784,-0.10351059125961934,-0.007389885212087941
2017-11-28,518578,167175,249464,206405,123393,001602,WHEAT-SRW - CHICAGO BOARD OF TRADE,410.75,-0.1600762084006649,83012,2.5091697384909493,-82289,-2.828944359581805,0.08789016306951528,0.03711606450668324,-0.03296056503825784,-0.011564211807668867,-0.1041200251924023,-0.0044826836506365085
2017-12-05,495710,168309,242380,196333,119289,001602,WHEAT-SRW - CHICAGO BOARD OF TRADE,406.0,-0.15542151661253556,77044,-1.150839410850441,-74071,1.5847182101824606,0.04491448631590954,0.02001027541521687,-0.011564211807668867,-0.0461822660098522,-0.10321406610455043,-0.0126706401643844
2017-12-12,529532,174895,274758,213438,113062,001602,WHEAT-SRW - CHICAGO BOARD OF TRADE,387.25,-0.18955606082351964,100376,4.706784208509007,-99863,-5.203042101228541,0.07146094946401226,0.08665348613264005,-0.0461822660098522,0.08327953518398967,-0.10304856897893666,-0.024882133878320445
2017-12-19,537280,176465,275149,218669,119584,001602,WHEAT-SRW - CHICAGO BOARD OF TRADE,419.5,-0.18441966944609886,99085,-0.24380018582446386,-98684,0.2226494338396924,0.03474618111295391,0.0043422037403623446,0.08327953518398967,0.006555423122765136,-0.10375056480398892,-0.0018586030510336403
2017-12-26,523486,164196,258963,215847,119512,001602,WHEAT-SRW - CHICAGO BOARD OF TRADE,422.25,-0.18402593383586188,96335,-0.5118374032162002,-94767,0.7290425848719475,0.008629558174970704,0.06724422734716738,0.006555423122765136,,-0.10388087846683741,0.007990113974180672
